-- MySQL dump 10.13  Distrib 8.0.36, for Linux (x86_64)
--
-- Host: localhost    Database: sisfin_transaction
-- ------------------------------------------------------
-- Server version	8.0.36

/*!40101 SET @OLD_CHARACTER_SET_CLIENT=@@CHARACTER_SET_CLIENT */;
/*!40101 SET @OLD_CHARACTER_SET_RESULTS=@@CHARACTER_SET_RESULTS */;
/*!40101 SET @OLD_COLLATION_CONNECTION=@@COLLATION_CONNECTION */;
/*!50503 SET NAMES utf8mb4 */;
/*!40103 SET @OLD_TIME_ZONE=@@TIME_ZONE */;
/*!40103 SET TIME_ZONE='+00:00' */;
/*!40014 SET @OLD_UNIQUE_CHECKS=@@UNIQUE_CHECKS, UNIQUE_CHECKS=0 */;
/*!40014 SET @OLD_FOREIGN_KEY_CHECKS=@@FOREIGN_KEY_CHECKS, FOREIGN_KEY_CHECKS=0 */;
/*!40101 SET @OLD_SQL_MODE=@@SQL_MODE, SQL_MODE='NO_AUTO_VALUE_ON_ZERO' */;
/*!40111 SET @OLD_SQL_NOTES=@@SQL_NOTES, SQL_NOTES=0 */;

--
-- Table structure for table `acc_account`
--

DROP TABLE IF EXISTS `acc_account`;
/*!40101 SET @saved_cs_client     = @@character_set_client */;
/*!50503 SET character_set_client = utf8mb4 */;
CREATE TABLE `acc_account` (
  `acc_identity` int NOT NULL AUTO_INCREMENT,
  `acc_name` varchar(50) NOT NULL,
  `acc_level` varchar(9) NOT NULL,
  `acc_note` varchar(200) DEFAULT NULL,
  `acc_icon` varchar(50) NOT NULL,
  `acc_is_inactive` varchar(1) NOT NULL,
  `acc_identity_parent` int DEFAULT NULL,
  `usr_identity` int NOT NULL,
  PRIMARY KEY (`acc_identity`),
  UNIQUE KEY `un_acc_level_by_user` (`acc_level`,`usr_identity`),
  UNIQUE KEY `un_acc_name_by_parent` (`acc_name`,`acc_identity_parent`),
  CONSTRAINT `acc_account_chk_1` CHECK ((`acc_is_inactive` in (_latin1'0',_latin1'1')))
) ENGINE=InnoDB AUTO_INCREMENT=92 DEFAULT CHARSET=utf8mb4 COLLATE=utf8mb4_0900_ai_ci;
/*!40101 SET character_set_client = @saved_cs_client */;

--
-- Dumping data for table `acc_account`
--

LOCK TABLES `acc_account` WRITE;
/*!40000 ALTER TABLE `acc_account` DISABLE KEYS */;
INSERT INTO `acc_account` VALUES (1,'Saldo','01.',NULL,'fa-sack-dollar','0',NULL,1),(2,'Entrada','02.',NULL,'fa-hand-holding-dollar','0',NULL,1),(3,'Outcoming','03.',NULL,'fa-bag-shopping','0',NULL,1),(4,'Banco do Brasil','01.01.',NULL,'fa-font-awesome','0',1,1),(5,'Conta Corrente','01.01.01.',NULL,'fa-font-awesome','0',4,1),(7,'Poupança','01.01.02.',NULL,'fa-font-awesome','0',4,1),(8,'Proventos','02.01.',NULL,'fa-font-awesome','0',2,1),(9,'Salário','02.01.01.',NULL,'fa-font-awesome','0',8,1),(11,'Benefícios','01.02.',NULL,'fa-font-awesome','0',1,1),(12,'Cartão Alimentação','01.02.01.',NULL,'fa-font-awesome','0',11,1),(13,'Cartão Flexível','01.02.02.',NULL,'fa-font-awesome','0',11,1),(14,'Cartão Alimentação','02.01.02.',NULL,'fa-font-awesome','0',8,1),(15,'Cartão Flexível','02.01.03.',NULL,'fa-font-awesome','0',8,1),(16,'Lazer e Entretenimento','03.01.',NULL,'fa-font-awesome','0',3,1),(17,'Alimentação','03.01.01.',NULL,'fa-utensils','0',16,1),(18,'Moradia','03.02.',NULL,'fa-font-awesome','0',3,1),(19,'Supermercado','03.02.01.',NULL,'fa-font-awesome','0',18,1),(20,'Condomínio','03.02.02.',NULL,'fa-font-awesome','0',18,1),(21,'Energia Elétrica','03.02.03.',NULL,'fa-bolt','0',18,1),(22,'Automóvel','03.03.',NULL,'fa-font-awesome','0',3,1),(23,'Combustível','03.03.01.',NULL,'fa-gas-pump','0',22,1),(24,'Manutenção','03.03.02.',NULL,'fa-wrench','0',22,1),(25,'Água Mineral','03.02.04.',NULL,'fa-font-awesome','0',18,1),(26,'Bens de Consumo','03.04.',NULL,'fa-font-awesome','0',3,1),(27,'Vestuário, Cosméticos e Acessórios','03.04.01.',NULL,'fa-font-awesome','0',26,1),(28,'Eletrodomésticos','03.04.02.',NULL,'fa-font-awesome','0',26,1),(29,'Móveis','03.04.03.',NULL,'fa-font-awesome','0',26,1),(30,'Eletrônicos e Tecnologia','03.04.04.',NULL,'fa-font-awesome','0',26,1),(31,'Internet e Serviços de Streamimg','03.02.05.',NULL,'fa-wifi','0',18,1),(32,'Despesas Pessoais','03.05.',NULL,'fa-font-awesome','0',3,1),(33,'Medicamentos','03.05.01.',NULL,'fa-font-awesome','0',32,1),(34,'Plano de Saúde','03.05.02.',NULL,'fa-heart-pulse','0',32,1),(35,'Plano Odontológico','03.05.03.',NULL,'fa-heart-pulse','0',32,1),(36,'Gás de Cozinha','03.02.06.',NULL,'fa-font-awesome','0',18,1),(37,'Taxas e Multas','03.03.03.',NULL,'fa-car','0',22,1),(38,'Others','03.99.',NULL,'fa-font-awesome','0',3,1),(39,'Other','03.99.99.',NULL,'fa-font-awesome','0',38,1),(40,'Despesa não Identificada','03.99.01.',NULL,'fa-font-awesome','0',38,1),(41,'Other','03.05.99.','','fa-font-awesome','0',32,1),(42,'Recarga de Celular','03.05.04.',NULL,'fa-mobile','0',32,1),(43,'Other','03.01.99.',NULL,'fa-font-awesome','0',16,1),(44,'Other','03.02.99.',NULL,'fa-font-awesome','0',18,1),(45,'Other','03.03.99.',NULL,'fa-font-awesome','0',22,1),(46,'Other','03.04.99.',NULL,'fa-font-awesome','0',26,1),(47,'Saque não Identificado','03.99.02.',NULL,'fa-font-awesome','0',38,1),(48,'Empréstimo, Saída','03.99.03.','','fa-font-awesome','0',38,1),(49,'Alimentação no Trabalho','03.05.05.',NULL,'fa-font-awesome','0',32,1),(50,'Seguro','03.03.04.','','fa-font-awesome','0',22,1),(51,'Manutenção','03.02.07.','','fa-font-awesome','0',18,1),(52,'Financiamento do Apartamento','03.02.08.',NULL,'fa-font-awesome','0',18,1),(55,'Impostos','03.02.09.',NULL,'fa-font-awesome','0',18,1),(56,'Diarista','03.02.10.',NULL,'fa-font-awesome','0',18,1),(57,'Other','01.99.',NULL,'fa-font-awesome','0',1,1),(58,'Other','01.99.99.',NULL,'fa-font-awesome','0',57,1),(59,'Investment','02.02.',NULL,'fa-font-awesome','0',2,1),(60,'Other','02.02.99.',NULL,'fa-font-awesome','0',59,1),(61,'Rendimento da Poupança','02.02.01.',NULL,'fa-font-awesome','0',59,1),(62,'Other','02.99.',NULL,'fa-font-awesome','0',2,1),(63,'Other','02.99.99.',NULL,'fa-font-awesome','0',62,1),(64,'Educação de Dependente','03.05.06.',NULL,'fa-font-awesome','0',32,1),(65,'Educação','03.05.07.',NULL,'fa-font-awesome','0',32,1),(66,'Income Tax (IRPF)','02.99.01.',NULL,'fa-font-awesome','0',62,1),(67,'Empréstimo, Entrada','02.99.02.',NULL,'fa-font-awesome','0',62,1),(68,'Décimo Terceiro Salário','02.01.04.',NULL,'fa-font-awesome','0',8,1),(69,'Banco Itaú','01.03.',NULL,'fa-font-awesome','0',1,1),(70,'Other','01.03.99.',NULL,'fa-font-awesome','0',69,1),(73,'Cartão de Crédito','01.03.01.',NULL,'fa-credit-card','0',69,1),(76,'Banco C6','01.04.','','fa-font-awesome','0',1,1),(77,'Other','01.04.99.',NULL,'fa-font-awesome','0',76,1),(78,'Cartão de Crédito','01.04.01.',NULL,'fa-font-awesome','0',76,1),(79,'Cartões de Crédito','02.03.',NULL,'fa-credit-card','0',2,1),(80,'Other','02.03.99.',NULL,'fa-font-awesome','0',79,1),(81,'Banco Itaú','02.03.01.',NULL,'fa-font-awesome','0',79,1),(82,'Banco C6','02.03.02.',NULL,'fa-font-awesome','0',79,1),(83,'Saque aniversário FGTS','02.99.03.',NULL,'fa-font-awesome','0',62,1),(84,'Presentes','03.04.05.',NULL,'fa-font-awesome','0',26,1),(85,'Academia','03.05.08.',NULL,'fa-font-awesome','0',32,1),(86,'Educação','03.06.',NULL,'fa-font-awesome','0',3,1),(87,'Other','03.06.99.',NULL,'fa-font-awesome','0',86,1),(88,'Mensalidade do Colégio','03.06.01.',NULL,'fa-font-awesome','0',86,1),(89,'Livros da Grade Curricular','03.06.02.',NULL,'fa-font-awesome','0',86,1),(90,'Material Escolar','03.06.03.',NULL,'fa-font-awesome','0',86,1),(91,'Fardamento','03.06.04.',NULL,'fa-font-awesome','0',86,1);
/*!40000 ALTER TABLE `acc_account` ENABLE KEYS */;
UNLOCK TABLES;

--
-- Table structure for table `ban_bank`
--

DROP TABLE IF EXISTS `ban_bank`;
/*!40101 SET @saved_cs_client     = @@character_set_client */;
/*!50503 SET character_set_client = utf8mb4 */;
CREATE TABLE `ban_bank` (
  `ban_identity` int NOT NULL AUTO_INCREMENT,
  `ban_name` varchar(100) NOT NULL,
  `usr_identity` int NOT NULL,
  PRIMARY KEY (`ban_identity`),
  UNIQUE KEY `un_ban_name` (`ban_name`,`usr_identity`)
) ENGINE=InnoDB AUTO_INCREMENT=6 DEFAULT CHARSET=utf8mb4 COLLATE=utf8mb4_0900_ai_ci;
/*!40101 SET character_set_client = @saved_cs_client */;

--
-- Dumping data for table `ban_bank`
--

LOCK TABLES `ban_bank` WRITE;
/*!40000 ALTER TABLE `ban_bank` DISABLE KEYS */;
INSERT INTO `ban_bank` VALUES (2,'Alelo Benefícios',1),(4,'Banco C6',1),(1,'Banco do Brasil',1),(5,'Banco Itaú',1),(3,'Flash Benefícios',1);
/*!40000 ALTER TABLE `ban_bank` ENABLE KEYS */;
UNLOCK TABLES;

--
-- Table structure for table `loc_location`
--

DROP TABLE IF EXISTS `loc_location`;
/*!40101 SET @saved_cs_client     = @@character_set_client */;
/*!50503 SET character_set_client = utf8mb4 */;
CREATE TABLE `loc_location` (
  `loc_identity` int NOT NULL AUTO_INCREMENT,
  `loc_name` varchar(200) NOT NULL,
  `loc_note` varchar(200) DEFAULT NULL,
  `usr_identity` int NOT NULL,
  PRIMARY KEY (`loc_identity`),
  UNIQUE KEY `un_loc_name_branch` (`loc_name`)
) ENGINE=InnoDB AUTO_INCREMENT=184 DEFAULT CHARSET=utf8mb4 COLLATE=utf8mb4_0900_ai_ci;
/*!40101 SET character_set_client = @saved_cs_client */;

--
-- Dumping data for table `loc_location`
--

LOCK TABLES `loc_location` WRITE;
/*!40000 ALTER TABLE `loc_location` DISABLE KEYS */;
INSERT INTO `loc_location` VALUES (1,'Ballon Mania','',1),(2,'Supermercado Assaí',NULL,1),(3,'Padaria Iolanda',NULL,1),(4,'AliExpress','',1),(5,'Condomínio Flamboyant Residence','',1),(6,'R7 Informática','',1),(7,'Pedal Bike na Veia','',1),(8,'McDonalds','',1),(9,'Mini Kalzone','',1),(10,'Lojas Americanas','',1),(13,'Supermercado Cometa','',1),(14,'Shopping Iguatemi Bosque','',1),(15,'Shopping Terrazo','',1),(16,'Shopping Via Sul','',1),(17,'Shopping Rio Mar','',1),(18,'Leroy Merlin','',1),(19,'Casas Freitas','',1),(20,'Loja da Construção','',1),(22,'Padaria Bom do Trigo','',1),(23,'Farmácia Pague Menos','',1),(24,'Supermercado Pinheiro','',1),(27,'Cobasi Pet Shop','',1),(28,'Restaurante Kina Oriental','',1),(29,'Mercadinho Falcão','',1),(30,'Farmácia Drogasil','',1),(31,'Júnior da Picanha',NULL,1),(32,'Mercadinho Ana','',1),(33,'Unimed','',1),(34,'Enel Ceará','',1),(35,'Oi Telecomunicações SA','',1),(36,'Claro Nordeste','',1),(37,'Netflix','',1),(38,'Gráfica Prime',NULL,1),(39,'Big Monster','',1),(40,'Complexo Salvatore','',1),(41,'Restaurant Chapa Quente','',1),(42,'Só Dança','',1),(43,'Restaurant Opy Açaí','',1),(44,'Pizzaria Dominos','',1),(45,'Kalunga','',1),(46,'Animale Pet Shop','',1),(47,'Farmácia Maria dos Remédios','',1),(48,'Farmácia Extrafarma',NULL,1),(49,'Pizzaria Pizza Hutt',NULL,1),(50,'Cheppitos','',1),(51,'Opi Bar','',1),(52,'Owl Bear Pub','',1),(53,'Big Daddy','',1),(54,'Mercado Livre','',1),(55,'Casas Bahia','',1),(56,'Restaurant Cacique','',1),(57,'Lá Sopitta','',1),(58,'Ubber','',1),(59,'Sorveteria Pardal',NULL,1),(60,'Posto de Combustível Tetra',NULL,1),(61,'Supermercado São Luís',NULL,1),(62,'Uniodonto',NULL,1),(63,'Ultragás',NULL,1),(64,'Lojas C&A',NULL,1),(65,'Lojas Renner','',1),(66,'Lojas Riachuelo','',1),(67,'Posto de Combustível Sobral e Palácio',NULL,1),(68,'Steakhouse Pereira',NULL,1),(69,'Sefaz - CE',NULL,1),(70,'Amazon',NULL,1),(71,'Magzine Luiza','',1),(72,'Padaria Panpanne',NULL,1),(73,'Shopee','',1),(74,'O Boticário',NULL,1),(75,'Padaria Portitália',NULL,1),(76,'Vivo',NULL,1),(77,'Habbibs',NULL,1),(78,'Restaurant Skina do Baião',NULL,1),(79,'Restaurant Picanha do Alemão',NULL,1),(80,'Coffee Shop Biscoitando',NULL,1),(81,'Polly Kids',NULL,1),(82,'Banco do Brasil',NULL,1),(83,'Banco Itaú','',1),(84,'Banco C6','',1),(85,'School Ágape',NULL,1),(86,'Fábrica do Professor',NULL,1),(87,'Posto de Combustível Olírio','',1),(88,'Naini Stake Burger',NULL,1),(89,'Udemy',NULL,1),(90,'Posto de Combustível São Domingos',NULL,1),(91,'Barbershop Cometa',NULL,1),(92,'Shopping Eusébio',NULL,1),(93,'Restaurant Sal & Brasa',NULL,1),(94,'Restaurant Hents Burg','',1),(95,'Restaurant Vasto Fortaleza','',1),(96,'Restaurant Comidaria Self-Service','',1),(97,'Restaurant Arretado','',1),(98,'Restaurant Depot Medieval','',1),(99,'Restaurant Robbit Friends','',1),(100,'Restaurant Camarada','',1),(101,'Restaurant Beach Park','',1),(102,'Barraca de Praia Cuca Legal','',1),(103,'Santa Lolla','',1),(104,'IFood',NULL,1),(105,'Banco Caixa Econômica',NULL,1),(106,'Belfort Peugeot',NULL,1),(107,'Edson Gourmet',NULL,1),(108,'I Love Hotdog','',1),(109,'Johnny Joy Milkshake','',1),(110,'Pizzaria Ellos Pizza','',1),(111,'Restaurant Vira Verão',NULL,1),(112,'Sorveteria Frosty',NULL,1),(113,'Santa Pastelaria',NULL,1),(114,'PB Kids',NULL,1),(115,'D&S Sistemas Eletrônicos',NULL,1),(116,'Supermercado WallMart',NULL,1),(117,'Centauro',NULL,1),(118,'La Pasta Sul',NULL,1),(119,'Pastel da Praça','Lago Jacarey',1),(120,'Perboyre Castelo',NULL,1),(121,'Freitas Varejo',NULL,1),(122,'Normatel Home Center',NULL,1),(123,'Padaria Pãozito',NULL,1),(124,'Imprensa Food Square','',1),(125,'Livraria Dom Pedro','',1),(126,'Crepitos','',1),(127,'Padaria Noélia','',1),(128,'Bicicletando Bike Shop','',1),(129,'Burger King','',1),(130,'Camarão Grill','',1),(131,'Barraca de Praia Outside','',1),(132,'Food Truck Donadel','',1),(133,'Jangadeiro Praia Hotel',NULL,1),(134,'Boteco','Imprensa Food Square',1),(135,'M B ACAITERIA LTDA',NULL,1),(136,'* Santana Junior Co','Alimentação',1),(137,'Sapataria Nova','R MILET COMERCIO DE',1),(138,'Pastelaria Leão do Sul',NULL,1),(139,'Posto de Combustível AMV','',1),(140,'Restaurante Chama Campeira','',1),(141,'Plug Eletro Sul','',1),(142,'América Presentes',NULL,1),(143,'Restaurante Divina Picanha',NULL,1),(144,'Comercial Nobre','',1),(145,'Pizzaria Mattarello','Imprensa Food Square',1),(146,'Padaria Fran',NULL,1),(147,'Restaurante Oriental Self-Service','',1),(148,'Sopa com Amor','',1),(149,'AWS - Amazon Web Services',NULL,1),(150,'Milk Heroes Milkshakes','',1),(151,'Sul América Odontologia',NULL,1),(152,'Sapataria Sandelly','',1),(153,'Allianz Seguros Automotivos',NULL,1),(154,'Dona Closets',NULL,1),(155,'Açaiteria Açaí Rochedo',NULL,1),(156,'Açaiteria Universo do Açaí','',1),(157,'D\'Play Espetos & Bar','Deborah Dos Santos Freire',1),(158,'Xerebele',NULL,1),(159,'Açaiteria Violeta Açaí',NULL,1),(160,'Terezinha dos Bolos',NULL,1),(161,'Açaiteria Maria Pitanga',NULL,1),(162,'Laboratório Clementino Fraga',NULL,1),(163,'Wellhub/Gympass',NULL,1),(164,'Top Burger',NULL,1),(165,'Farmácia Litorânea',NULL,1),(166,'Farmácia Mais Saúde','',1),(167,'Academia de Batet Goretti Quintela',NULL,1),(168,'Restaurante Filet Gourmet',NULL,1),(169,'Steam',NULL,1),(170,'Holy Pizza','',1),(171,'Farmácia Naturalle',NULL,1),(172,'Restaurante Forneria Coriolano',NULL,1),(173,'The Brikynn Pub','',1),(174,'Hamburgueria Lucco Burger','',1),(175,'Studio Bella Beauty','Cometa José Leon',1),(176,'Studio Daniela Santana',NULL,1),(177,'Milky Moo Milkshakes',NULL,1),(178,'Açaiteria Xigun',NULL,1),(179,'Supermercado Guará',NULL,1),(180,'Comercial O Rocha',NULL,1),(181,'RC Construções','',1),(182,'Tapiocaria Meu Cantinho',NULL,1),(183,'Açaiteria Brothers','',1);
/*!40000 ALTER TABLE `loc_location` ENABLE KEYS */;
UNLOCK TABLES;

--
-- Table structure for table `obi_objective_item`
--

DROP TABLE IF EXISTS `obi_objective_item`;
/*!40101 SET @saved_cs_client     = @@character_set_client */;
/*!50503 SET character_set_client = utf8mb4 */;
CREATE TABLE `obi_objective_item` (
  `obi_identity` int NOT NULL AUTO_INCREMENT,
  `obi_description` varchar(100) NOT NULL,
  `obi_sequential` int NOT NULL,
  `obi_unitary_value` decimal(11,2) NOT NULL,
  `obi_amount` decimal(11,3) NOT NULL,
  `obj_identity` int NOT NULL,
  `acc_identity_target` int NOT NULL,
  `usr_identity` int NOT NULL,
  PRIMARY KEY (`obi_identity`),
  UNIQUE KEY `un_obi_objective_item` (`obj_identity`,`obi_sequential`),
  KEY `fk_acc_account_target_obm` (`acc_identity_target`),
  CONSTRAINT `fk_acc_account_target_obm` FOREIGN KEY (`acc_identity_target`) REFERENCES `acc_account` (`acc_identity`),
  CONSTRAINT `fk_obj_objective_obi` FOREIGN KEY (`obj_identity`) REFERENCES `obj_objective` (`obj_identity`)
) ENGINE=InnoDB AUTO_INCREMENT=1539 DEFAULT CHARSET=utf8mb4 COLLATE=utf8mb4_0900_ai_ci;
/*!40101 SET character_set_client = @saved_cs_client */;

--
-- Dumping data for table `obi_objective_item`
--

LOCK TABLES `obi_objective_item` WRITE;
/*!40000 ALTER TABLE `obi_objective_item` DISABLE KEYS */;
INSERT INTO `obi_objective_item` VALUES (58,'Saldo Anterior',1,563.12,1.000,67,5,1),(59,'Alimentação',1,17.90,1.000,68,17,1),(60,'Água Mineral',1,13.50,1.000,69,25,1),(61,'Medicines',1,17.08,1.000,70,33,1),(62,'Condomínio',1,459.00,1.000,71,20,1),(63,'Energia elétrica',1,289.39,1.000,72,21,1),(64,'Água Mineral',1,13.50,1.000,73,25,1),(65,'Internet residencial',1,114.80,1.000,74,31,1),(66,'Serviços de streaming',1,39.90,1.000,75,31,1),(67,'Alimentação',1,8.81,1.000,76,17,1),(68,'Água Mineral',1,13.50,1.000,77,25,1),(69,'Medicines',1,16.99,1.000,78,33,1),(70,'Supermercado',1,24.74,1.000,79,19,1),(71,'Supermercado',1,5.32,1.000,80,19,1),(72,'Medicines',1,18.41,1.000,81,33,1),(73,'Alimentação',1,47.62,1.000,82,17,1),(74,'Medicines',1,31.21,1.000,83,33,1),(75,'Alimentação',1,32.00,1.000,84,17,1),(76,'Água Mineral',1,13.50,1.000,85,25,1),(77,'Medicines',1,37.99,1.000,86,33,1),(78,'Alimentação',1,26.00,1.000,87,17,1),(79,'Supermercado',1,34.33,1.000,88,19,1),(80,'Supermercado',1,113.27,1.000,89,19,1),(81,'Alimentação',1,41.30,1.000,90,17,1),(82,'Supermercado',1,86.73,1.000,91,19,1),(83,'Salário Cast - Adiantamento',1,2000.00,1.000,92,5,1),(84,'Salário Cast - Complemento',1,4035.61,1.000,93,5,1),(85,'Combustível',1,100.00,1.000,94,23,1),(86,'Combustível',1,100.00,1.000,95,23,1),(87,'Supermercado',1,42.54,1.000,96,19,1),(88,'Unimed insurance',1,910.14,1.000,97,34,1),(89,'Uniodonto insurance',1,49.68,1.000,98,35,1),(90,'Cooking gas',1,100.00,1.000,99,36,1),(91,'Clothing and accessories',1,125.98,1.000,100,27,1),(92,'Fuel',1,80.00,1.000,101,23,1),(93,'Depósito de saldo anterior para poupança',1,563.12,1.000,102,7,1),(94,'Clothing and accessories',1,20.00,1.000,103,27,1),(95,'Food',1,31.00,1.000,104,17,1),(96,'Alimentação',1,30.00,1.000,105,17,1),(97,'Food',1,30.00,1.000,106,17,1),(98,'IPVA 2024 HB20s (04/05)',1,259.59,1.000,107,37,1),(99,'Perfumaria',1,12.00,1.000,108,27,1),(100,'Alimentação',1,47.27,1.000,109,17,1),(101,'Payment of the Itaucard invoice',1,1237.52,1.000,110,39,1),(102,'Unidentified expense',1,75.00,1.000,111,40,1),(103,'Unidentified expense',1,35.00,1.000,112,40,1),(104,'Smartphone credit',1,71.41,1.000,113,42,1),(105,'Smartphone credit',1,30.00,1.000,114,42,1),(106,'Unindentified expense',1,5.80,1.000,115,40,1),(107,'Food - Camila Birthday',1,310.00,1.000,116,17,1),(108,'Home items',1,70.76,1.000,117,46,1),(109,'Home items',1,100.94,1.000,118,46,1),(110,'Serviço de bordado',1,15.00,1.000,119,46,1),(111,'Compras AliExpress',1,119.04,1.000,120,46,1),(112,'Processo Sobi - Advogados (04/05)',1,564.80,1.000,121,39,1),(115,'Unindentified expense',1,66.97,1.000,124,40,1),(116,'Tarifa de pacote de serviços, referente a 27/05/2024',1,14.20,1.000,125,39,1),(117,'Pet food',1,7.00,1.000,126,39,1),(118,'Unindentified expense',1,15.00,1.000,127,40,1),(119,'Uniodonto insurance',1,48.60,1.000,128,35,1),(120,'Alimentação - Extorno',1,6.00,1.000,129,5,1),(121,'Retirada da poupança',1,258.00,1.000,130,5,1),(122,'Saldo Anterior',1,57.58,1.000,131,5,1),(123,'Combustível',1,100.00,1.000,132,23,1),(124,'Água Mineral',1,13.50,1.000,133,25,1),(125,'Alimentação',1,2.32,1.000,134,17,1),(126,'Alimentação',1,39.70,1.000,135,17,1),(127,'Medicines',1,101.72,1.000,136,33,1),(128,'Unimed Insurance',1,1034.10,1.000,137,34,1),(129,'Condomínio',1,459.00,1.000,138,20,1),(130,'Energia elétrica',1,306.94,1.000,139,21,1),(131,'Água Mineral',1,13.50,1.000,140,25,1),(132,'Internet residencial',1,114.80,1.000,141,31,1),(133,'Supermercado',1,31.88,1.000,142,19,1),(134,'Alimentação',1,2.46,1.000,143,17,1),(135,'Medicines',1,15.98,1.000,144,33,1),(136,'Alimentação',1,11.98,1.000,145,17,1),(137,'Supermercado',1,5.69,1.000,146,19,1),(138,'Medicines',1,31.00,1.000,147,33,1),(139,'Serviços de streaming',1,39.90,1.000,148,31,1),(140,'Combustível',1,100.00,1.000,149,23,1),(141,'Água Mineral',1,13.50,1.000,150,25,1),(142,'Uniodonto insurance',1,48.60,1.000,151,35,1),(143,'Alimentação',1,48.66,1.000,152,17,1),(144,'Alimentação',1,10.72,1.000,153,17,1),(145,'Supermercado',1,5.99,1.000,154,19,1),(146,'Supermercado',1,18.55,1.000,155,19,1),(147,'Água Mineral',1,13.50,1.000,156,25,1),(148,'Supermercado',1,14.38,1.000,157,19,1),(149,'Supermercado',1,45.03,1.000,158,19,1),(150,'Alimentação',1,33.55,1.000,159,17,1),(151,'Alimentação',1,9.46,1.000,160,17,1),(152,'Combustível',1,80.00,1.000,161,23,1),(153,'Salário Cast - Adiantamento',1,2000.00,1.000,162,5,1),(154,'Salário Cast - Complemento',1,3990.92,1.000,163,5,1),(155,'Depósito de saldo anterior para poupança',1,57.58,1.000,164,7,1),(156,'Conjunto de utensílios de cozinha em silicone',1,78.90,1.000,165,46,1),(157,'Medicines',1,10.00,1.000,166,33,1),(158,'Food',1,14.45,1.000,167,17,1),(159,'Food',1,58.94,1.000,168,17,1),(160,'Food',1,13.00,1.000,169,17,1),(161,'Smartphone credit',1,30.00,1.000,170,42,1),(162,'Smartphone credit',1,66.41,1.000,171,42,1),(163,' Totokinha Bolinha Menino',1,83.80,1.000,172,46,1),(164,'Fuel',1,80.00,1.000,173,23,1),(165,'Parking',1,25.00,1.000,174,39,1),(166,'Processo Sobi - Advogados (05/05)',1,564.80,1.000,175,39,1),(167,'IPVA 2024 HB20s (05/05)',1,259.56,1.000,176,37,1),(168,'Clothing and accessories',1,75.00,1.000,177,27,1),(169,'Payment of the Itaucard invoice',1,952.34,1.000,178,39,1),(170,'Payment of the C6 Card invoice',1,445.12,1.000,179,39,1),(171,'Tarifa de pacote de serviços, referente a 25/06/2024',1,14.20,1.000,180,39,1),(172,'Unindentified expense',1,15.00,1.000,181,40,1),(173,'Unindentified expense',1,6.00,1.000,182,40,1),(174,'Unindentified expense',1,3.00,1.000,183,40,1),(175,'Food',1,8.50,1.000,184,17,1),(176,'Unindentified expense',1,30.00,1.000,185,40,1),(177,'School trip, Emílio Ribas laboratory',1,60.00,1.000,186,64,1),(178,'School sport games',1,30.00,1.000,187,64,1),(179,'Food',1,58.60,1.000,188,17,1),(180,'Unindentified expense',1,9.50,1.000,189,40,1),(182,'Housing miscellaneous items',1,104.61,1.000,191,44,1),(183,'Unidentified expense',1,10.00,1.000,192,40,1),(184,'Pet food',1,7.00,1.000,193,39,1),(186,'Food',1,24.00,1.000,195,5,1),(187,'Saldo Anterior',1,246.58,1.000,196,5,1),(188,'Alimentação',1,24.00,1.000,197,17,1),(189,'Alimentação',1,107.00,1.000,198,17,1),(190,'Alimentação',1,31.53,1.000,199,17,1),(191,'Smartphone credit',1,30.00,1.000,200,42,1),(192,'Condomínio',1,459.00,1.000,201,20,1),(193,'Água Mineral',1,13.50,1.000,202,25,1),(194,'Unimed Insurance',1,963.97,1.000,203,34,1),(195,'Água Mineral',1,13.50,1.000,204,25,1),(196,'Energia elétrica',1,235.17,1.000,205,21,1),(197,'Internet residencial',1,114.80,1.000,206,31,1),(198,'Smartphone credit',1,71.41,1.000,207,42,1),(199,'Água Mineral',1,13.50,1.000,208,25,1),(200,'Serviços de streaming',1,39.90,1.000,209,31,1),(201,'Supermercado',1,106.51,1.000,210,19,1),(202,'Alimentação',1,27.80,1.000,211,17,1),(203,'Supermercado',1,26.41,1.000,212,19,1),(204,'Supermercado',1,98.93,1.000,213,19,1),(205,'Água Mineral',1,13.50,1.000,214,25,1),(206,'Alimentação',1,19.29,1.000,215,17,1),(207,'Alimentação',1,49.44,1.000,216,17,1),(208,'Alimentação',1,66.00,1.000,217,17,1),(209,'Alimentação',1,18.50,1.000,218,17,1),(210,'Alimentação',1,18.80,1.000,219,17,1),(211,'Supermercado',1,70.48,1.000,220,19,1),(212,'Supermercado',1,53.59,1.000,221,19,1),(213,'Medicines',1,5.00,1.000,222,33,1),(214,'Supermercado',1,46.78,1.000,223,19,1),(215,'Água Mineral',1,13.50,1.000,224,25,1),(216,'Alimentação',1,32.80,1.000,225,17,1),(217,'Supermercado',1,56.38,1.000,226,19,1),(218,'Salário Cast - Adiantamento',1,2000.00,1.000,227,5,1),(219,'Salário Cast - Complemento',1,4035.61,1.000,228,5,1),(220,'IPVA 2024 HB20s (03/05)',1,259.59,1.000,229,37,1),(221,'Food',1,59.62,1.000,230,17,1),(222,'Depósito de saldo anterior para poupança',1,40.15,1.000,231,7,1),(223,'Payment of the Itaucard invoice',1,921.09,1.000,232,39,1),(224,'Vilde Freire - Precatório',1,8000.00,1.000,233,5,1),(225,'Medicines',1,25.99,1.000,234,33,1),(226,'Medicines',1,47.98,1.000,235,33,1),(227,'Ballet Clothing',1,35.00,1.000,236,27,1),(228,'Fuel',1,100.00,1.000,237,23,1),(229,'Food - Breno\'s house sushi day',1,21.00,1.000,238,17,1),(230,'Food - Breno\'s house sushi day',1,21.00,1.000,239,17,1),(231,'Parking',1,10.00,1.000,240,43,1),(232,'Compras AliExpress',1,120.64,1.000,241,46,1),(233,'Processo Sobi - Advogados (03/05) (Devolução para poupança)',1,564.80,1.000,242,7,1),(234,'Food',1,4.00,1.000,243,17,1),(235,'Clothing and accessories',1,87.90,1.000,244,27,1),(236,'Fridge maintenance',1,30.00,1.000,245,51,1),(237,'Fridge maintenance',1,670.00,1.000,246,51,1),(238,'Savings withdrawal - Fridge maintenance',1,700.00,1.000,247,5,1),(239,'Food',1,69.80,1.000,248,17,1),(240,'Savings account deposit :: Precatório',1,8000.00,1.000,249,7,1),(241,'Food',1,152.51,1.000,250,17,1),(242,'Education',1,29.90,1.000,251,65,1),(243,'Food',1,124.50,1.000,252,17,1),(244,'Medicines',1,23.00,1.000,253,33,1),(245,'Tarifa de pacote de serviços, referente a 25/04/2024',1,14.20,1.000,254,39,1),(246,'Savings withdrawal :: Camila\'s birthday',1,152.51,1.000,255,5,1),(247,'Savings withdrawal :: Camila\'s birthday',1,124.50,1.000,256,5,1),(248,'Savings withdrawal :: Camila\'s birthday',1,42.00,1.000,257,5,1),(249,'Savings withdrawal :: Camila\'s birthday',1,106.51,1.000,258,5,1),(250,'Savings withdrawal :: Camila\'s birthday',1,22.50,1.000,259,5,1),(251,'Unindentified expense',1,12.00,1.000,260,40,1),(252,'Unindentified expense',1,22.50,1.000,261,40,1),(253,'Unindentified expense',1,39.90,1.000,262,40,1),(254,'Unindentified expense',1,7.80,1.000,263,40,1),(255,'Leisure and fun',1,50.00,1.000,264,16,1),(256,'Pet food',1,4.99,1.000,265,39,1),(257,'Wife\'s eye exam',1,120.74,1.000,266,41,1),(258,'Pet expense',1,11.80,1.000,267,39,1),(259,'Unidentified expense',1,60.00,1.000,268,40,1),(260,'Child\'s allowance',1,15.00,1.000,269,41,1),(261,'Unidentified expense',1,30.00,1.000,270,40,1),(262,'Unidentified expense',1,15.00,1.000,271,40,1),(263,'Unidentified expense',1,15.00,1.000,272,40,1),(264,'Unidentified expense',1,15.00,1.000,273,40,1),(265,'Pet expense',1,7.00,1.000,274,39,1),(266,'Unidentified expense',1,42.00,1.000,275,40,1),(267,'Camila\'s birthday, candies',1,100.00,1.000,276,43,1),(268,'Unidentified expense',1,24.70,1.000,277,40,1),(269,'Saldo Anterior',1,134.78,1.000,278,5,1),(270,'Medicines',1,12.08,1.000,279,33,1),(271,'Alimentação',1,7.64,1.000,280,17,1),(272,'Food',1,55.21,1.000,281,17,1),(273,'Medicines',1,21.00,1.000,282,33,1),(274,'Smartphone credit',1,30.00,1.000,283,42,1),(275,'Food',1,40.00,1.000,284,17,1),(276,'Água Mineral',1,13.50,1.000,285,25,1),(277,'Condomínio',1,459.00,1.000,286,20,1),(278,'Medicines',1,92.69,1.000,287,33,1),(279,'Água Mineral',1,5.00,1.000,288,25,1),(280,'Água Mineral',1,13.50,1.000,289,25,1),(281,'Internet residencial',1,114.80,1.000,290,31,1),(282,'Smartphone credit',1,64.92,1.000,291,42,1),(283,'Alimentação',1,120.00,1.000,292,17,1),(284,'Supermercado',1,1.95,1.000,293,19,1),(285,'Água Mineral',1,13.50,1.000,294,25,1),(286,'Food',1,25.37,1.000,295,17,1),(287,'Supermercado',1,105.18,1.000,296,19,1),(288,'Alimentação',1,12.05,1.000,297,17,1),(289,'Supermercado',1,60.38,1.000,298,19,1),(290,'Supermercado',1,9.99,1.000,299,19,1),(291,'Salary Cast - Advance',1,2000.00,1.000,300,5,1),(292,'Salary Cast - Supplement',1,3965.41,1.000,301,5,1),(293,'Medicines',1,61.00,1.000,302,33,1),(294,'Streaming Services',1,44.90,1.000,303,31,1),(295,'Fuel',1,80.00,1.000,304,23,1),(296,'Fuel',1,80.00,1.000,305,23,1),(297,'Fuel',1,100.00,1.000,306,23,1),(298,'Energy Services',1,320.45,1.000,307,21,1),(299,'Compras AliExpress',1,121.80,1.000,308,46,1),(300,'Unimed insurance',1,1180.22,1.000,309,34,1),(301,'Office drawer',1,169.90,1.000,310,29,1),(302,'Payment of the Itaucard invoice',1,532.54,1.000,311,39,1),(303,'Payment of the C6 Card invoice',1,634.41,1.000,312,39,1),(304,'Service package fee, for the period 25/07/2024',1,14.60,1.000,313,39,1),(305,'Uber reimbursment from Vilde Freire',1,50.00,1.000,314,5,1),(306,'Uber reimbursment from Vilde Freire',1,50.00,1.000,315,5,1),(307,'Money reimbursment from BNP Bank',1,30.30,1.000,316,5,1),(308,'Child’s allowance',1,60.00,1.000,317,41,1),(309,'Pet food',1,7.00,1.000,318,39,1),(310,'Food',1,31.00,1.000,319,17,1),(311,'Food',1,45.00,1.000,320,17,1),(312,'Food',1,38.35,1.000,321,17,1),(313,'Food',1,43.79,1.000,322,17,1),(314,'Food',1,41.91,1.000,323,17,1),(315,'Food',1,62.70,1.000,324,17,1),(316,'Parking',1,8.00,1.000,325,39,1),(317,'Parking',1,8.00,1.000,326,39,1),(318,'Food',1,21.46,1.000,327,17,1),(319,'Savings Deposit :: Surplus from the previous month for savings',1,134.78,1.000,328,7,1),(320,'Items for home',1,100.80,1.000,329,44,1),(321,'Food',1,39.50,1.000,330,17,1),(322,'Unindentified expense',1,4.00,1.000,331,40,1),(323,'Tech items',1,76.94,1.000,332,30,1),(324,'IRPF Restitution Tax',1,1527.65,1.000,333,5,1),(325,'Unindentified expense',1,15.00,1.000,334,40,1),(326,'Refund',1,8.00,1.000,335,5,1),(327,'Food',1,33.80,1.000,336,17,1),(328,'Unindentified expense',1,67.42,1.000,337,40,1),(329,'Saldo Anterior',1,2309.11,1.000,338,5,1),(330,'Uniodonto insurance',1,49.60,1.000,339,35,1),(331,'Fuel',1,80.00,1.000,340,23,1),(332,'Smartphone credit',1,30.00,1.000,341,42,1),(333,'Água Mineral',1,13.50,1.000,342,25,1),(334,'Unimed Insurance',1,1037.91,1.000,343,34,1),(335,'Alimentação',1,2.77,1.000,344,17,1),(336,'Condomínio',1,584.00,1.000,345,20,1),(337,'Energy Services',1,240.50,1.000,346,21,1),(338,'Fuel',1,100.00,1.000,347,23,1),(339,'Água Mineral',1,13.50,1.000,348,25,1),(340,'Smartphone credit',1,64.92,1.000,349,42,1),(341,'Internet residencial',1,114.80,1.000,350,31,1),(342,'Medicines',1,37.31,1.000,351,33,1),(343,'Haircut',1,30.00,1.000,352,41,1),(344,'Serviços de streaming',1,44.90,1.000,353,31,1),(345,'Fuel',1,80.00,1.000,354,23,1),(346,'Água Mineral',1,13.50,1.000,355,25,1),(347,'Uniodonto insurance',1,48.60,1.000,356,35,1),(348,'Água Mineral',1,13.50,1.000,357,25,1),(349,'Fuel',1,50.00,1.000,358,23,1),(350,'Alimentação',1,21.90,1.000,359,17,1),(351,'Supermercado',1,13.13,1.000,360,19,1),(352,'Alimentação',1,2.57,1.000,361,17,1),(353,'Salary Cast :: Advance',1,2000.00,1.000,362,5,1),(354,'Salary Cast :: Supplement',1,4000.51,1.000,363,5,1),(355,'Payment invoice :: Itaucard',1,297.46,1.000,364,39,1),(356,'Payment invoice :: C6 Card',1,729.90,1.000,365,39,1),(357,'Food',1,45.92,1.000,366,17,1),(358,'Food',1,42.40,1.000,367,17,1),(359,'Food',1,47.62,1.000,368,17,1),(360,'Food',1,26.00,1.000,369,17,1),(361,'Food',1,240.00,1.000,370,17,1),(362,'Food',1,100.00,1.000,371,17,1),(363,'Food',1,4.50,1.000,372,17,1),(364,'Food',1,49.03,1.000,373,17,1),(365,'Food',1,42.00,1.000,374,17,1),(366,'Food',1,134.00,1.000,375,17,1),(367,'Fuel',1,80.00,1.000,376,23,1),(368,'Food',1,178.50,1.000,377,17,1),(369,'Food',1,17.80,1.000,378,17,1),(370,'Food',1,4.50,1.000,379,17,1),(371,'Food',1,13.20,1.000,380,17,1),(372,'Food',1,100.00,1.000,381,17,1),(373,'Parking',1,20.00,1.000,382,45,1),(374,'Wife\'s birthday gift',1,149.90,1.000,383,27,1),(375,'Food',1,21.90,1.000,384,17,1),(376,'Unidentified expense',1,80.00,1.000,385,40,1),(377,'Savings Deposit :: IRPF Restitution Tax',1,1527.65,1.000,386,7,1),(378,'Pet expense',1,7.02,1.000,387,39,1),(379,'Food',1,8.00,1.000,388,17,1),(380,'Pet expense',1,13.80,1.000,389,39,1),(381,'Udemy course',1,29.90,1.000,390,65,1),(382,'Agape\'s teacher gift ',1,16.50,1.000,391,39,1),(383,'Unidentified expense',1,32.15,1.000,392,40,1),(384,'Food',1,33.21,1.000,393,17,1),(385,'Food',1,36.90,1.000,394,17,1),(386,'Service package fee, for the period 26/08/2024',1,14.60,1.000,395,39,1),(387,'Savings Deposit :: Surplus from the previous month for savings',1,781.46,1.000,396,7,1),(388,'Clothing and accessories',1,59.90,1.000,397,27,1),(389,'Clothing and accessories',1,85.00,1.000,398,27,1),(390,'Unidentified expense',1,87.70,1.000,399,40,1),(391,'Unidentified expense',1,8.00,1.000,400,40,1),(392,'Unidentified expense',1,26.80,1.000,401,40,1),(393,'School activity :: Rio Mar Theater',1,80.00,1.000,402,64,1),(394,'Lottery',1,36.00,1.000,403,39,1),(395,'Unidentified expense',1,13.40,1.000,404,40,1),(396,'Food',1,5.00,1.000,405,17,1),(397,'Unidentified expense',1,48.90,1.000,406,40,1),(398,'Unidentified expense',1,9.00,1.000,407,40,1),(399,'Loan incoming :: Peugeot 208 Style',1,7500.00,1.000,408,5,1),(400,'Loan incoming :: Peugeot 208 Style',1,2500.00,1.000,409,5,1),(401,'Savings Deposit :: Mother\'s loan',1,10000.00,1.000,410,7,1),(402,'Savings withdrawal :: Peugeot 208 Style',1,47990.00,1.000,411,5,1),(403,'Peugeot 208 Style',1,47990.00,1.000,412,46,1),(404,'Peugeot 208 Style',1,27.50,1.000,413,46,1),(405,'Wife\'s birthday cake',1,140.00,1.000,414,17,1),(406,'Supermarket',1,5.68,1.000,415,19,1),(407,'Fuel',1,40.00,1.000,416,23,1),(408,'Food',1,18.90,1.000,417,17,1),(409,'Cooking gas',1,105.00,1.000,418,36,1),(410,'Mineral Water',1,13.50,1.000,419,25,1),(411,'Smartphone credit',1,30.00,1.000,420,42,1),(412,'Unimed Insurance',1,1411.50,1.000,421,34,1),(413,'Fuel',1,100.00,1.000,422,23,1),(414,'Condomínio',1,584.00,1.000,423,20,1),(415,'Energy Services',1,227.43,1.000,424,21,1),(416,'Mineral Water',1,15.50,1.000,425,25,1),(417,'Internet residencial',1,115.52,1.000,426,31,1),(418,'Smartphone credit',1,75.02,1.000,427,42,1),(419,'Food',1,3.04,1.000,428,17,1),(420,'Fuel',1,80.00,1.000,429,23,1),(421,'Streaming Services',1,44.90,1.000,430,31,1),(422,'Mineral Water',1,14.50,1.000,431,25,1),(423,'Medicines',1,81.58,1.000,432,33,1),(424,'Mineral Water',1,14.50,1.000,433,25,1),(425,'Food',1,26.00,1.000,434,17,1),(426,'Food',1,9.15,1.000,435,17,1),(427,'Food',1,24.00,1.000,436,17,1),(428,'Supermarket',1,70.68,1.000,437,19,1),(429,'Food',1,20.50,1.000,438,17,1),(430,'Previous balance',1,69.69,1.000,439,5,1),(431,'Salary Cast :: Advance',1,2000.00,1.000,440,5,1),(432,'Salary Cast :: Supplement',1,4045.85,1.000,441,5,1),(433,'Pet expense',1,7.00,1.000,442,39,1),(434,'Savings Deposit :: Surplus from the previous month for savings',1,69.69,1.000,443,7,1),(435,'Food',1,9.50,1.000,444,17,1),(436,'Payment invoice :: C6 Card',1,2122.49,1.000,445,39,1),(437,'Payment invoice :: Itaucard',1,281.52,1.000,446,39,1),(438,'Food',1,5.50,1.000,447,17,1),(439,'Supermarket',1,6.00,1.000,448,19,1),(440,'Food',1,39.99,1.000,449,17,1),(441,'Food',1,30.00,1.000,450,17,1),(442,'Food',1,36.00,1.000,451,17,1),(443,'Fuel',1,80.00,1.000,452,23,1),(444,'Service package fee, for the period 25/09/2024',1,14.60,1.000,453,39,1),(445,'Food',1,9.50,1.000,454,17,1),(446,'Food',1,53.00,1.000,455,17,1),(447,'Food',1,25.90,1.000,456,17,1),(448,'Food',1,22.00,1.000,457,17,1),(449,'Food',1,24.00,1.000,458,17,1),(450,'Cosmetics',1,33.00,1.000,459,27,1),(451,'Snow foam spray car washer',1,56.99,1.000,460,45,1),(452,'Food',1,32.70,1.000,461,17,1),(453,'Food',1,10.90,1.000,462,17,1),(454,'Anti-risk flannel automotive microfiber cloth',1,26.96,1.000,463,45,1),(455,'Food',1,11.50,1.000,464,17,1),(456,'Food',1,4.00,1.000,465,17,1),(457,'Clothes',1,59.90,1.000,466,27,1),(458,'Cosmetics',1,41.99,1.000,467,27,1),(459,'Unidentified expense',1,20.00,1.000,468,40,1),(460,'Savings withdrawal :: Salary supplement',1,200.00,1.000,469,5,1),(461,'Savings withdrawal :: Salary supplement',1,200.00,1.000,470,5,1),(462,'Savings withdrawal :: Salary supplement',1,200.00,1.000,471,5,1),(463,'Unidentified expense',1,30.00,1.000,472,40,1),(464,'Unidentified expense',1,11.00,1.000,473,40,1),(465,'Unidentified expense',1,3.00,1.000,474,40,1),(466,'Loan incoming :: Mother\'s loan: R$ 10.000,00',1,10000.00,1.000,475,5,1),(467,'Savings Deposit :: Mother\'s loan: R$ 10.000,00',1,10000.00,1.000,476,7,1),(468,'Child’s allowance',1,51.00,1.000,477,41,1),(469,'Unindentified expense',1,250.00,1.000,478,40,1),(470,'Unindentified expense',1,82.45,1.000,479,40,1),(471,'Fuel',1,239.36,1.000,480,23,1),(472,'Mineral Water',1,14.50,1.000,481,25,1),(473,'Uniodonto insurance',1,49.60,1.000,482,35,1),(474,'Unimed Insurance',1,1227.09,1.000,483,34,1),(475,'Uniodonto insurance',1,48.60,1.000,484,35,1),(476,'Smartphone credit',1,30.00,1.000,485,42,1),(477,'Food',1,7.01,1.000,486,17,1),(478,'Condomínio',1,584.00,1.000,487,20,1),(479,'Food',1,29.40,1.000,488,17,1),(480,'Mineral Water',1,14.50,1.000,489,25,1),(481,'Energy Services',1,234.52,1.000,490,21,1),(482,'Internet residencial',1,115.52,1.000,491,31,1),(483,'Smartphone credit',1,79.90,1.000,492,42,1),(484,'Medinines',1,12.34,1.000,493,33,1),(485,'Mineral Water',1,14.50,1.000,494,25,1),(486,'Streaming Services',1,44.90,1.000,495,31,1),(487,'Food',1,3.78,1.000,496,17,1),(488,'Supermarket',1,13.58,1.000,497,19,1),(489,'Fuel',1,80.00,1.000,498,23,1),(490,'Food',1,68.09,1.000,499,17,1),(491,'Supermarket',1,71.16,1.000,500,19,1),(492,'Mineral Water',1,14.50,1.000,501,25,1),(493,'Medicines',1,33.70,1.000,502,33,1),(494,'Food',1,29.00,1.000,503,17,1),(495,'Food',1,26.00,1.000,504,17,1),(496,'Fuel',1,80.00,1.000,505,23,1),(497,'Supermarket',1,37.27,1.000,506,19,1),(498,'Haircut',1,30.00,1.000,507,41,1),(499,'Food',1,5.61,1.000,508,17,1),(500,'Food',1,20.00,1.000,509,17,1),(501,'Supermarket',1,39.99,1.000,510,19,1),(502,'Medicines',1,17.45,1.000,511,33,1),(503,'Food',1,20.00,1.000,512,17,1),(504,'Food',1,3.35,1.000,513,17,1),(505,'Mineral Water',1,14.50,1.000,514,25,1),(506,'Previous balance',1,22.56,1.000,515,5,1),(507,'Salary Cast :: Advance',1,2000.00,1.000,516,5,1),(508,'Loan incoming :: Office 365 subscription',1,117.00,1.000,517,5,1),(509,'Salary Cast :: Supplement',1,4014.65,1.000,518,5,1),(510,'Food',1,10.00,1.000,519,17,1),(511,'Payment invoice :: C6 Card',1,2125.37,1.000,520,39,1),(512,'Pet expense',1,13.50,1.000,521,39,1),(513,'Payment invoice :: Itaucard',1,109.56,1.000,522,39,1),(514,'Food',1,20.00,1.000,523,17,1),(515,'Food',1,8.50,1.000,524,17,1),(516,'Food',1,8.50,1.000,525,17,1),(517,'Food',1,8.50,1.000,526,17,1),(518,'Food',1,8.50,1.000,527,17,1),(519,'Child’s allowance',1,30.00,1.000,528,41,1),(520,'Food',1,23.40,1.000,529,17,1),(521,'Food',1,14.95,1.000,530,17,1),(522,'Food',1,18.00,1.000,531,17,1),(523,'Clothing and accessories',1,55.90,1.000,532,27,1),(524,'Clothing and accessories',1,49.99,1.000,533,27,1),(525,'Food',1,20.00,1.000,534,17,1),(526,'Food',1,35.00,1.000,535,17,1),(527,'Clothing',1,119.98,1.000,536,27,1),(528,'Unidentified expense',1,17.30,1.000,537,40,1),(529,'Food',1,30.00,1.000,538,17,1),(530,'Empréstimo para compra do Peugeot 208',1,10000.00,1.000,539,5,1),(531,'Despesa não identificada',1,20.00,1.000,540,40,1),(532,'Controle de acesso de veículo',1,50.00,1.000,541,44,1),(533,'Despesa não identificada',1,65.00,1.000,542,40,1),(534,'Alimentação',1,76.00,1.000,543,17,1),(535,'Supermercado',1,80.00,1.000,544,19,1),(536,'Alimentação',1,29.70,1.000,545,17,1),(537,'Supermercado',1,64.29,1.000,546,19,1),(538,'Alimentação',1,30.00,1.000,547,17,1),(539,'Gravação de nome em garrafa témica',1,19.50,1.000,548,39,1),(540,'Conchonete Oxer',1,79.99,1.000,549,46,1),(541,'Despesa não identificada',1,9.37,1.000,550,40,1),(542,'Despesa não identificada',1,40.00,1.000,551,40,1),(543,'Aplicação na poupança de empréstimo para compra do Peugeot 208',1,10000.00,1.000,552,7,1),(544,'Recebimento para pagamento do seguro do Peugeot 208',1,250.00,1.000,553,5,1),(545,'Compras diversas',1,134.72,1.000,554,46,1),(546,'Cabo USB vermelho',1,40.00,1.000,555,30,1),(547,'Alimentação',1,27.90,1.000,556,17,1),(548,'Despesa não identificada',1,17.00,1.000,557,40,1),(549,'Alimentação',1,15.30,1.000,558,17,1),(550,'Recebimento não identificado',1,79.03,1.000,559,5,1),(551,'Tarifa Pacote de Serviços, cobrança referente 25/10/2024',1,14.60,1.000,560,39,1),(552,'Complementação de salário',1,500.00,1.000,561,5,1),(553,'Mesada de dependente',1,33.00,1.000,562,41,1),(554,'Supermercado',1,15.87,1.000,563,19,1),(555,'Condomínio',1,584.00,1.000,564,20,1),(556,'Plano de saúde Unimed',1,1044.05,1.000,565,34,1),(557,'Alimentação',1,22.00,1.000,566,17,1),(558,'Recarga de celular',1,30.00,1.000,567,42,1),(559,'Água mineral',1,14.50,1.000,568,25,1),(560,'Medicamentos',1,18.41,1.000,569,33,1),(561,'Energia elétrica',1,260.73,1.000,570,21,1),(562,'Internet residencial',1,115.52,1.000,571,31,1),(563,'Recarga de celular',1,79.90,1.000,572,42,1),(564,'Medicamentos',1,52.23,1.000,573,33,1),(565,'Água mineral',1,14.50,1.000,574,25,1),(566,'Serviço de streaming',1,44.90,1.000,575,31,1),(567,'Combustível',1,100.00,1.000,576,23,1),(568,'Medicamentos',1,91.59,1.000,577,33,1),(569,'Alimentação',1,42.00,1.000,578,17,1),(570,'Medicamentos',1,24.50,1.000,579,33,1),(571,'Alimentação',1,14.36,1.000,580,17,1),(572,'Alimentação',1,12.50,1.000,581,17,1),(573,'Alimentação',1,5.50,1.000,582,17,1),(574,'Alimentação',1,34.00,1.000,583,17,1),(575,'Alimentação',1,18.00,1.000,584,17,1),(576,'Alimentação',1,9.42,1.000,585,17,1),(577,'Água mineral',1,14.50,1.000,586,25,1),(578,'Plano odontológico Uniodonto',1,48.60,1.000,587,35,1),(579,'Saldo do mês anterior',1,56.20,1.000,588,5,1),(580,'Salário Cast :: Adiantamento',1,2000.00,1.000,589,5,1),(581,'Salário Cast :: Complemento',1,4106.91,1.000,590,5,1),(582,'Alimentação',1,29.00,1.000,591,17,1),(583,'Medicamentos',1,10.00,1.000,592,33,1),(584,'Pagamento de fatura :: Itaucard',1,99.49,1.000,593,39,1),(585,'Pagamentode fatura :: C6 Card',1,2120.98,1.000,594,39,1),(586,'Alimentação',1,34.00,1.000,595,17,1),(587,'Estacionamento',1,12.00,1.000,596,43,1),(588,'Trilha 7 anos Bike na Veia',1,100.00,1.000,597,43,1),(589,'Alimentação',1,33.90,1.000,598,17,1),(590,'Alimentação',1,48.00,1.000,599,17,1),(591,'Exame odontológico',1,95.00,1.000,600,41,1),(592,'Decoração de natal',1,71.91,1.000,601,46,1),(593,'Utensílios de uso doméstico',1,43.13,1.000,602,44,1),(594,'Despesa não identificada',1,89.79,1.000,603,40,1),(595,'Utensílios de uso doméstico',1,71.98,1.000,604,44,1),(596,'Roupas',1,79.90,1.000,605,27,1),(597,'Itens de decoração para o lar',1,89.60,1.000,606,46,1),(598,'Material escolar',1,4.50,1.000,607,39,1),(599,'Despesa não identificada',1,19.90,1.000,608,40,1),(600,'Despesa não identificada',1,11.00,1.000,609,40,1),(601,'Retirada da poupança :: Matrícula Colégio Ágape',1,1331.37,1.000,610,5,1),(602,'Matrícula Colégio Ágape 2025',1,1331.37,1.000,611,64,1),(603,'Despesa não identificada',1,22.99,1.000,612,40,1),(604,'Pagamento de taxa de importação do AliExpress',1,24.34,1.000,613,39,1),(605,'Despesa não identificada',1,10.00,1.000,614,40,1),(606,'Alimentação',1,13.00,1.000,615,17,1),(607,'Alimentação',1,30.00,1.000,616,17,1),(608,'Tarifa Pacote de Serviços, cobrança referente 25/11/2024',1,14.60,1.000,617,39,1),(609,'Retirada da poupança :: Não identificado',1,36.01,1.000,618,5,1),(610,'Despesa não identificada',1,56.95,1.000,619,40,1),(611,'Despesa não identificada',1,102.08,1.000,620,40,1),(612,'Maquiagem',1,20.00,1.000,621,27,1),(613,'Despesa não identificada',1,79.50,1.000,622,40,1),(614,'Alimentação',1,40.00,1.000,623,17,1),(615,'Despesa não identificada',1,10.00,1.000,624,40,1),(616,'Combustível',1,227.35,1.000,625,23,1),(617,'Água mineral',1,14.50,1.000,626,25,1),(618,'Plano de saúde Unimed',1,1098.19,1.000,627,34,1),(619,'Alimentação',1,35.00,1.000,628,17,1),(620,'Recarga de celular',1,30.00,1.000,629,42,1),(621,'Água mineral',1,14.50,1.000,630,25,1),(622,'Internet residencial',1,115.52,1.000,631,31,1),(623,'Recarga de celular',1,79.90,1.000,632,42,1),(624,'Medicamentos',1,26.57,1.000,633,33,1),(625,'Alimentação',1,47.87,1.000,634,17,1),(626,'Serviço de streaming',1,44.90,1.000,635,31,1),(627,'Água mineral',1,14.50,1.000,636,25,1),(628,'Alimentação',1,15.47,1.000,637,17,1),(629,'Medicamentos',1,19.26,1.000,638,33,1),(630,'Supermercado',1,63.58,1.000,639,19,1),(631,'Supermercado',1,7.29,1.000,640,19,1),(632,'Alimentação',1,46.00,1.000,641,17,1),(633,'Medicamentos',1,57.08,1.000,642,33,1),(634,'Corte de cabelo',1,30.00,1.000,643,41,1),(635,'Alimentação',1,94.90,1.000,644,17,1),(636,'Alimentação',1,91.96,1.000,645,17,1),(637,'Combustível',1,100.00,1.000,646,23,1),(638,'Alimentação',1,76.67,1.000,647,17,1),(639,'Medicamentos',1,22.47,1.000,648,33,1),(640,'Supermercado',1,43.71,1.000,649,19,1),(641,'Alimentação',1,22.90,1.000,650,17,1),(642,'Plano odontológico Uniodonto',1,48.60,1.000,651,35,1),(643,'Água mineral',1,14.50,1.000,652,25,1),(644,'Supermercado',1,146.65,1.000,653,19,1),(645,'Medicamentos',1,67.88,1.000,654,33,1),(646,'Alimentação',1,58.16,1.000,655,17,1),(647,'Supermercado',1,146.94,1.000,656,19,1),(648,'Alimentação',1,10.72,1.000,657,17,1),(649,'Alimentação',1,8.82,1.000,658,17,1),(650,'Alimentação',1,48.09,1.000,659,17,1),(651,'Combustível',1,200.00,1.000,660,23,1),(652,'Supermercado',1,116.22,1.000,661,19,1),(653,'Supermercado',1,22.65,1.000,662,19,1),(654,'Alimentação',1,56.80,1.000,663,17,1),(655,'Saldo do mês anterior',1,0.00,1.000,664,5,1),(656,'Salário Cast :: Adiantamento',1,2000.00,1.000,665,5,1),(657,'Alimentação',1,2.54,1.000,666,17,1),(658,'Alimentação',1,24.00,1.000,667,17,1),(659,'Medicamentos',1,23.99,1.000,668,33,1),(660,'Alimentação',1,45.90,1.000,669,17,1),(661,'Alimentação',1,26.97,1.000,670,17,1),(662,'Alimentação',1,22.00,1.000,671,17,1),(663,'Alimentação',1,62.43,1.000,672,17,1),(664,'Alimentação',1,14.90,1.000,673,17,1),(665,'Alimentação',1,5.90,1.000,674,17,1),(666,'Medicamentos',1,23.99,1.000,675,33,1),(667,'Alimentação',1,44.76,1.000,676,17,1),(668,'Alimentação',1,49.00,1.000,677,17,1),(669,'Alimentação',1,27.88,1.000,678,17,1),(670,'Supermercado',1,126.86,1.000,679,19,1),(671,'Alimentação',1,44.00,1.000,680,17,1),(672,'Estacionamento',1,24.00,1.000,681,43,1),(673,'Condomínio',1,584.00,1.000,682,20,1),(674,'Energia elétrica',1,276.11,1.000,683,21,1),(675,'Pagamento de fatura :: C6 Card',1,1776.62,1.000,684,39,1),(676,'Roupas',1,119.80,1.000,685,27,1),(677,'Roupas',1,49.90,1.000,686,27,1),(678,'Alimentação',1,40.50,1.000,687,17,1),(679,'Alimentação',1,135.63,1.000,688,17,1),(680,'Salário Cast :: Adiantamento',1,1000.00,1.000,689,5,1),(681,'Salário Cast :: Complemento',1,2888.23,1.000,690,5,1),(682,'Presentes de Natal para os sobrinhos',1,95.97,1.000,691,46,1),(683,'Alimentação',1,193.70,1.000,692,17,1),(684,'Roupas',1,100.00,1.000,693,27,1),(685,'Estacionamento',1,12.00,1.000,694,43,1),(686,'Alimentação',1,24.44,1.000,695,17,1),(687,'Despesa não identificada',1,12.00,1.000,696,40,1),(688,'Tranferência para uso da TAG do C6 Bank',1,40.00,1.000,697,39,1),(689,'Tarifa Pacote de Serviços, cobrança referente 26/12/2024',1,14.60,1.000,698,39,1),(690,'Estacionamento',1,15.00,1.000,699,43,1),(691,'Reparo do microondas',1,100.00,1.000,700,44,1),(692,'Ponto de rifa',1,10.00,1.000,701,39,1),(693,'Alimentação, ceia de Natal',1,81.50,1.000,702,17,1),(694,'Limpeza Peugeot 208',1,50.00,1.000,703,45,1),(695,'Fotos de Natal em estúdio',1,65.00,1.000,704,46,1),(696,'Despesa não identificada',1,15.49,1.000,705,40,1),(697,'Alimentação',1,18.00,1.000,706,17,1),(698,'Aplicação de antibiótico por injeção',1,60.00,1.000,707,33,1),(699,'Despesa não identificada',1,19.37,1.000,708,40,1),(700,'Salão de beleza',1,80.00,1.000,709,41,1),(701,'Alimentação',1,9.90,1.000,710,17,1),(702,'Material escolar',1,27.62,1.000,711,41,1),(703,'Despesa não identificada',1,9.50,1.000,712,40,1),(704,'Despesa não identificada',1,41.41,1.000,713,40,1),(705,'Despesa não identificada',1,9.00,1.000,714,40,1),(706,'Instalação suspensão Absolute Prime',1,150.00,1.000,715,39,1),(707,'Despesa não identificada',1,20.00,1.000,716,40,1),(708,'Despesa não identificada',1,3.00,1.000,717,40,1),(709,'Despesa não identificada',1,28.00,1.000,718,40,1),(710,'Bolsa Rosa, presente natal Camila',1,89.90,1.000,719,27,1),(711,'Despesa não identificada',1,23.90,1.000,720,40,1),(712,'Mesada de dependente',1,60.00,1.000,721,41,1),(713,'Despesa não identificada',1,73.96,1.000,722,40,1),(714,'Despesa não identificada',1,259.98,1.000,723,40,1),(715,'Roupas',1,79.99,1.000,724,27,1),(716,'Sandálias Havaianas',1,149.98,1.000,725,27,1),(717,'Cast Décimo Terceiro :: Parcela 1',1,3053.95,1.000,726,5,1),(718,'Cast Décimo Terceiro :: Parcela 2',1,2165.61,1.000,727,5,1),(719,'Jangadeiro Praia Hotel :: Hospedagem',1,534.00,1.000,728,43,1),(720,'Água mineral',1,14.50,1.000,729,25,1),(721,'Plano de saúde Unimed',1,1255.75,1.000,730,34,1),(722,'Água mineral',1,14.50,1.000,731,25,1),(723,'Recarga de celular',1,30.00,1.000,732,42,1),(724,'Condomínio',1,584.00,1.000,733,20,1),(725,'Energia elétrica',1,276.19,1.000,734,21,1),(726,'Recarga de celular',1,79.90,1.000,735,42,1),(727,'Alimentação',1,10.20,1.000,736,17,1),(728,'Clothing and accessories',1,89.90,1.000,737,27,1),(729,'Clothing and accessories',1,19.99,1.000,738,27,1),(730,'Plano odontológico Uniodonto',1,48.60,1.000,739,35,1),(731,'Serviço de streaming',1,44.90,1.000,740,31,1),(732,'Água mineral',1,14.50,1.000,741,25,1),(733,'Alimentação',1,8.50,1.000,742,17,1),(734,'Alimentação',1,23.00,1.000,743,17,1),(735,'Supermercado',1,74.02,1.000,744,19,1),(736,'Água mineral',1,14.50,1.000,745,25,1),(737,'Alimentação',1,8.50,1.000,746,17,1),(738,'Alimentação',1,3.20,1.000,747,17,1),(739,'Alimentação',1,46.11,1.000,748,17,1),(740,'Alimentação',1,8.50,1.000,749,17,1),(741,'Supermercado',1,13.97,1.000,750,19,1),(742,'Saldo do mês anterior',1,1592.78,1.000,751,5,1),(743,'Cast Group :: Adiantamento',1,3000.00,1.000,752,5,1),(744,'Bike na Veia :: Pulseira',1,7.00,1.000,753,43,1),(745,'Medicamentos',1,23.99,1.000,754,33,1),(746,'Alimentação',1,38.00,1.000,755,17,1),(747,'Alimentação',1,44.50,1.000,756,17,1),(748,'Alimentação',1,30.00,1.000,757,17,1),(749,'Alimentação',1,17.32,1.000,758,17,1),(750,'Despesa não identificada',1,10.00,1.000,759,40,1),(751,'Alimentação',1,21.00,1.000,760,17,1),(752,'Alimentação',1,29.90,1.000,761,17,1),(753,'Combustível',1,80.00,1.000,762,23,1),(754,'Despesa não identificada',1,23.50,1.000,763,40,1),(755,'Despesa não identificada',1,23.90,1.000,764,40,1),(756,'Despesa não identificada',1,37.80,1.000,765,40,1),(757,'Internet residencial',1,115.52,1.000,766,31,1),(758,'Despesa não identificada',1,26.90,1.000,767,40,1),(760,'Despesa não identificada',1,20.00,1.000,769,40,1),(761,'Corrente e cadeado para botijão de gás',1,47.12,1.000,770,51,1),(762,'Alimentação',1,5.75,1.000,771,17,1),(763,'Tarifa Pacote de Serviços, cobrança referente 27/01/2025',1,14.60,1.000,772,39,1),(764,'Manutenção do liquidificador :: Entrada',1,70.00,1.000,773,51,1),(765,'Manutenção do liquidificador :: Restante',1,55.00,1.000,774,51,1),(766,'Material escolar',1,96.86,1.000,775,64,1),(767,'Material escolar',1,9.25,1.000,776,64,1),(768,'Itens variados',1,86.43,1.000,777,46,1),(769,'Itens variados',1,143.68,1.000,778,46,1),(770,'Despesa não identificada',1,200.00,1.000,779,40,1),(771,'Despesa não identificada',1,29.90,1.000,780,40,1),(772,'Saque aniversário FGTS 2025',1,0.14,1.000,781,5,1),(773,'Saque aniversário FGTS 2025',1,3734.77,1.000,782,5,1),(774,'Saque aniversário FGTS 2025',1,3734.91,1.000,783,7,1),(775,'Alimentação :: Pizza no sítio',1,39.00,1.000,784,5,1),(776,'Alimentação :: Pizza no sítio',1,40.00,1.000,785,5,1),(777,'Despesa não identificada',1,46.50,1.000,786,40,1),(778,'Despesa não identificada',1,140.00,1.000,787,40,1),(779,'Despesa não identificada',1,94.95,1.000,788,27,1),(780,'América presentes :: Material escolar',1,196.00,1.000,789,64,1),(781,'Aplicação na poupança',1,1592.78,1.000,790,7,1),(782,'Cast Group :: Complemento',1,3199.64,1.000,791,5,1),(783,'Saldo do mês anterior',1,19617.97,1.000,792,7,1),(784,'Reajuste Monetário',1,10.58,1.000,793,7,1),(785,'Reajuste Monetário',1,12.78,1.000,794,7,1),(786,'Reajuste Monetário',1,0.88,1.000,795,7,1),(787,'Reajuste Monetário',1,2.69,1.000,796,7,1),(788,'Juros',1,7.98,1.000,797,7,1),(789,'Juros',1,2.59,1.000,798,7,1),(790,'Juros',1,44.98,1.000,799,7,1),(791,'Juros',1,50.64,1.000,800,7,1),(792,'Bárbara :: Implante dentário (entrada)',1,800.00,1.000,801,41,1),(793,'Supermercado',1,23.28,1.000,802,19,1),(794,'Supermercado',1,10.39,1.000,803,19,1),(795,'Alimentação',1,19.00,1.000,804,17,1),(796,'Alimentação',1,74.72,1.000,805,17,1),(797,'Supermercado',1,721.85,1.000,806,19,1),(798,'Alimentação',1,26.08,1.000,807,17,1),(799,'Supermercado',1,206.24,1.000,808,19,1),(800,'Supermercado',1,18.48,1.000,809,19,1),(801,'Supermercado',1,20.18,1.000,810,19,1),(802,'Alimentação',1,3.74,1.000,811,17,1),(803,'Supermercado',1,33.96,1.000,812,19,1),(804,'Alimentação',1,17.67,1.000,813,17,1),(805,'Supermercado',1,163.86,1.000,814,19,1),(806,'Supermercado',1,198.98,1.000,815,19,1),(807,'Despesa não identificada',1,18.99,1.000,816,40,1),(808,'Despesa não identificada',1,46.13,1.000,817,40,1),(809,'Supermercado em Tibau',1,52.84,1.000,818,43,1),(810,'Recarga 2025-01',1,1656.39,1.000,819,12,1),(811,'Alimentação',1,84.20,1.000,820,17,1),(812,'Alimentação',1,9.65,1.000,821,17,1),(813,'Alimentação',1,55.90,1.000,822,17,1),(814,'Medicamentos',1,26.99,1.000,823,33,1),(815,'Supermercado',1,53.26,1.000,824,19,1),(816,'Supermercado',1,34.72,1.000,825,19,1),(817,'Combustível',1,100.00,1.000,826,23,1),(818,'Alimentação',1,2.73,1.000,827,17,1),(819,'Alimentação',1,8.50,1.000,828,17,1),(820,'Alimentação',1,0.00,1.000,829,17,1),(821,'Supermercado',1,47.01,1.000,830,19,1),(822,'Alimentação',1,5.50,1.000,831,17,1),(823,'Medicamentos',1,19.91,1.000,832,33,1),(824,'Medicamentos',1,57.09,1.000,833,33,1),(825,'Alimentação',1,65.67,1.000,834,17,1),(826,'Alimentação',1,56.45,1.000,835,17,1),(827,'Alimentação',1,52.65,1.000,836,17,1),(828,'Alimentação',1,24.00,1.000,837,17,1),(829,'Alimentação',1,8.50,1.000,838,17,1),(830,'Alimentação',1,108.79,1.000,839,17,1),(831,'Alimentação',1,3.63,1.000,840,17,1),(832,'Alimentação',1,104.39,1.000,841,17,1),(833,'Alimentação',1,47.00,1.000,842,17,1),(834,'Supermercado',1,47.31,1.000,843,19,1),(835,'Combustível',1,80.00,1.000,844,23,1),(836,'Alimentação',1,11.00,1.000,845,17,1),(837,'Alimentação',1,8.00,1.000,846,17,1),(838,'Alimentação',1,25.10,1.000,847,17,1),(839,'Alimentação',1,22.50,1.000,848,17,1),(840,'Alimentação',1,59.27,1.000,849,17,1),(841,'Supermercado',1,48.65,1.000,850,19,1),(842,'Alimentação',1,46.90,1.000,851,17,1),(843,'Alimentação',1,215.00,1.000,852,17,1),(844,'Combustível',1,100.00,1.000,853,23,1),(845,'Alimentação',1,8.00,1.000,854,17,1),(846,'Alimentação',1,28.00,1.000,855,17,1),(847,'Supermercado',1,38.55,1.000,856,19,1),(848,'Alimentação',1,48.58,1.000,857,17,1),(849,'Alimentação',1,12.90,1.000,858,17,1),(850,'Alimentação',1,26.90,1.000,859,17,1),(851,'Alimentação',1,32.00,1.000,860,17,1),(852,'Alimentação',1,15.97,1.000,861,17,1),(853,'Alimentação',1,53.90,1.000,862,17,1),(854,'Alimentação',1,52.47,1.000,863,17,1),(855,'Alimentação',1,38.70,1.000,864,17,1),(856,'Medicamentos',1,141.10,1.000,865,33,1),(857,'Alimentação',1,8.63,1.000,866,17,1),(858,'Alimentação',1,39.42,1.000,867,17,1),(859,'Alimentação',1,7.00,1.000,868,17,1),(860,'Alimentação',1,38.00,1.000,869,17,1),(861,'Despesa não identificada',1,9.00,1.000,870,40,1),(862,'Despesa não identificada',1,84.00,1.000,871,40,1),(863,'Alimentação',1,17.00,1.000,872,17,1),(864,'Alimentação',1,117.00,1.000,873,17,1),(865,'Gravação em garrafa térmica',1,19.00,1.000,874,46,1),(866,'Alimentação',1,33.01,1.000,875,17,1),(867,'Despesa não identificada',1,20.50,1.000,876,40,1),(868,'Alimentação',1,47.14,1.000,877,17,1),(869,'Compras para viagem à Tibau',1,18.96,1.000,878,43,1),(870,'Alimentação',1,33.00,1.000,879,17,1),(871,'Recarga 2025-01',1,2629.00,1.000,880,13,1),(872,'Alimentação',1,35.90,1.000,881,17,1),(873,'Uber',1,22.83,1.000,882,41,1),(874,'Uber',1,16.94,1.000,883,41,1),(875,'Uber',1,37.94,1.000,884,41,1),(876,'Serviços AWS',1,13.76,1.000,885,39,1),(877,'Assinatura Melimais',1,27.99,1.000,886,31,1),(878,'Alimentação',1,37.00,1.000,887,17,1),(879,'Alimentação',1,21.00,1.000,888,17,1),(880,'Alimentação',1,60.00,1.000,889,17,1),(881,'Alimentação',1,9.90,1.000,890,17,1),(882,'Alimentação',1,4.50,1.000,891,17,1),(883,'Sul América Odontologia',1,43.90,1.000,892,35,1),(884,'Alimentação',1,29.85,1.000,893,17,1),(885,'Roupas',1,59.60,1.000,894,27,1),(886,'Alimentação',1,28.27,1.000,895,17,1),(887,'Assinatura Microsoft 365 (Parcela 4/10)',1,34.99,1.000,896,30,1),(888,'Suspensão Absolute Prime SLR (Parcela 2/6)',1,99.15,1.000,897,46,1),(889,'Curso de desenho da Paula Stephania (Parcela 3/3)',1,88.16,1.000,898,46,1),(890,'Serviço de instalação da Absolute Prime SLR (Parcela 1/2)',1,75.00,1.000,899,46,1),(891,'Livros FTD 2025',1,279.20,1.000,900,64,1),(892,'Calçados',1,50.00,1.000,901,27,1),(893,'Despesa não identificada',1,12.99,1.000,902,40,1),(894,'Despesa não identificada',1,8.00,1.000,903,40,1),(895,'Despesa não identificada',1,2.10,1.000,904,40,1),(896,'Seguro 2024-2025 Peugeot 208 (Parcela 4/12)',1,248.05,1.000,905,50,1),(897,'Cosméticos',1,54.97,1.000,906,27,1),(898,'Despesa não identificada',1,23.98,1.000,907,40,1),(899,'Cadeira estofada Romana x 2 (Parcela 2/5)',1,71.99,1.000,908,29,1),(900,'Roupas (Parcela 2/2)',1,109.90,1.000,909,27,1),(901,'Escova progressiva (Parcela 1/2)',1,87.90,1.000,910,41,1),(902,'Roupas (Parcela 1/2)',1,59.85,1.000,911,27,1),(903,'Pagamento de Fatura :: Cartão C6',1,1755.61,1.000,912,78,1),(904,'Água mineral',1,14.50,1.000,913,25,1),(905,'Unimed',1,1141.23,1.000,914,34,1),(906,'Alimentação',1,4.76,1.000,915,17,1),(907,'Água mineral',1,14.50,1.000,916,25,1),(908,'Internet residencial',1,75.92,1.000,917,31,1),(909,'Crédito para celular',1,30.00,1.000,918,42,1),(910,'Condomínio',1,598.43,1.000,919,20,1),(911,'Energia elétrica',1,315.64,1.000,920,21,1),(912,'Alimentação',1,43.50,1.000,921,17,1),(913,'Alimentação',1,61.38,1.000,922,17,1),(914,'Claro móvel',1,79.90,1.000,923,42,1),(915,'Alimentação',1,10.04,1.000,924,17,1),(916,'Alimentação',1,34.00,1.000,925,17,1),(917,'Supermercado',1,11.98,1.000,926,19,1),(918,'Netflix',1,44.90,1.000,927,31,1),(919,'Alimentação',1,22.00,1.000,928,17,1),(920,'Pagamento de Fatura :: Cartão C6',1,1724.88,1.000,929,78,1),(921,'Água mineral',1,14.50,1.000,930,25,1),(922,'Combustível',1,100.00,1.000,931,23,1),(923,'Alimentação',1,8.50,1.000,932,17,1),(924,'Supermercado',1,31.26,1.000,933,19,1),(925,'Alimentação',1,48.00,1.000,934,17,1),(926,'Alimentação',1,21.00,1.000,935,17,1),(927,'Supermercado',1,13.98,1.000,936,19,1),(928,'Medicamentos',1,62.71,1.000,937,33,1),(929,'Alimentação',1,8.89,1.000,938,17,1),(930,'Supermercado',1,56.32,1.000,939,19,1),(931,'Alimentação',1,10.10,1.000,940,17,1),(932,'Alimentação',1,44.78,1.000,941,17,1),(933,'Alimentação',1,74.83,1.000,942,17,1),(934,'Supermercado',1,65.32,1.000,943,19,1),(935,'Medicamentos',1,9.00,1.000,944,33,1),(936,'Alimentação',1,22.00,1.000,945,17,1),(937,'Uniodonto',1,48.60,1.000,946,35,1),(938,'Água mineral',1,14.50,1.000,947,25,1),(939,'Alimentação',1,10.50,1.000,948,17,1),(940,'Alimentação',1,28.00,1.000,949,17,1),(941,'Alimentação',1,2.61,1.000,950,17,1),(942,'Alimentação',1,20.60,1.000,951,17,1),(943,'Alimentação',1,48.22,1.000,952,17,1),(944,'Combustível',1,50.00,1.000,953,23,1),(945,'Alimentação',1,8.50,1.000,954,17,1),(946,'Alimentação',1,34.65,1.000,955,17,1),(947,'Supermercado',1,204.25,1.000,956,19,1),(948,'Alimentação',1,82.50,1.000,957,17,1),(949,'Corte de cabelo',1,30.00,1.000,958,41,1),(950,'Alimentação',1,9.80,1.000,959,17,1),(951,'Pulseira Bike na Veia',1,7.00,1.000,960,43,1),(952,'Alimentação',1,2.00,1.000,961,17,1),(953,'Pulseira Bike na Veia',1,7.00,1.000,962,43,1),(954,'Despesa não identificada',1,3.00,1.000,963,40,1),(955,'Comida para pets',1,13.50,1.000,964,39,1),(956,'Rifa Bike na Veia',1,10.00,1.000,965,43,1),(957,'Alimentação',1,3.00,1.000,966,17,1),(958,'Saldo do mês anterior',1,54.43,1.000,967,5,1),(959,'Cast Group :: Adiantamento',1,3000.00,1.000,968,5,1),(960,'Cast Group :: Complemento',1,3143.49,1.000,969,5,1),(961,'Presente de aniversário :: Glauter Carneiro',1,89.99,1.000,970,84,1),(962,'Presente de aniversário :: Camila Elien',1,265.00,1.000,971,84,1),(963,'Alimentação',1,18.00,1.000,972,17,1),(964,'Despesa não identificada',1,15.00,1.000,973,40,1),(965,'Despesa não identificada',1,4.00,1.000,974,40,1),(966,'Despesa não identificada',1,14.00,1.000,975,40,1),(967,'Despesa não identificada',1,23.70,1.000,976,40,1),(968,'Despesa não identificada',1,10.00,1.000,977,40,1),(969,'Alimentação',1,37.50,1.000,978,17,1),(970,'Creme desodorante de mãos Cereja e Baunilha',1,7.98,1.000,979,46,1),(971,'Tarifa Pacote de Serviços, cobrança referente 25/02/2025',1,14.90,1.000,980,39,1),(972,'Alimentação',1,17.00,1.000,981,17,1),(973,'Despesa não identificada',1,49.98,1.000,982,40,1),(974,'Circo Celestia :: 2 ingressos adultos',1,89.78,1.000,983,43,1),(975,'Despesa não identificada',1,6.00,1.000,984,40,1),(976,'Ressarcimento de 2 ingressos adultos para o circo Celestia',1,100.00,1.000,985,5,1),(977,'Ligas de cabelo',1,5.90,1.000,986,27,1),(978,'Par de meias',1,35.80,1.000,987,27,1),(979,'Despesa não identificada',1,7.50,1.000,988,40,1),(980,'Presente de aniversário Matheus Krinsky',1,79.90,1.000,989,84,1),(981,'Alimentação :: Ressarcimento',1,6.00,1.000,990,5,1),(982,'Alimentação :: Ressarcimento',1,41.89,1.000,991,5,1),(983,'Tranferência para uso da TAG do C6 Bank',1,20.00,1.000,992,39,1),(984,'Uber :: Ressarcimento de viagem',1,50.00,1.000,993,5,1),(985,'Circo Celestia :: Ressarcimento de ingressos',1,180.00,1.000,994,5,1),(986,'Saldo do mês anterior',1,24278.78,1.000,995,7,1),(987,'Juros',1,6.38,1.000,996,7,1),(988,'Juros',1,18.71,1.000,997,7,1),(989,'Juros',1,17.22,1.000,998,7,1),(990,'Juros',1,50.97,1.000,999,7,1),(991,'Juros',1,13.97,1.000,1000,7,1),(992,'Juros',1,41.28,1.000,1001,7,1),(993,'Juros',1,2.12,1.000,1002,7,1),(994,'Juros',1,8.03,1.000,1003,7,1),(995,'Juros',1,0.69,1.000,1004,7,1),(996,'Juros',1,2.61,1.000,1005,7,1),(997,'Peugeot 208 :: IPVA 2025, Parcela 1',1,384.62,1.000,1006,37,1),(998,'Supermercado',1,170.00,1.000,1007,19,1),(999,'Supermercado',1,24.58,1.000,1008,19,1),(1000,'Alimentação',1,23.00,1.000,1009,17,1),(1001,'Supermercado',1,391.49,1.000,1010,19,1),(1002,'Supermercado',1,64.52,1.000,1011,19,1),(1003,'Supermercado',1,654.98,1.000,1012,19,1),(1004,'Supermercado',1,43.20,1.000,1013,19,1),(1005,'Supermercado',1,224.33,1.000,1014,19,1),(1006,'Alimentação',1,34.93,1.000,1015,17,1),(1007,'Alimentação',1,23.62,1.000,1016,17,1),(1008,'Recarga 2025-02',1,1656.39,1.000,1017,12,1),(1009,'Supermercado',1,10.00,1.000,1018,19,1),(1010,'Alimentação',1,38.90,1.000,1019,17,1),(1011,'Alimentação',1,10.50,1.000,1020,17,1),(1012,'Supermercado',1,2.99,1.000,1021,19,1),(1013,'Alimentação',1,3.49,1.000,1022,17,1),(1014,'Alimentação',1,63.89,1.000,1023,17,1),(1015,'Alimentação',1,13.00,1.000,1024,17,1),(1016,'Alimentação',1,49.90,1.000,1025,17,1),(1017,'Alimentação',1,64.37,1.000,1026,17,1),(1018,'Alimentação',1,12.90,1.000,1027,17,1),(1019,'Alimentação',1,54.67,1.000,1028,17,1),(1020,'Alimentação',1,8.50,1.000,1029,17,1),(1021,'Alimentação',1,23.40,1.000,1030,17,1),(1022,'Alimentação',1,24.99,1.000,1031,17,1),(1023,'Combustível',1,252.92,1.000,1032,23,1),(1024,'Alimentação',1,19.00,1.000,1033,17,1),(1025,'Alimentação',1,23.50,1.000,1034,17,1),(1026,'Medicamentos',1,9.99,1.000,1035,33,1),(1027,'Alimentação',1,29.78,1.000,1036,17,1),(1028,'Medicamentos',1,21.00,1.000,1037,33,1),(1029,'Medicamentos',1,25.00,1.000,1038,33,1),(1030,'Alimentação',1,10.50,1.000,1039,17,1),(1031,'Alimentação',1,41.00,1.000,1040,17,1),(1032,'Medicamentos',1,34.80,1.000,1041,33,1),(1033,'Alimentação',1,44.00,1.000,1042,17,1),(1034,'Alimentação',1,16.17,1.000,1043,17,1),(1035,'Alimentação',1,20.34,1.000,1044,17,1),(1036,'Alimentação',1,23.11,1.000,1045,17,1),(1037,'Alimentação',1,12.62,1.000,1046,17,1),(1038,'Alimentação',1,26.00,1.000,1047,17,1),(1039,'Alimentação',1,29.00,1.000,1048,17,1),(1040,'Alimentação',1,4.00,1.000,1049,17,1),(1041,'Alimentação',1,37.47,1.000,1050,17,1),(1042,'Alimentação',1,29.85,1.000,1051,17,1),(1043,'Recarga 2025-02',1,2629.00,1.000,1052,13,1),(1044,'Colégio :: Mensalidade 2025-02',1,1374.05,1.000,1053,64,1),(1045,'Exame médico',1,94.00,1.000,1054,41,1),(1046,'Despesa não identificada',1,20.00,1.000,1055,40,1),(1047,'Despesa não identificada',1,29.40,1.000,1056,40,1),(1048,'Despesa não identificada',1,20.00,1.000,1057,40,1),(1049,'Assinatura Melimais',1,27.99,1.000,1058,31,1),(1050,'Cadeira estofada Romana x 2 (Parcela 3/5)',1,71.99,1.000,1059,29,1),(1051,'Serviço de instalação da Absolute Prime SLR (Parcela 2/2)',1,75.00,1.000,1060,46,1),(1052,'Seguro 2024-2025 Peugeot 208 (Parcela 5/12)',1,248.05,1.000,1061,50,1),(1053,'Sul América Odontologia (Parcela 9/12)',1,43.90,1.000,1062,35,1),(1054,'Assinatura Microsoft 365 (Parcela 5/10)',1,34.99,1.000,1063,30,1),(1055,'Suspensão Absolute Prime SLR (Parcela 3/6)',1,99.15,1.000,1064,46,1),(1056,'Livros FTD 2025 (Parcela 2/6)',1,279.16,1.000,1065,64,1),(1057,'Alimentação',1,16.79,1.000,1066,17,1),(1058,'Supermercado',1,73.10,1.000,1067,19,1),(1059,'Implante dentário :: inplante de dois pinos (Parcela 1/5)',1,200.00,1.000,1068,41,1),(1060,'Alimentação',1,29.85,1.000,1069,17,1),(1061,'Roupas (Parcela 2/2)',1,59.85,1.000,1070,27,1),(1062,'Roupa de academia',1,52.00,1.000,1071,27,1),(1063,'Academia',1,89.90,1.000,1072,85,1),(1064,'Serviço de estética :: Sobrancelhas',1,25.00,1.000,1073,41,1),(1065,'Despesa não identificada',1,29.90,1.000,1074,40,1),(1066,'Despesa não identificada',1,18.50,1.000,1075,40,1),(1067,'Assinatura Jus Brasil',1,1.90,1.000,1076,39,1),(1068,'Farda de educação física',1,76.00,1.000,1077,64,1),(1069,'Escova progressiva (Parcela 2/2)',1,87.90,1.000,1078,41,1),(1070,'Despesa não identificada',1,83.96,1.000,1079,40,1),(1071,'Água mineral',1,14.50,1.000,1080,25,1),(1072,'Condomínio',1,527.85,1.000,1081,20,1),(1073,'Energia elétrica',1,288.65,1.000,1082,21,1),(1074,'Internet residencial',1,94.90,1.000,1083,31,1),(1075,'Alimentação',1,58.05,1.000,1084,17,1),(1076,'Alimentação',1,3.63,1.000,1085,17,1),(1077,'Claro móvel',1,79.90,1.000,1086,42,1),(1078,'Combustível',1,248.05,1.000,1087,23,1),(1079,'Pagamento de Fatura :: Cartão C6',1,1657.15,1.000,1088,78,1),(1080,'Alimentação',1,10.50,1.000,1089,17,1),(1081,'Alimentação',1,8.27,1.000,1090,17,1),(1082,'Crédito para celular',1,30.00,1.000,1091,42,1),(1083,'Água mineral',1,14.50,1.000,1092,25,1),(1084,'Netflix',1,44.90,1.000,1093,31,1),(1085,'Alimentação',1,8.50,1.000,1094,17,1),(1086,'Supermercado',1,27.76,1.000,1095,19,1),(1087,'Alimentação',1,8.50,1.000,1096,17,1),(1088,'Água mineral',1,14.50,1.000,1097,25,1),(1089,'Supermercado',1,30.89,1.000,1098,19,1),(1090,'Alimentação',1,10.50,1.000,1099,17,1),(1091,'Alimentação',1,48.96,1.000,1100,17,1),(1092,'Supermercado',1,48.46,1.000,1101,19,1),(1093,'Uniodonto',1,48.60,1.000,1102,35,1),(1094,'Alimentação',1,27.50,1.000,1103,17,1),(1095,'Água mineral',1,14.50,1.000,1104,25,1),(1096,'Saldo do mês anterior',1,306.90,1.000,1105,5,1),(1097,'Alimentação',1,20.00,1.000,1106,17,1),(1098,'Alimentação',1,51.00,1.000,1107,17,1),(1099,'Alimentação',1,101.09,1.000,1108,17,1),(1100,'Alimentação',1,2.04,1.000,1109,17,1),(1101,'Alimentação',1,68.14,1.000,1110,17,1),(1102,'Alimentação',1,29.00,1.000,1111,17,1),(1103,'Medicamentos',1,21.00,1.000,1112,33,1),(1104,'Medicamentos',1,76.50,1.000,1113,33,1),(1105,'Unimed',1,1032.62,1.000,1114,34,1),(1106,'Aulas de balet',1,135.00,1.000,1115,85,1),(1107,'Medicamentos',1,4.49,1.000,1116,33,1),(1108,'Tarifa Pacote de Serviços, cobrança referente 25/03/2025',1,14.90,1.000,1117,39,1),(1109,'Alimentação',1,38.00,1.000,1118,17,1),(1110,'Cast Group :: Completo',1,5889.16,1.000,1119,5,1),(1111,'Aplicação na poupança',1,306.90,1.000,1120,7,1),(1112,'Alimentação',1,5.00,1.000,1121,17,1),(1113,'Jogos digitais :: Cities Skylines, Limbo, Inside',1,20.78,1.000,1122,30,1),(1114,'AliExpress :: Itens diversos',1,146.23,1.000,1123,46,1),(1115,'Alimentação',1,4.00,1.000,1124,17,1),(1116,'Presente de anivesário :: Benício',1,69.99,1.000,1125,84,1),(1117,'Roupas',1,40.00,1.000,1126,27,1),(1118,'Presente de aniversário :: Breno',1,79.99,1.000,1127,84,1),(1119,'Despesa não identificada',1,50.00,1.000,1128,40,1),(1120,'Despesa não identificada',1,26.90,1.000,1129,40,1),(1121,'Despesa não identificada',1,58.30,1.000,1130,40,1),(1122,'Ressarcimento de compras',1,77.50,1.000,1131,5,1),(1123,'Roupas',1,80.00,1.000,1132,27,1),(1124,'Mesada para Camila',1,60.00,1.000,1133,39,1),(1125,'Entrada não identificada',1,44.90,1.000,1134,5,1),(1126,'Juros',1,2.77,1.000,1135,7,1),(1127,'Juros',1,18.81,1.000,1136,7,1),(1128,'Juros',1,7.57,1.000,1137,7,1),(1129,'Juros',1,51.27,1.000,1138,7,1),(1130,'Juros',1,5.89,1.000,1139,7,1),(1131,'Juros',1,39.59,1.000,1140,7,1),(1132,'Juros',1,0.57,1.000,1141,7,1),(1133,'Juros',1,2.63,1.000,1142,7,1),(1134,'IPVA 2025, Parcela 2',1,373.99,1.000,1143,37,1),(1135,'Saldo do mês anterior',1,24056.14,1.000,1144,7,1),(1136,'Supermercado',1,43.59,1.000,1145,19,1),(1137,'Supermercado',1,151.28,1.000,1146,19,1),(1138,'Alimentação',1,51.57,1.000,1147,17,1),(1139,'Supermercado',1,10.78,1.000,1148,19,1),(1140,'Alimentação',1,3.47,1.000,1149,17,1),(1141,'Alimentação',1,57.10,1.000,1150,17,1),(1142,'Supermercado',1,634.69,1.000,1151,19,1),(1143,'Supermercado',1,46.75,1.000,1152,19,1),(1144,'Supermercado',1,61.14,1.000,1153,19,1),(1145,'Alimentação',1,23.00,1.000,1154,17,1),(1146,'Supermercado',1,141.41,1.000,1155,19,1),(1147,'Alimentação',1,58.47,1.000,1156,17,1),(1148,'Despesa não identificada',1,27.12,1.000,1157,40,1),(1149,'Recarga 2025-03',1,1656.39,1.000,1158,12,1),(1150,'Saldo do mês anterior',1,1.74,1.000,1159,12,1),(1151,'Supermercado',1,188.96,1.000,1160,19,1),(1152,'Despesa não identificada',1,158.80,1.000,1161,40,1),(1153,'Alimentação',1,56.24,1.000,1162,17,1),(1154,'Alimentação',1,58.58,1.000,1163,17,1),(1155,'Supermercado',1,36.20,1.000,1164,19,1),(1156,'Alimentação',1,23.00,1.000,1165,17,1),(1157,'Medicamentos',1,26.00,1.000,1166,17,1),(1158,'Alimentação',1,9.59,1.000,1167,17,1),(1159,'Alimentação',1,56.89,1.000,1168,17,1),(1160,'Alimentação',1,0.00,1.000,1169,17,1),(1161,'Medicamentos',1,35.00,1.000,1170,17,1),(1162,'Medicamentos',1,52.99,1.000,1171,17,1),(1163,'Alimentação',1,8.50,1.000,1172,17,1),(1164,'Alimentação',1,8.50,1.000,1173,17,1),(1165,'Medicamentos',1,55.86,1.000,1174,33,1),(1166,'Alimentação',1,12.90,1.000,1175,17,1),(1167,'Alimentação',1,43.36,1.000,1176,17,1),(1168,'Alimentação',1,70.00,1.000,1177,17,1),(1169,'Alimentação',1,20.00,1.000,1178,17,1),(1170,'Alimentação',1,54.29,1.000,1179,17,1),(1171,'Alimentação',1,93.00,1.000,1180,17,1),(1172,'Alimentação',1,30.00,1.000,1181,17,1),(1173,'Medicamentos',1,23.00,1.000,1182,33,1),(1174,'Alimentação',1,38.89,1.000,1183,17,1),(1175,'Alimentação',1,26.34,1.000,1184,17,1),(1176,'Medicamentos',1,48.99,1.000,1185,33,1),(1177,'Alimentação',1,23.59,1.000,1186,17,1),(1178,'Alimentação',1,45.93,1.000,1187,17,1),(1179,'Alimentação',1,38.91,1.000,1188,17,1),(1180,'Colégio :: Mensalidade 2025-03',1,1374.05,1.000,1189,88,1),(1181,'Recarga 2025-02',1,2629.00,1.000,1190,13,1),(1182,'Medicamentos',1,51.48,1.000,1191,33,1),(1183,'Medicamentos',1,83.47,1.000,1192,33,1),(1184,'Despesa não identificada',1,47.00,1.000,1193,40,1),(1185,'Despesa não identificada',1,30.80,1.000,1194,40,1),(1186,'Despesa não identificada',1,20.00,1.000,1195,40,1),(1187,'Supermercado :: Viagem para Tibau',1,20.00,1.000,1196,39,1),(1188,'Uber',1,32.84,1.000,1197,41,1),(1189,'Assinatura Melimais',1,27.99,1.000,1198,31,1),(1190,'Cadeira estofada Romana x 2 (Parcela 4/5)',1,71.99,1.000,1199,29,1),(1191,'Implante dentário :: implante de dois pinos (Parcela 2/5)',1,200.00,1.000,1200,41,1),(1192,'Sul América Odontologia (Parcela 10/12)',1,43.90,1.000,1201,35,1),(1193,'Assinatura Microsoft 365 (Parcela 6/10)',1,34.99,1.000,1202,30,1),(1194,'Suspensão Absolute Prime SLR (Parcela 4/6)',1,99.15,1.000,1203,46,1),(1195,'Livros FTD 2025 (Parcela 3/6)',1,279.16,1.000,1204,89,1),(1196,'Alimentação',1,29.58,1.000,1205,17,1),(1197,'Alimentação',1,26.90,1.000,1206,17,1),(1198,'Alimentação',1,8.00,1.000,1207,17,1),(1199,'Academia',1,89.90,1.000,1208,85,1),(1200,'Alimentação',1,25.59,1.000,1209,17,1),(1201,'Academia',1,62.93,1.000,1210,85,1),(1202,'Seguro 2024-2025 Peugeot 208 (Parcela 6/12)',1,248.05,1.000,1211,50,1),(1203,'Assinatura Jus Brasil',1,29.90,1.000,1212,39,1),(1204,'Despesa não identificada',1,35.00,1.000,1213,40,1),(1205,'Despesa não identificada',1,15.00,1.000,1214,40,1),(1206,'Itens variados',1,69.98,1.000,1215,46,1),(1207,'Itens variados',1,34.13,1.000,1216,46,1),(1208,'Despesa não identificada',1,124.67,1.000,1217,40,1),(1209,'Despesa não identificada',1,67.50,1.000,1218,40,1),(1210,'Alimentação',1,2.50,1.000,1219,17,1),(1211,'Supermercado',1,19.29,1.000,1220,19,1),(1212,'Combustível',1,256.17,1.000,1221,23,1),(1213,'Alimentação',1,15.92,1.000,1222,17,1),(1214,'Água mineral',1,14.50,1.000,1223,25,1),(1215,'Alimentação',1,8.50,1.000,1224,17,1),(1216,'Unimed',1,1216.54,1.000,1225,34,1),(1217,'Aulas de balet',1,230.00,1.000,1226,85,1),(1218,'Alimentação',1,8.50,1.000,1227,17,1),(1219,'Condomínio',1,527.85,1.000,1228,20,1),(1220,'Internet residencial',1,94.90,1.000,1229,31,1),(1221,'Água mineral',1,14.50,1.000,1230,25,1),(1222,'Pagamento de Fatura :: Cartão C6',1,2131.27,1.000,1231,78,1),(1223,'Claro móvel',1,86.20,1.000,1232,42,1),(1224,'Alimentação',1,59.96,1.000,1233,17,1),(1225,'Crédito para celular',1,30.00,1.000,1234,42,1),(1226,'Água mineral',1,14.50,1.000,1235,25,1),(1227,'Combustível',1,150.00,1.000,1236,23,1),(1228,'Alimentação',1,8.50,1.000,1237,17,1),(1229,'Supermercado',1,51.79,1.000,1238,19,1),(1230,'Água mineral',1,14.50,1.000,1239,25,1),(1231,'Alimentação',1,23.00,1.000,1240,17,1),(1232,'Alimentação',1,44.77,1.000,1241,17,1),(1233,'Água mineral',1,14.50,1.000,1242,25,1),(1234,'Saldo do mês anterior',1,407.07,1.000,1243,5,1),(1235,'Alimentação',1,150.00,1.000,1244,17,1),(1236,'Alimentação',1,10.00,1.000,1245,17,1),(1237,'Alimentação',1,125.62,1.000,1246,17,1),(1238,'Cast Group :: Adiantamento',1,3000.00,1.000,1247,5,1),(1239,'Cast Group :: Complemento',1,3126.99,1.000,1248,5,1),(1240,'Alimentação',1,50.25,1.000,1249,17,1),(1241,'Aplicação na poupança',1,407.07,1.000,1250,7,1),(1242,'Bateria de Lítio CR2032 Cartela com 5 unidades 3v Elgin',1,26.93,1.000,1251,30,1),(1243,'Bike na Veia :: Pulseira',1,7.00,1.000,1252,43,1),(1244,'Limpeza Peugeot 208',1,50.00,1.000,1253,45,1),(1245,'Salão de beleza',1,80.00,1.000,1254,41,1),(1246,'Roupas de balet',1,64.80,1.000,1255,46,1),(1247,'Gás de cozinha',1,112.00,1.000,1256,36,1),(1248,'Energia elétrica',1,238.29,1.000,1257,21,1),(1249,'Presente de Páscoa para professores do Ágape',1,33.65,1.000,1258,84,1),(1250,'Alimentação',1,66.00,1.000,1259,17,1),(1251,'Alimentação',1,38.00,1.000,1260,17,1),(1252,'Despesa não identificada',1,20.00,1.000,1261,40,1),(1253,'Aniversário Camila 2025 :: sacolas de lembrancinhas',1,30.00,1.000,1262,46,1),(1254,'Medicamentos',1,32.62,1.000,1263,33,1),(1255,'Alimentação',1,59.80,1.000,1264,17,1),(1256,'Supermercado',1,38.39,1.000,1265,19,1),(1257,'Alimentação',1,50.00,1.000,1266,17,1),(1258,'Tarifa Pacote de Serviços, cobrança referente 25/04/2025',1,14.90,1.000,1267,39,1),(1259,'Itens para home office',1,65.70,1.000,1268,46,1),(1260,'Aniversário Camila 2025 :: decoração',1,40.00,1.000,1269,46,1),(1261,'Aniversário Camila 2025 :: sacolas de lembrancinhas',1,30.00,1.000,1270,46,1),(1262,'Template de convite de aniversário para Canva',1,8.98,1.000,1271,46,1),(1263,'Despesa não identificada',1,8.50,1.000,1272,40,1),(1264,'Despesa não identificada',1,100.00,1.000,1273,40,1),(1265,'Despesa não identificada',1,64.00,1.000,1274,40,1),(1266,'Aniversário Camila 2025 :: impressões para topo de bolo',1,30.50,1.000,1275,46,1),(1267,'Transporte (não identificado)',1,25.00,1.000,1276,41,1),(1268,'Retirada da poupança',1,500.00,1.000,1277,5,1),(1269,'Retirada da poupança',1,183.06,1.000,1278,5,1),(1270,'Salão de beleza',1,47.00,1.000,1279,41,1),(1271,'Salão de beleza',1,51.62,1.000,1280,41,1),(1272,'Juros',1,2.31,1.000,1281,7,1),(1273,'Juros',1,8.08,1.000,1282,7,1),(1274,'Juros',1,6.40,1.000,1283,7,1),(1275,'Juros',1,18.94,1.000,1284,7,1),(1276,'Juros',1,17.54,1.000,1285,7,1),(1277,'Juros',1,51.28,1.000,1286,7,1),(1278,'Juros',1,13.44,1.000,1287,7,1),(1279,'Juros',1,39.85,1.000,1288,7,1),(1280,'Juros',1,1.58,1.000,1289,7,1),(1281,'Juros',1,4.68,1.000,1290,7,1),(1282,'Juros',1,2.29,1.000,1291,7,1),(1283,'Juros',1,8.13,1.000,1292,7,1),(1284,'Saldo do mês anterior',1,24118.15,1.000,1293,7,1),(1285,'Corte de cabelo',1,30.00,1.000,1294,41,1),(1286,'Aniversário Camila 2025 :: despesa com parquinho',1,468.00,1.000,1295,46,1),(1287,'Supermercado',1,60.75,1.000,1296,19,1),(1288,'Supermercado',1,440.45,1.000,1297,19,1),(1289,'Supermercado',1,3.00,1.000,1298,19,1),(1290,'Alimentação',1,9.47,1.000,1299,17,1),(1291,'Alimentação',1,37.50,1.000,1300,17,1),(1292,'Alimentação',1,27.01,1.000,1301,17,1),(1293,'Supermercado',1,600.88,1.000,1302,19,1),(1294,'Recarga 2025-04',1,1656.39,1.000,1303,12,1),(1295,'Supermercado',1,132.87,1.000,1304,19,1),(1296,'Supermercado',1,25.79,1.000,1305,19,1),(1297,'Supermercado',1,34.89,1.000,1306,19,1),(1298,'Supermercado',1,93.88,1.000,1307,19,1),(1299,'Supermercado',1,35.82,1.000,1308,19,1),(1300,'Supermercado',1,14.72,1.000,1309,19,1),(1301,'Supermercado',1,55.91,1.000,1310,19,1),(1302,'Supermercado',1,42.33,1.000,1311,19,1),(1303,'Alimentação',1,5.11,1.000,1312,17,1),(1304,'Despesa não identificada',1,36.01,1.000,1313,40,1),(1305,'Supermercado',1,3.23,1.000,1314,19,1),(1306,'Supermercado',1,60.00,1.000,1315,19,1),(1307,'Alimentação',1,8.50,1.000,1316,17,1),(1308,'Alimentação',1,39.75,1.000,1317,17,1),(1309,'Alimentação',1,38.00,1.000,1318,17,1),(1310,'Alimentação',1,6.00,1.000,1319,17,1),(1311,'Alimentação',1,12.90,1.000,1320,17,1),(1312,'Alimentação',1,17.00,1.000,1321,17,1),(1313,'Alimentação',1,8.00,1.000,1322,17,1),(1314,'Alimentação',1,34.90,1.000,1323,17,1),(1315,'Alimentação',1,29.00,1.000,1324,17,1),(1316,'Medicamentos',1,75.03,1.000,1325,33,1),(1317,'Alimentação',1,25.50,1.000,1326,17,1),(1318,'Alimentação',1,45.05,1.000,1327,17,1),(1319,'Alimentação',1,26.50,1.000,1328,17,1),(1320,'Saldo do mês anterior',1,5.65,1.000,1329,13,1),(1321,'Recarga 2025-04',1,2629.00,1.000,1330,13,1),(1322,'Alimentação',1,69.10,1.000,1331,17,1),(1323,'Alimentação',1,24.00,1.000,1332,17,1),(1324,'Alimentação',1,61.79,1.000,1333,17,1),(1325,'Alimentação',1,10.00,1.000,1334,17,1),(1326,'Alimentação',1,81.40,1.000,1335,17,1),(1327,'Alimentação',1,57.68,1.000,1336,17,1),(1328,'Alimentação',1,11.78,1.000,1337,17,1),(1329,'Alimentação',1,64.50,1.000,1338,17,1),(1330,'Mensalidade 2025-04',1,1374.05,1.000,1339,88,1),(1331,'Estacionamento',1,12.00,1.000,1340,43,1),(1332,'Meddicamentos',1,67.48,1.000,1341,33,1),(1333,'Alimentação',1,21.00,1.000,1342,17,1),(1334,'Alimentação',1,8.00,1.000,1343,17,1),(1335,'Supermercado',1,112.54,1.000,1344,19,1),(1336,'Despesa não identificada',1,5.00,1.000,1345,40,1),(1337,'Alimentação',1,7.90,1.000,1346,17,1),(1338,'Produtos de beleza e higiene pessoal',1,41.90,1.000,1347,41,1),(1339,'Produtos de beleza e higiene pessoal',1,62.87,1.000,1348,41,1),(1340,'Alimentação',1,112.30,1.000,1349,17,1),(1341,'Uber',1,10.96,1.000,1350,41,1),(1342,'Uber',1,13.95,1.000,1351,41,1),(1343,'Uber',1,4.20,1.000,1352,41,1),(1344,'Uber',1,17.12,1.000,1353,41,1),(1345,'Assinatura Melimais',1,24.90,1.000,1354,31,1),(1346,'Alimentação',1,61.80,1.000,1355,17,1),(1347,'Cadeira estofada Romana x 2 (Parcela 5/5)',1,71.99,1.000,1356,29,1),(1348,'Implante dentário :: implante de dois pinos (Parcela 3/5)',1,200.00,1.000,1357,41,1),(1349,'Sul América Odontologia (Parcela 11/12)',1,43.90,1.000,1358,35,1),(1350,'Assinatura Microsoft 365 (Parcela 7/10)',1,34.99,1.000,1359,30,1),(1351,'Suspensão Absolute Prime SLR (Parcela 5/6)',1,99.15,1.000,1360,46,1),(1352,'Livros FTD 2025 (Parcela 4/6)',1,279.16,1.000,1361,89,1),(1353,'Academia',1,89.90,1.000,1362,85,1),(1354,'Academia',1,89.90,1.000,1363,85,1),(1355,'Alimentação',1,53.89,1.000,1364,17,1),(1356,'Alimentação',1,38.79,1.000,1365,17,1),(1357,'Alimentação',1,41.89,1.000,1366,17,1),(1358,'Seguro 2024-2025 Peugeot 208 (Parcela 7/12)',1,248.05,1.000,1367,50,1),(1359,'Alimentação',1,176.55,1.000,1368,17,1),(1360,'Itens para o lar (Parcela 1/2)',1,76.12,1.000,1369,46,1),(1361,'Blusa manga curta canelado estampado',1,49.90,1.000,1370,27,1),(1362,'Jogo Avatar World :: pacote de complemento',1,6.49,1.000,1371,30,1),(1363,'Jogo Avatar World :: pacote de complemento',1,28.99,1.000,1372,30,1),(1364,'Itens diversos',1,42.24,1.000,1373,46,1),(1365,'Ingressos para apresentação da Páscoa do colégio Ágape',1,70.00,1.000,1374,43,1),(1366,'Academia',1,89.90,1.000,1375,85,1),(1367,'Sandalia dourada com laco e pedrinhas com brilho nas pontas',1,89.90,1.000,1376,27,1),(1368,'Vestido (Parcela 1/3)',1,76.64,1.000,1377,27,1),(1369,'Combustível',1,268.82,1.000,1378,23,1),(1370,'Aulas de balet',1,95.00,1.000,1379,85,1),(1371,'Supermercado',1,30.00,1.000,1380,19,1),(1372,'Supermercado',1,9.99,1.000,1381,19,1),(1373,'Aulas de balet',1,230.00,1.000,1382,85,1),(1374,'Água mineral',1,14.50,1.000,1383,25,1),(1375,'Alimentação',1,23.00,1.000,1384,17,1),(1376,'Uniodonto',1,53.98,1.000,1385,35,1),(1377,'Condomínio',1,527.85,1.000,1386,20,1),(1378,'Pagamento de Fatura :: Cartão C6',1,2409.76,1.000,1387,78,1),(1379,'Claro móvel',1,86.20,1.000,1388,42,1),(1380,'Internet residencial',1,94.90,1.000,1389,31,1),(1381,'Água mineral',1,14.50,1.000,1390,25,1),(1382,'Combustível',1,100.00,1.000,1391,23,1),(1383,'Saldo do mês anterior',1,2.34,1.000,1392,5,1),(1384,'Cast Group :: Adiantamento',1,3000.00,1.000,1393,5,1),(1385,'Medicamentos',1,60.98,1.000,1394,33,1),(1386,'Cast Group :: Complemento',1,3116.08,1.000,1395,5,1),(1387,'Alimentação',1,74.00,1.000,1396,17,1),(1388,'Alimentação',1,29.00,1.000,1397,17,1),(1389,'Aniversário Camila 2025 :: doces e bolo de corte',1,280.00,1.000,1398,46,1),(1390,'Supermercado',1,3.97,1.000,1399,19,1),(1391,'Alimentação',1,38.00,1.000,1400,17,1),(1392,'Tarifa Pacote de Serviços, cobrança referente 26/05/2025',1,1.75,1.000,1401,39,1),(1393,'Manutenção do apartamento',1,17.48,1.000,1402,51,1),(1394,'Template de Curriculo Tammy',1,99.90,1.000,1403,65,1),(1395,'Cota para churrasco no sítio',1,64.00,1.000,1404,17,1),(1396,'Unimed',1,1158.76,1.000,1405,34,1),(1397,'Conta C6 Bank :: Crédito para Tag C6 Veloe',1,40.00,1.000,1406,39,1),(1398,'Curso Angular 19 - Curso Completo do Iniciante ao Avançado',1,29.90,1.000,1407,65,1),(1399,'Dobradiças para o armário da cozinha',1,43.59,1.000,1408,51,1),(1400,'Materiais para remoção da caixa do ar-condicionado',1,20.00,1.000,1409,51,1),(1401,'Materiais para remoção da caixa do ar-condicionado',1,48.90,1.000,1410,51,1),(1402,'Itens de vestuário',1,59.99,1.000,1411,27,1),(1403,'Itens de vestuário',1,89.90,1.000,1412,27,1),(1404,'Presente Dias das Mães, VIlde',1,79.90,1.000,1413,84,1),(1405,'Despesa não identificada',1,19.90,1.000,1414,40,1),(1406,'Retirada da poupança',1,100.00,1.000,1415,5,1),(1407,'Juros',1,5.39,1.000,1416,7,1),(1408,'Juros',1,19.06,1.000,1417,7,1),(1409,'Juros',1,14.07,1.000,1418,7,1),(1410,'Juros',1,49.10,1.000,1419,7,1),(1411,'Juros',1,36.71,1.000,1420,7,1),(1412,'Juros',1,12.54,1.000,1421,7,1),(1413,'Juros',1,4.71,1.000,1422,7,1),(1414,'Juros',1,1.61,1.000,1423,7,1),(1415,'Juros',1,2.80,1.000,1424,7,1),(1416,'Juros',1,8.19,1.000,1425,7,1),(1417,'Saldo do mês anterior',1,23518.68,1.000,1426,7,1),(1418,'Energia elétrica',1,275.14,1.000,1427,21,1),(1419,'Crédito para celular',1,30.00,1.000,1428,42,1),(1420,'Água mineral',1,14.50,1.000,1429,25,1),(1421,'Supermercado',1,24.29,1.000,1430,19,1),(1422,'Água mineral',1,14.50,1.000,1431,25,1),(1423,'Supermercado',1,24.20,1.000,1432,19,1),(1424,'IPVA 2025, Parcela 3',1,397.05,1.000,1433,37,1),(1425,'Alimentação',1,24.00,1.000,1434,17,1),(1426,'Combustível',1,60.00,1.000,1435,23,1),(1427,'Uniodonto',1,52.77,1.000,1436,35,1),(1428,'Camisa interclasse 2025 Colégio Ágape',1,40.00,1.000,1437,87,1),(1429,'Ballet Goretti Quintela :: Café da manhã de dia das mâes',1,50.00,1.000,1438,17,1),(1430,'Presente de aniversário :: Pedro Krinsky',1,84.99,1.000,1439,84,1),(1431,'Licenciamento 2025',1,342.50,1.000,1440,37,1),(1432,'Supermercado',1,18.86,1.000,1441,19,1),(1433,'Alimentação',1,10.90,1.000,1442,17,1),(1434,'Supermercado',1,10.02,1.000,1443,19,1),(1435,'Supermercado',1,19.97,1.000,1444,19,1),(1436,'Supermercado',1,176.86,1.000,1445,19,1),(1437,'Alimentação',1,29.21,1.000,1446,17,1),(1438,'Supermercado',1,10.68,1.000,1447,19,1),(1439,'Alimentação',1,31.78,1.000,1448,17,1),(1440,'Supermercado',1,38.10,1.000,1449,19,1),(1441,'Supermercado',1,68.26,1.000,1450,19,1),(1442,'Supermercado',1,13.97,1.000,1451,19,1),(1443,'Alimentação',1,7.46,1.000,1452,17,1),(1444,'Supermercado',1,13.27,1.000,1453,19,1),(1445,'Supermercado',1,62.01,1.000,1454,19,1),(1446,'Supermercado',1,65.46,1.000,1455,19,1),(1447,'Supermercado',1,74.45,1.000,1456,19,1),(1448,'Supermercado',1,68.29,1.000,1457,19,1),(1449,'Recarga 2025-05',1,1549.00,1.000,1458,12,1),(1450,'Supermercado',1,6.32,1.000,1459,19,1),(1451,'Supermercado',1,688.79,1.000,1460,19,1),(1452,'Supermercado',1,99.45,1.000,1461,19,1),(1453,'Supermercado',1,34.89,1.000,1462,19,1),(1454,'Supermercado',1,27.98,1.000,1463,19,1),(1455,'Alimentação',1,8.50,1.000,1464,17,1),(1456,'Alimentação',1,8.50,1.000,1465,17,1),(1457,'Alimentação',1,8.50,1.000,1466,17,1),(1458,'Alimentação',1,37.27,1.000,1467,17,1),(1459,'Medicamentos',1,116.11,1.000,1468,33,1),(1460,'Alimentação',1,8.50,1.000,1469,17,1),(1461,'Alimentação',1,44.00,1.000,1470,17,1),(1462,'Supermercado',1,19.49,1.000,1471,19,1),(1463,'Alimentação',1,8.50,1.000,1472,17,1),(1464,'Alimentação',1,26.90,1.000,1473,17,1),(1465,'Alimentação',1,29.80,1.000,1474,17,1),(1466,'Alimentação',1,12.90,1.000,1475,17,1),(1467,'Alimentação',1,49.87,1.000,1476,17,1),(1468,'Alimentação',1,8.50,1.000,1477,17,1),(1469,'Alimentação',1,21.23,1.000,1478,17,1),(1470,'Alimentação',1,3.51,1.000,1479,17,1),(1471,'Medicamentos',1,101.07,1.000,1480,33,1),(1472,'Alimentação',1,57.20,1.000,1481,17,1),(1473,'Alimentação',1,61.07,1.000,1482,17,1),(1474,'Alimentação',1,10.50,1.000,1483,17,1),(1475,'Alimentação',1,4.50,1.000,1484,17,1),(1476,'Alimentação',1,41.41,1.000,1485,17,1),(1477,'Medicamentos',1,26.00,1.000,1486,33,1),(1478,'Alimentação',1,3.74,1.000,1487,17,1),(1479,'Alimentação',1,8.50,1.000,1488,17,1),(1480,'Recarga 2025-05',1,2629.00,1.000,1489,13,1),(1481,'Mensalidade 2025-05',1,1374.05,1.000,1490,88,1),(1482,'Supermercado',1,15.50,1.000,1491,19,1),(1483,'Alimentação',1,47.29,1.000,1492,17,1),(1484,'Alimentação',1,15.95,1.000,1493,17,1),(1485,'Supermercado',1,61.60,1.000,1494,19,1),(1486,'Supermercado',1,8.54,1.000,1495,19,1),(1487,'Alimentação',1,33.96,1.000,1496,17,1),(1488,'Alimentação',1,36.96,1.000,1497,17,1),(1489,'Alimentação',1,42.96,1.000,1498,17,1),(1490,'Alimentação',1,35.96,1.000,1499,17,1),(1491,'Salão de beleza',1,47.00,1.000,1500,41,1),(1492,'Despesa não identificada',1,4.50,1.000,1501,40,1),(1493,'Despesa não identificada',1,8.00,1.000,1502,40,1),(1494,'Salão de beleza',1,72.68,1.000,1503,41,1),(1495,'Atividade escolar',1,70.00,1.000,1504,87,1),(1499,'Implante dentário :: implante de dois pinos (Parcela 4/5)',1,200.00,1.000,1508,41,1),(1500,'Itens para o lar (Parcela 2/2)',1,76.11,1.000,1509,46,1),(1501,'Seguro 2024-2025 Peugeot 208 (Parcela 8/12)',1,248.05,1.000,1510,50,1),(1502,'Alimentação',1,55.93,1.000,1511,17,1),(1503,'Supermercado',1,48.60,1.000,1512,19,1),(1504,'Alimentação',1,30.84,1.000,1513,17,1),(1505,'Alimentação',1,36.89,1.000,1514,17,1),(1506,'Alimentação',1,46.96,1.000,1515,17,1),(1507,'Alimentação',1,52.48,1.000,1516,17,1),(1508,'Alimentação',1,13.68,1.000,1517,17,1),(1509,'Medicamentos',1,24.00,1.000,1518,33,1),(1510,'Supermercado',1,30.63,1.000,1519,19,1),(1511,'Combustível',1,60.00,1.000,1520,23,1),(1512,'Sul América Odontologia (Parcela 12/12)',1,43.90,1.000,1521,35,1),(1513,'Assinatura Microsoft 365 (Parcela 8/10)',1,34.99,1.000,1522,30,1),(1514,'Suspensão Absolute Prime SLR (Parcela 6/6)',1,99.15,1.000,1523,46,1),(1515,'Livros FTD 2025 (Parcela 5/6)',1,279.16,1.000,1524,89,1),(1516,'Academia',1,89.90,1.000,1525,85,1),(1517,'Academia',1,89.90,1.000,1526,85,1),(1518,'Supermercado',1,19.96,1.000,1527,19,1),(1519,'Aniversário Camila 2025 :: bombons (Parcela 1/2)',1,60.00,1.000,1528,46,1),(1520,'Vestido (Parcela 2/3)',1,76.63,1.000,1529,27,1),(1521,'Alimentação',1,49.90,1.000,1530,17,1),(1522,'Alimentação',1,66.00,1.000,1531,17,1),(1523,'Alimentação',1,51.15,1.000,1532,17,1),(1524,'Alimentação',1,12.00,1.000,1533,17,1),(1525,'Alimentação',1,14.98,1.000,1534,17,1),(1526,'Alimentação',1,8.50,1.000,1535,17,1),(1527,'Ventilador de Mesa 30cm Super Power, Mondial',1,99.90,1.000,1536,28,1),(1528,'Uber',1,9.38,1.000,1537,41,1),(1529,'Assinatura Melimais',1,24.90,1.000,1538,31,1),(1530,'Aplicativo para android Bubble Level',1,2.99,1.000,1539,30,1),(1531,'Smartwatch Haylou Solar Plus (Parcela 1/5)',1,50.43,1.000,1540,30,1),(1532,'Despesa não identificada',1,8.00,1.000,1541,40,1),(1533,'Despesa não identificada',1,4.50,1.000,1542,40,1),(1534,'Presente de aniversário :: Lorena',1,69.90,1.000,1543,84,1),(1535,'Pijama para Camila',1,69.90,1.000,1544,27,1),(1536,'Ligas para cabelo',1,5.90,1.000,1545,27,1),(1537,'Itens para o lar (Parcela 1/4)',1,78.25,1.000,1546,46,1),(1538,'Despesa não identificada',1,65.42,1.000,1547,40,1);
/*!40000 ALTER TABLE `obi_objective_item` ENABLE KEYS */;
UNLOCK TABLES;

--
-- Table structure for table `obj_objective`
--

DROP TABLE IF EXISTS `obj_objective`;
/*!40101 SET @saved_cs_client     = @@character_set_client */;
/*!50503 SET character_set_client = utf8mb4 */;
CREATE TABLE `obj_objective` (
  `obj_identity` int NOT NULL AUTO_INCREMENT,
  `obj_description` varchar(100) NOT NULL,
  `loc_identity` int DEFAULT NULL,
  `usr_identity` int NOT NULL,
  PRIMARY KEY (`obj_identity`),
  KEY `fk_loc_location_obj` (`loc_identity`),
  CONSTRAINT `fk_loc_location_obj` FOREIGN KEY (`loc_identity`) REFERENCES `loc_location` (`loc_identity`)
) ENGINE=InnoDB AUTO_INCREMENT=1548 DEFAULT CHARSET=utf8mb4 COLLATE=utf8mb4_0900_ai_ci;
/*!40101 SET character_set_client = @saved_cs_client */;

--
-- Dumping data for table `obj_objective`
--

LOCK TABLES `obj_objective` WRITE;
/*!40000 ALTER TABLE `obj_objective` DISABLE KEYS */;
INSERT INTO `obj_objective` VALUES (67,'Saldo Anterior',NULL,1),(68,'Alimentação',9,1),(69,'Água Mineral',32,1),(70,'Medicines',30,1),(71,'Condomínio',5,1),(72,'Energia elétrica',34,1),(73,'Água Mineral',32,1),(74,'Internet residencial',35,1),(75,'Serviços de streaming',37,1),(76,'Alimentação',3,1),(77,'Água Mineral',32,1),(78,'Medicines',47,1),(79,'Supermercado',2,1),(80,'Supermercado',24,1),(81,'Medicines',48,1),(82,'Alimentação',41,1),(83,'Medicines',48,1),(84,'Alimentação',41,1),(85,'Água Mineral',32,1),(86,'Medicines',48,1),(87,'Alimentação',3,1),(88,'Supermercado',13,1),(89,'Supermercado',13,1),(90,'Alimentação',3,1),(91,'Supermercado',13,1),(92,'Salário Cast - Adiantamento',NULL,1),(93,'Salário Cast - Complemento',NULL,1),(94,'Combustível',60,1),(95,'Combustível',60,1),(96,'Supermercado',61,1),(97,'Unimed insurance',33,1),(98,'Uniodonto insurance',62,1),(99,'Cooking gas',63,1),(100,'Clothing and accessories',64,1),(101,'Fuel',67,1),(102,'Depósito de saldo anterior para poupança',NULL,1),(103,'Clothing and accessories',NULL,1),(104,'Food',68,1),(105,'Alimentação',NULL,1),(106,'Food',68,1),(107,'IPVA 2024 HB20s (04/05)',69,1),(108,'Perfumaria',74,1),(109,'Alimentação',75,1),(110,'Payment of the Itaucard invoice',NULL,1),(111,'Unidentified expense',NULL,1),(112,'Unidentified expense',NULL,1),(113,'Smartphone credit',36,1),(114,'Smartphone credit',76,1),(115,'Unindentified expense',NULL,1),(116,'Food - Camila Birthday',NULL,1),(117,'Home items',19,1),(118,'Home items',19,1),(119,'Serviço de bordado',NULL,1),(120,'Compras AliExpress',4,1),(121,'Processo Sobi - Advogados (04/05)',NULL,1),(124,'Unindentified expense',NULL,1),(125,'Tarifa de pacote de serviços, referente a 27/05/2024',NULL,1),(126,'Pet food',NULL,1),(127,'Unindentified expense',NULL,1),(128,'Uniodonto insurance',62,1),(129,'Alimentação - Extorno',NULL,1),(130,'Retirada da poupança',NULL,1),(131,'Saldo Anterior',NULL,1),(132,'Combustível',60,1),(133,'Água Mineral',32,1),(134,'Alimentação',3,1),(135,'Alimentação',39,1),(136,'Medicines',30,1),(137,'Unimed Insurance',33,1),(138,'Condomínio',5,1),(139,'Energia elétrica',34,1),(140,'Água Mineral',32,1),(141,'Internet residencial',35,1),(142,'Supermercado',61,1),(143,'Alimentação',3,1),(144,'Medicines',48,1),(145,'Alimentação',3,1),(146,'Supermercado',13,1),(147,'Medicines',47,1),(148,'Serviços de streaming',37,1),(149,'Combustível',60,1),(150,'Água Mineral',32,1),(151,'Uniodonto insurance',62,1),(152,'Alimentação',41,1),(153,'Alimentação',3,1),(154,'Supermercado',2,1),(155,'Supermercado',13,1),(156,'Água Mineral',32,1),(157,'Supermercado',13,1),(158,'Supermercado',13,1),(159,'Alimentação',77,1),(160,'Alimentação',77,1),(161,'Combustível',67,1),(162,'Salário Cast - Adiantamento',NULL,1),(163,'Salário Cast - Complemento',NULL,1),(164,'Depósito de saldo anterior para poupança',NULL,1),(165,'Conjunto de utensílios de cozinha em silicone',70,1),(166,'Medicines',47,1),(167,'Food',78,1),(168,'Food',79,1),(169,'Food',80,1),(170,'Smartphone credit',76,1),(171,'Smartphone credit',36,1),(172,' Totokinha Bolinha Menino',71,1),(173,'Fuel',NULL,1),(174,'Parking',NULL,1),(175,'Processo Sobi - Advogados (05/05)',NULL,1),(176,'IPVA 2024 HB20s (05/05)',NULL,1),(177,'Clothing and accessories',81,1),(178,'Payment of the Itaucard invoice',83,1),(179,'Payment of the C6 Card invoice',84,1),(180,'Tarifa de pacote de serviços, referente a 25/06/2024',82,1),(181,'Unindentified expense',NULL,1),(182,'Unindentified expense',NULL,1),(183,'Unindentified expense',NULL,1),(184,'Food',80,1),(185,'Unindentified expense',NULL,1),(186,'School trip, Emílio Ribas laboratory',85,1),(187,'School sport games',85,1),(188,'Food',NULL,1),(189,'Unindentified expense',NULL,1),(191,'Housing miscellaneous items',18,1),(192,'Unidentified expense',86,1),(193,'Pet food',NULL,1),(195,'Food',NULL,1),(196,'Saldo Anterior',NULL,1),(197,'Alimentação',59,1),(198,'Alimentação',31,1),(199,'Alimentação',3,1),(200,'Smartphone credit',76,1),(201,'Condomínio',5,1),(202,'Água Mineral',32,1),(203,'Unimed Insurance',33,1),(204,'Água Mineral',32,1),(205,'Energia elétrica',34,1),(206,'Internet residencial',35,1),(207,'Smartphone credit',36,1),(208,'Água Mineral',32,1),(209,'Serviços de streaming',37,1),(210,'Supermercado',2,1),(211,'Alimentação',39,1),(212,'Supermercado',13,1),(213,'Supermercado',13,1),(214,'Água Mineral',32,1),(215,'Alimentação',3,1),(216,'Alimentação',41,1),(217,'Alimentação',51,1),(218,'Alimentação',9,1),(219,'Alimentação',44,1),(220,'Supermercado',13,1),(221,'Supermercado',24,1),(222,'Medicines',47,1),(223,'Supermercado',13,1),(224,'Água Mineral',32,1),(225,'Alimentação',9,1),(226,'Supermercado',13,1),(227,'Salário Cast - Adiantamento',NULL,1),(228,'Salário Cast - Complemento',NULL,1),(229,'IPVA 2024 HB20s (03/05)',69,1),(230,'Food',NULL,1),(231,'Depósito de saldo anterior para poupança',NULL,1),(232,'Payment of the Itaucard invoice',83,1),(233,'Vilde Freire - Precatório',NULL,1),(234,'Medicines',23,1),(235,'Medicines',23,1),(236,'Ballet Clothing',42,1),(237,'Fuel',87,1),(238,'Food - Breno\'s house sushi day',NULL,1),(239,'Food - Breno\'s house sushi day',NULL,1),(240,'Parking',NULL,1),(241,'Compras AliExpress',4,1),(242,'Processo Sobi - Advogados (03/05) (Devolução para poupança)',NULL,1),(243,'Food',NULL,1),(244,'Clothing and accessories',NULL,1),(245,'Fridge maintenance',NULL,1),(246,'Fridge maintenance',NULL,1),(247,'Savings withdrawal - Fridge maintenance',NULL,1),(248,'Food',15,1),(249,'Savings account deposit :: Precatório',NULL,1),(250,'Food',NULL,1),(251,'Education',89,1),(252,'Food',40,1),(253,'Medicines',NULL,1),(254,'Tarifa de pacote de serviços, referente a 25/04/2024',82,1),(255,'Savings withdrawal :: Camila\'s birthday',NULL,1),(256,'Savings withdrawal :: Camila\'s birthday',NULL,1),(257,'Savings withdrawal :: Camila\'s birthday',NULL,1),(258,'Savings withdrawal :: Camila\'s birthday',NULL,1),(259,'Savings withdrawal :: Camila\'s birthday',NULL,1),(260,'Unindentified expense',NULL,1),(261,'Unindentified expense',NULL,1),(262,'Unindentified expense',NULL,1),(263,'Unindentified expense',NULL,1),(264,'Leisure and fun',NULL,1),(265,'Pet food',NULL,1),(266,'Wife\'s eye exam',NULL,1),(267,'Pet expense',46,1),(268,'Unidentified expense',NULL,1),(269,'Child\'s allowance',NULL,1),(270,'Unidentified expense',NULL,1),(271,'Unidentified expense',NULL,1),(272,'Unidentified expense',NULL,1),(273,'Unidentified expense',NULL,1),(274,'Pet expense',NULL,1),(275,'Unidentified expense',NULL,1),(276,'Camila\'s birthday, candies',NULL,1),(277,'Unidentified expense',NULL,1),(278,'Saldo Anterior',NULL,1),(279,'Medicines',30,1),(280,'Alimentação',3,1),(281,'Food',79,1),(282,'Medicines',47,1),(283,'Smartphone credit',76,1),(284,'Food',79,1),(285,'Água Mineral',32,1),(286,'Condomínio',5,1),(287,'Medicines',48,1),(288,'Água Mineral',32,1),(289,'Água Mineral',32,1),(290,'Internet residencial',35,1),(291,'Smartphone credit',36,1),(292,'Alimentação',51,1),(293,'Supermercado',13,1),(294,'Água Mineral',32,1),(295,'Food',79,1),(296,'Supermercado',13,1),(297,'Alimentação',3,1),(298,'Supermercado',13,1),(299,'Supermercado',13,1),(300,'Salary Cast - Advance',NULL,1),(301,'Salary Cast - Supplement',NULL,1),(302,'Medicines',47,1),(303,'Streaming Services',37,1),(304,'Fuel',90,1),(305,'Fuel',90,1),(306,'Fuel',90,1),(307,'Energy Services',34,1),(308,'Compras AliExpress',4,1),(309,'Unimed insurance',33,1),(310,'Office drawer',70,1),(311,'Payment of the Itaucard invoice',83,1),(312,'Payment of the C6 Card invoice',84,1),(313,'Service package fee, for the period 25/07/2024',NULL,1),(314,'Uber reimbursment from Vilde Freire',NULL,1),(315,'Uber reimbursment from Vilde Freire',NULL,1),(316,'Money reimbursment from BNP Bank',NULL,1),(317,'Child’s allowance',NULL,1),(318,'Pet food',NULL,1),(319,'Food',NULL,1),(320,'Food',NULL,1),(321,'Food',NULL,1),(322,'Food',NULL,1),(323,'Food',72,1),(324,'Food',NULL,1),(325,'Parking',92,1),(326,'Parking',92,1),(327,'Food',10,1),(328,'Savings Deposit :: Surplus from the previous month for savings',NULL,1),(329,'Items for home',19,1),(330,'Food',68,1),(331,'Unindentified expense',NULL,1),(332,'Tech items',6,1),(333,'IRPF Restitution Tax',NULL,1),(334,'Unindentified expense',NULL,1),(335,'Refund',NULL,1),(336,'Food',NULL,1),(337,'Unindentified expense',NULL,1),(338,'Saldo Anterior',NULL,1),(339,'Uniodonto insurance',62,1),(340,'Fuel',90,1),(341,'Smartphone credit',76,1),(342,'Água Mineral',32,1),(343,'Unimed Insurance',33,1),(344,'Alimentação',3,1),(345,'Condomínio',5,1),(346,'Energy Services',34,1),(347,'Fuel',60,1),(348,'Água Mineral',32,1),(349,'Smartphone credit',36,1),(350,'Internet residencial',35,1),(351,'Medicines',48,1),(352,'Haircut',91,1),(353,'Serviços de streaming',37,1),(354,'Fuel',90,1),(355,'Água Mineral',32,1),(356,'Uniodonto insurance',62,1),(357,'Água Mineral',32,1),(358,'Fuel',90,1),(359,'Alimentação',9,1),(360,'Supermercado',13,1),(361,'Alimentação',3,1),(362,'Salary Cast :: Advance',NULL,1),(363,'Salary Cast :: Supplement',NULL,1),(364,'Payment invoice :: Itaucard',83,1),(365,'Payment invoice :: C6 Card',84,1),(366,'Food',96,1),(367,'Food',96,1),(368,'Food',96,1),(369,'Food',96,1),(370,'Food',95,1),(371,'Food',100,1),(372,'Food',97,1),(373,'Food',97,1),(374,'Food',93,1),(375,'Food',94,1),(376,'Fuel',87,1),(377,'Food',99,1),(378,'Food',98,1),(379,'Food',80,1),(380,'Food',101,1),(381,'Food',102,1),(382,'Parking',NULL,1),(383,'Wife\'s birthday gift',74,1),(384,'Food',NULL,1),(385,'Unidentified expense',NULL,1),(386,'Savings Deposit :: IRPF Restitution Tax',NULL,1),(387,'Pet expense',NULL,1),(388,'Food',102,1),(389,'Pet expense',27,1),(390,'Udemy course',89,1),(391,'Agape\'s teacher gift ',NULL,1),(392,'Unidentified expense',NULL,1),(393,'Food',104,1),(394,'Food',104,1),(395,'Service package fee, for the period 26/08/2024',NULL,1),(396,'Savings Deposit :: Surplus from the previous month for savings',NULL,1),(397,'Clothing and accessories',66,1),(398,'Clothing and accessories',103,1),(399,'Unidentified expense',18,1),(400,'Unidentified expense',NULL,1),(401,'Unidentified expense',NULL,1),(402,'School activity :: Rio Mar Theater',85,1),(403,'Lottery',105,1),(404,'Unidentified expense',NULL,1),(405,'Food',NULL,1),(406,'Unidentified expense',14,1),(407,'Unidentified expense',NULL,1),(408,'Loan incoming :: Peugeot 208 Style',NULL,1),(409,'Loan incoming :: Peugeot 208 Style',NULL,1),(410,'Savings Deposit :: Mother\'s loan',NULL,1),(411,'Savings withdrawal :: Peugeot 208 Style',NULL,1),(412,'Peugeot 208 Style',106,1),(413,'Peugeot 208 Style',NULL,1),(414,'Wife\'s birthday cake',NULL,1),(415,'Supermarket',13,1),(416,'Fuel',60,1),(417,'Food',9,1),(418,'Cooking gas',63,1),(419,'Mineral Water',32,1),(420,'Smartphone credit',76,1),(421,'Unimed Insurance',33,1),(422,'Fuel',90,1),(423,'Condomínio',5,1),(424,'Energy Services',34,1),(425,'Mineral Water',32,1),(426,'Internet residencial',35,1),(427,'Smartphone credit',36,1),(428,'Food',3,1),(429,'Fuel',90,1),(430,'Streaming Services',37,1),(431,'Mineral Water',32,1),(432,'Medicines',30,1),(433,'Mineral Water',32,1),(434,'Food',96,1),(435,'Food',3,1),(436,'Food',3,1),(437,'Supermarket',13,1),(438,'Food',9,1),(439,'Previous balance',NULL,1),(440,'Salary Cast :: Advance',NULL,1),(441,'Salary Cast :: Supplement',NULL,1),(442,'Pet expense',NULL,1),(443,'Savings Deposit :: Surplus from the previous month for savings',NULL,1),(444,'Food',80,1),(445,'Payment invoice :: C6 Card',84,1),(446,'Payment invoice :: Itaucard',83,1),(447,'Food',80,1),(448,'Supermarket',24,1),(449,'Food',107,1),(450,'Food',68,1),(451,'Food',68,1),(452,'Fuel',87,1),(453,'Service package fee, for the period 25/09/2024',82,1),(454,'Food',80,1),(455,'Food',108,1),(456,'Food',28,1),(457,'Food',109,1),(458,'Food',NULL,1),(459,'Cosmetics',NULL,1),(460,'Snow foam spray car washer',54,1),(461,'Food',NULL,1),(462,'Food',NULL,1),(463,'Anti-risk flannel automotive microfiber cloth',4,1),(464,'Food',80,1),(465,'Food',NULL,1),(466,'Clothes',65,1),(467,'Cosmetics',NULL,1),(468,'Unidentified expense',NULL,1),(469,'Savings withdrawal :: Salary supplement',NULL,1),(470,'Savings withdrawal :: Salary supplement',NULL,1),(471,'Savings withdrawal :: Salary supplement',NULL,1),(472,'Unidentified expense',NULL,1),(473,'Unidentified expense',NULL,1),(474,'Unidentified expense',NULL,1),(475,'Loan incoming :: Mother\'s loan: R$ 10.000,00',NULL,1),(476,'Savings Deposit :: Mother\'s loan: R$ 10.000,00',NULL,1),(477,'Child’s allowance',NULL,1),(478,'Unindentified expense',NULL,1),(479,'Unindentified expense',NULL,1),(480,'Fuel',60,1),(481,'Mineral Water',32,1),(482,'Uniodonto insurance',62,1),(483,'Unimed Insurance',33,1),(484,'Uniodonto insurance',62,1),(485,'Smartphone credit',76,1),(486,'Food',3,1),(487,'Condomínio',5,1),(488,'Food',9,1),(489,'Mineral Water',32,1),(490,'Energy Services',34,1),(491,'Internet residencial',35,1),(492,'Smartphone credit',36,1),(493,'Medinines',23,1),(494,'Mineral Water',32,1),(495,'Streaming Services',37,1),(496,'Food',3,1),(497,'Supermarket',13,1),(498,'Fuel',60,1),(499,'Food',51,1),(500,'Supermarket',13,1),(501,'Mineral Water',32,1),(502,'Medicines',48,1),(503,'Food',108,1),(504,'Food',96,1),(505,'Fuel',60,1),(506,'Supermarket',13,1),(507,'Haircut',91,1),(508,'Food',3,1),(509,'Food',96,1),(510,'Supermarket',13,1),(511,'Medicines',30,1),(512,'Food',96,1),(513,'Food',3,1),(514,'Mineral Water',32,1),(515,'Previous balance',NULL,1),(516,'Salary Cast :: Advance',NULL,1),(517,'Loan incoming :: Office 365 subscription',NULL,1),(518,'Salary Cast :: Supplement',NULL,1),(519,'Food',80,1),(520,'Payment invoice :: C6 Card',84,1),(521,'Pet expense',NULL,1),(522,'Payment invoice :: Itaucard',83,1),(523,'Food',NULL,1),(524,'Food',80,1),(525,'Food',80,1),(526,'Food',80,1),(527,'Food',80,1),(528,'Child’s allowance',NULL,1),(529,'Food',110,1),(530,'Food',112,1),(531,'Food',113,1),(532,'Clothing and accessories',65,1),(533,'Clothing and accessories',114,1),(534,'Food',68,1),(535,'Food',68,1),(536,'Clothing',64,1),(537,'Unidentified expense',86,1),(538,'Food',NULL,1),(539,'Empréstimo para compra do Peugeot 208',NULL,1),(540,'Despesa não identificada',NULL,1),(541,'Controle de acesso de veículo',115,1),(542,'Despesa não identificada',NULL,1),(543,'Alimentação',NULL,1),(544,'Supermercado',116,1),(545,'Alimentação',8,1),(546,'Supermercado',2,1),(547,'Alimentação',68,1),(548,'Gravação de nome em garrafa témica',NULL,1),(549,'Conchonete Oxer',117,1),(550,'Despesa não identificada',NULL,1),(551,'Despesa não identificada',NULL,1),(552,'Aplicação na poupança de empréstimo para compra do Peugeot 208',NULL,1),(553,'Recebimento para pagamento do seguro do Peugeot 208',NULL,1),(554,'Compras diversas',4,1),(555,'Cabo USB vermelho',NULL,1),(556,'Alimentação',15,1),(557,'Despesa não identificada',NULL,1),(558,'Alimentação',NULL,1),(559,'Recebimento não identificado',NULL,1),(560,'Tarifa Pacote de Serviços, cobrança referente 25/10/2024',82,1),(561,'Complementação de salário',NULL,1),(562,'Mesada de dependente',NULL,1),(563,'Supermercado',13,1),(564,'Condomínio',5,1),(565,'Plano de saúde Unimed',33,1),(566,'Alimentação',96,1),(567,'Recarga de celular',76,1),(568,'Água mineral',32,1),(569,'Medicamentos',23,1),(570,'Energia elétrica',34,1),(571,'Internet residencial',35,1),(572,'Recarga de celular',36,1),(573,'Medicamentos',48,1),(574,'Água mineral',32,1),(575,'Serviço de streaming',37,1),(576,'Combustível',60,1),(577,'Medicamentos',23,1),(578,'Alimentação',108,1),(579,'Medicamentos',48,1),(580,'Alimentação',3,1),(581,'Alimentação',80,1),(582,'Alimentação',80,1),(583,'Alimentação',51,1),(584,'Alimentação',80,1),(585,'Alimentação',3,1),(586,'Água mineral',32,1),(587,'Plano odontológico Uniodonto',62,1),(588,'Saldo do mês anterior',NULL,1),(589,'Salário Cast :: Adiantamento',NULL,1),(590,'Salário Cast :: Complemento',NULL,1),(591,'Alimentação',68,1),(592,'Medicamentos',47,1),(593,'Pagamento de fatura :: Itaucard',83,1),(594,'Pagamentode fatura :: C6 Card',84,1),(595,'Alimentação',68,1),(596,'Estacionamento',16,1),(597,'Trilha 7 anos Bike na Veia',7,1),(598,'Alimentação',118,1),(599,'Alimentação',119,1),(600,'Exame odontológico',120,1),(601,'Decoração de natal',19,1),(602,'Utensílios de uso doméstico',20,1),(603,'Despesa não identificada',NULL,1),(604,'Utensílios de uso doméstico',121,1),(605,'Roupas',65,1),(606,'Itens de decoração para o lar',122,1),(607,'Material escolar',86,1),(608,'Despesa não identificada',NULL,1),(609,'Despesa não identificada',NULL,1),(610,'Retirada da poupança :: Matrícula Colégio Ágape',NULL,1),(611,'Matrícula Colégio Ágape 2025',85,1),(612,'Despesa não identificada',NULL,1),(613,'Pagamento de taxa de importação do AliExpress',NULL,1),(614,'Despesa não identificada',NULL,1),(615,'Alimentação',NULL,1),(616,'Alimentação',NULL,1),(617,'Tarifa Pacote de Serviços, cobrança referente 25/11/2024',82,1),(618,'Retirada da poupança :: Não identificado',NULL,1),(619,'Despesa não identificada',85,1),(620,'Despesa não identificada',NULL,1),(621,'Maquiagem',16,1),(622,'Despesa não identificada',NULL,1),(623,'Alimentação',NULL,1),(624,'Despesa não identificada',NULL,1),(625,'Combustível',90,1),(626,'Água mineral',32,1),(627,'Plano de saúde Unimed',33,1),(628,'Alimentação',110,1),(629,'Recarga de celular',76,1),(630,'Água mineral',32,1),(631,'Internet residencial',35,1),(632,'Recarga de celular',36,1),(633,'Medicamentos',23,1),(634,'Alimentação',79,1),(635,'Serviço de streaming',37,1),(636,'Água mineral',32,1),(637,'Alimentação',3,1),(638,'Medicamentos',23,1),(639,'Supermercado',13,1),(640,'Supermercado',13,1),(641,'Alimentação',108,1),(642,'Medicamentos',48,1),(643,'Corte de cabelo',91,1),(644,'Alimentação',97,1),(645,'Alimentação',79,1),(646,'Combustível',90,1),(647,'Alimentação',51,1),(648,'Medicamentos',30,1),(649,'Supermercado',13,1),(650,'Alimentação',109,1),(651,'Plano odontológico Uniodonto',62,1),(652,'Água mineral',32,1),(653,'Supermercado',13,1),(654,'Medicamentos',30,1),(655,'Alimentação',41,1),(656,'Supermercado',13,1),(657,'Alimentação',3,1),(658,'Alimentação',3,1),(659,'Alimentação',41,1),(660,'Combustível',90,1),(661,'Supermercado',61,1),(662,'Supermercado',13,1),(663,'Alimentação',110,1),(664,'Saldo do mês anterior',NULL,1),(665,'Salário Cast :: Adiantamento',NULL,1),(666,'Alimentação',123,1),(667,'Alimentação',96,1),(668,'Medicamentos',47,1),(669,'Alimentação',132,1),(670,'Alimentação',22,1),(671,'Alimentação',126,1),(672,'Alimentação',96,1),(673,'Alimentação',127,1),(674,'Alimentação',129,1),(675,'Medicamentos',47,1),(676,'Alimentação',96,1),(677,'Alimentação',68,1),(678,'Alimentação',130,1),(679,'Supermercado',2,1),(680,'Alimentação',131,1),(681,'Estacionamento',124,1),(682,'Condomínio',5,1),(683,'Energia elétrica',34,1),(684,'Pagamento de fatura :: C6 Card',84,1),(685,'Roupas',65,1),(686,'Roupas',65,1),(687,'Alimentação',68,1),(688,'Alimentação',133,1),(689,'Salário Cast :: Adiantamento',NULL,1),(690,'Salário Cast :: Complemento',NULL,1),(691,'Presentes de Natal para os sobrinhos',121,1),(692,'Alimentação',134,1),(693,'Roupas',65,1),(694,'Estacionamento',14,1),(695,'Alimentação',135,1),(696,'Despesa não identificada',NULL,1),(697,'Tranferência para uso da TAG do C6 Bank',NULL,1),(698,'Tarifa Pacote de Serviços, cobrança referente 26/12/2024',82,1),(699,'Estacionamento',16,1),(700,'Reparo do microondas',NULL,1),(701,'Ponto de rifa',NULL,1),(702,'Alimentação, ceia de Natal',NULL,1),(703,'Limpeza Peugeot 208',NULL,1),(704,'Fotos de Natal em estúdio',NULL,1),(705,'Despesa não identificada',NULL,1),(706,'Alimentação',NULL,1),(707,'Aplicação de antibiótico por injeção',NULL,1),(708,'Despesa não identificada',NULL,1),(709,'Salão de beleza',NULL,1),(710,'Alimentação',NULL,1),(711,'Material escolar',125,1),(712,'Despesa não identificada',NULL,1),(713,'Despesa não identificada',NULL,1),(714,'Despesa não identificada',NULL,1),(715,'Instalação suspensão Absolute Prime',128,1),(716,'Despesa não identificada',86,1),(717,'Despesa não identificada',86,1),(718,'Despesa não identificada',NULL,1),(719,'Bolsa Rosa, presente natal Camila',66,1),(720,'Despesa não identificada',NULL,1),(721,'Mesada de dependente',NULL,1),(722,'Despesa não identificada',121,1),(723,'Despesa não identificada',14,1),(724,'Roupas',64,1),(725,'Sandálias Havaianas',137,1),(726,'Cast Décimo Terceiro :: Parcela 1',NULL,1),(727,'Cast Décimo Terceiro :: Parcela 2',NULL,1),(728,'Jangadeiro Praia Hotel :: Hospedagem',133,1),(729,'Água mineral',32,1),(730,'Plano de saúde Unimed',33,1),(731,'Água mineral',32,1),(732,'Recarga de celular',76,1),(733,'Condomínio',5,1),(734,'Energia elétrica',34,1),(735,'Recarga de celular',36,1),(736,'Alimentação',3,1),(737,'Clothing and accessories',114,1),(738,'Clothing and accessories',114,1),(739,'Plano odontológico Uniodonto',62,1),(740,'Serviço de streaming',37,1),(741,'Água mineral',32,1),(742,'Alimentação',80,1),(743,'Alimentação',3,1),(744,'Supermercado',13,1),(745,'Água mineral',32,1),(746,'Alimentação',80,1),(747,'Alimentação',3,1),(748,'Alimentação',41,1),(749,'Alimentação',80,1),(750,'Supermercado',13,1),(751,'Saldo do mês anterior',NULL,1),(752,'Cast Group :: Adiantamento',NULL,1),(753,'Bike na Veia :: Pulseira',7,1),(754,'Medicamentos',47,1),(755,'Alimentação',68,1),(756,'Alimentação',75,1),(757,'Alimentação',96,1),(758,'Alimentação',41,1),(759,'Despesa não identificada',NULL,1),(760,'Alimentação',9,1),(761,'Alimentação',138,1),(762,'Combustível',139,1),(763,'Despesa não identificada',NULL,1),(764,'Despesa não identificada',NULL,1),(765,'Despesa não identificada',NULL,1),(766,'Internet residencial',35,1),(767,'Despesa não identificada',NULL,1),(769,'Despesa não identificada',NULL,1),(770,'Corrente e cadeado para botijão de gás',20,1),(771,'Alimentação',140,1),(772,'Tarifa Pacote de Serviços, cobrança referente 27/01/2025',82,1),(773,'Manutenção do liquidificador :: Entrada',141,1),(774,'Manutenção do liquidificador :: Restante',141,1),(775,'Material escolar',125,1),(776,'Material escolar',125,1),(777,'Itens variados',121,1),(778,'Itens variados',4,1),(779,'Despesa não identificada',NULL,1),(780,'Despesa não identificada',NULL,1),(781,'Saque aniversário FGTS 2025',NULL,1),(782,'Saque aniversário FGTS 2025',NULL,1),(783,'Saque aniversário FGTS 2025',NULL,1),(784,'Alimentação :: Pizza no sítio',NULL,1),(785,'Alimentação :: Pizza no sítio',NULL,1),(786,'Despesa não identificada',NULL,1),(787,'Despesa não identificada',NULL,1),(788,'Despesa não identificada',NULL,1),(789,'América presentes :: Material escolar',NULL,1),(790,'Aplicação na poupança',NULL,1),(791,'Cast Group :: Complemento',NULL,1),(792,'Saldo do mês anterior',NULL,1),(793,'Reajuste Monetário',NULL,1),(794,'Reajuste Monetário',NULL,1),(795,'Reajuste Monetário',NULL,1),(796,'Reajuste Monetário',NULL,1),(797,'Juros',NULL,1),(798,'Juros',NULL,1),(799,'Juros',NULL,1),(800,'Juros',NULL,1),(801,'Bárbara :: Implante dentário (entrada)',NULL,1),(802,'Supermercado',13,1),(803,'Supermercado',13,1),(804,'Alimentação',3,1),(805,'Alimentação',75,1),(806,'Supermercado',2,1),(807,'Alimentação',3,1),(808,'Supermercado',13,1),(809,'Supermercado',13,1),(810,'Supermercado',13,1),(811,'Alimentação',3,1),(812,'Supermercado',13,1),(813,'Alimentação',3,1),(814,'Supermercado',13,1),(815,'Supermercado',13,1),(816,'Despesa não identificada',NULL,1),(817,'Despesa não identificada',NULL,1),(818,'Supermercado em Tibau',NULL,1),(819,'Recarga 2025-01',NULL,1),(820,'Alimentação',140,1),(821,'Alimentação',3,1),(822,'Alimentação',104,1),(823,'Medicamentos',23,1),(824,'Supermercado',13,1),(825,'Supermercado',13,1),(826,'Combustível',60,1),(827,'Alimentação',3,1),(828,'Alimentação',80,1),(829,'Alimentação',104,1),(830,'Supermercado',13,1),(831,'Alimentação',80,1),(832,'Medicamentos',30,1),(833,'Medicamentos',30,1),(834,'Alimentação',43,1),(835,'Alimentação',41,1),(836,'Alimentação',41,1),(837,'Alimentação',3,1),(838,'Alimentação',80,1),(839,'Alimentação',143,1),(840,'Alimentação',3,1),(841,'Alimentação',143,1),(842,'Alimentação',96,1),(843,'Supermercado',13,1),(844,'Combustível',60,1),(845,'Alimentação',9,1),(846,'Alimentação',9,1),(847,'Alimentação',28,1),(848,'Alimentação',9,1),(849,'Alimentação',147,1),(850,'Supermercado',13,1),(851,'Alimentação',104,1),(852,'Alimentação',31,1),(853,'Combustível',60,1),(854,'Alimentação',145,1),(855,'Alimentação',145,1),(856,'Supermercado',13,1),(857,'Alimentação',96,1),(858,'Alimentação',104,1),(859,'Alimentação',28,1),(860,'Alimentação',68,1),(861,'Alimentação',112,1),(862,'Alimentação',110,1),(863,'Alimentação',96,1),(864,'Alimentação',57,1),(865,'Medicamentos',48,1),(866,'Alimentação',3,1),(867,'Alimentação',104,1),(868,'Alimentação',NULL,1),(869,'Alimentação',NULL,1),(870,'Despesa não identificada',NULL,1),(871,'Despesa não identificada',NULL,1),(872,'Alimentação',148,1),(873,'Alimentação',NULL,1),(874,'Gravação em garrafa térmica',NULL,1),(875,'Alimentação',146,1),(876,'Despesa não identificada',144,1),(877,'Alimentação',NULL,1),(878,'Compras para viagem à Tibau',NULL,1),(879,'Alimentação',NULL,1),(880,'Recarga 2025-01',NULL,1),(881,'Alimentação',104,1),(882,'Uber',58,1),(883,'Uber',58,1),(884,'Uber',58,1),(885,'Serviços AWS',149,1),(886,'Assinatura Melimais',54,1),(887,'Alimentação',53,1),(888,'Alimentação',148,1),(889,'Alimentação',134,1),(890,'Alimentação',8,1),(891,'Alimentação',150,1),(892,'Sul América Odontologia',151,1),(893,'Alimentação',NULL,1),(894,'Roupas',65,1),(895,'Alimentação',146,1),(896,'Assinatura Microsoft 365 (Parcela 4/10)',NULL,1),(897,'Suspensão Absolute Prime SLR (Parcela 2/6)',54,1),(898,'Curso de desenho da Paula Stephania (Parcela 3/3)',NULL,1),(899,'Serviço de instalação da Absolute Prime SLR (Parcela 1/2)',128,1),(900,'Livros FTD 2025',NULL,1),(901,'Calçados',152,1),(902,'Despesa não identificada',NULL,1),(903,'Despesa não identificada',NULL,1),(904,'Despesa não identificada',NULL,1),(905,'Seguro 2024-2025 Peugeot 208 (Parcela 4/12)',153,1),(906,'Cosméticos',NULL,1),(907,'Despesa não identificada',121,1),(908,'Cadeira estofada Romana x 2 (Parcela 2/5)',121,1),(909,'Roupas (Parcela 2/2)',154,1),(910,'Escova progressiva (Parcela 1/2)',NULL,1),(911,'Roupas (Parcela 1/2)',66,1),(912,'Pagamento de Fatura :: Cartão C6',84,1),(913,'Água mineral',32,1),(914,'Unimed',33,1),(915,'Alimentação',3,1),(916,'Água mineral',32,1),(917,'Internet residencial',36,1),(918,'Crédito para celular',76,1),(919,'Condomínio',5,1),(920,'Energia elétrica',34,1),(921,'Alimentação',41,1),(922,'Alimentação',43,1),(923,'Claro móvel',36,1),(924,'Alimentação',96,1),(925,'Alimentação',43,1),(926,'Supermercado',13,1),(927,'Netflix',37,1),(928,'Alimentação',96,1),(929,'Pagamento de Fatura :: Cartão C6',84,1),(930,'Água mineral',32,1),(931,'Combustível',60,1),(932,'Alimentação',80,1),(933,'Supermercado',13,1),(934,'Alimentação',96,1),(935,'Alimentação',9,1),(936,'Supermercado',13,1),(937,'Medicamentos',23,1),(938,'Alimentação',3,1),(939,'Supermercado',13,1),(940,'Alimentação',155,1),(941,'Alimentação',96,1),(942,'Alimentação',43,1),(943,'Supermercado',13,1),(944,'Medicamentos',47,1),(945,'Alimentação',96,1),(946,'Uniodonto',62,1),(947,'Água mineral',32,1),(948,'Alimentação',80,1),(949,'Alimentação',108,1),(950,'Alimentação',3,1),(951,'Alimentação',156,1),(952,'Alimentação',41,1),(953,'Combustível',90,1),(954,'Alimentação',80,1),(955,'Alimentação',41,1),(956,'Supermercado',13,1),(957,'Alimentação',43,1),(958,'Corte de cabelo',91,1),(959,'Alimentação',80,1),(960,'Pulseira Bike na Veia',7,1),(961,'Alimentação',7,1),(962,'Pulseira Bike na Veia',7,1),(963,'Despesa não identificada',NULL,1),(964,'Comida para pets',NULL,1),(965,'Rifa Bike na Veia',7,1),(966,'Alimentação',NULL,1),(967,'Saldo do mês anterior',82,1),(968,'Cast Group :: Adiantamento',NULL,1),(969,'Cast Group :: Complemento',NULL,1),(970,'Presente de aniversário :: Glauter Carneiro',117,1),(971,'Presente de aniversário :: Camila Elien',NULL,1),(972,'Alimentação',NULL,1),(973,'Despesa não identificada',NULL,1),(974,'Despesa não identificada',NULL,1),(975,'Despesa não identificada',NULL,1),(976,'Despesa não identificada',NULL,1),(977,'Despesa não identificada',NULL,1),(978,'Alimentação',157,1),(979,'Creme desodorante de mãos Cereja e Baunilha',64,1),(980,'Tarifa Pacote de Serviços, cobrança referente 25/02/2025',82,1),(981,'Alimentação',NULL,1),(982,'Despesa não identificada',NULL,1),(983,'Circo Celestia :: 2 ingressos adultos',NULL,1),(984,'Despesa não identificada',NULL,1),(985,'Ressarcimento de 2 ingressos adultos para o circo Celestia',NULL,1),(986,'Ligas de cabelo',158,1),(987,'Par de meias',158,1),(988,'Despesa não identificada',NULL,1),(989,'Presente de aniversário Matheus Krinsky',65,1),(990,'Alimentação :: Ressarcimento',NULL,1),(991,'Alimentação :: Ressarcimento',NULL,1),(992,'Tranferência para uso da TAG do C6 Bank',NULL,1),(993,'Uber :: Ressarcimento de viagem',NULL,1),(994,'Circo Celestia :: Ressarcimento de ingressos',NULL,1),(995,'Saldo do mês anterior',82,1),(996,'Juros',82,1),(997,'Juros',82,1),(998,'Juros',82,1),(999,'Juros',82,1),(1000,'Juros',82,1),(1001,'Juros',82,1),(1002,'Juros',82,1),(1003,'Juros',82,1),(1004,'Juros',82,1),(1005,'Juros',82,1),(1006,'Peugeot 208 :: IPVA 2025, Parcela 1',69,1),(1007,'Supermercado',13,1),(1008,'Supermercado',13,1),(1009,'Alimentação',3,1),(1010,'Supermercado',2,1),(1011,'Supermercado',13,1),(1012,'Supermercado',2,1),(1013,'Supermercado',13,1),(1014,'Supermercado',13,1),(1015,'Alimentação',3,1),(1016,'Alimentação',NULL,1),(1017,'Recarga 2025-02',NULL,1),(1018,'Supermercado',13,1),(1019,'Alimentação',96,1),(1020,'Alimentação',80,1),(1021,'Supermercado',13,1),(1022,'Alimentação',112,1),(1023,'Alimentação',112,1),(1024,'Alimentação',110,1),(1025,'Alimentação',110,1),(1026,'Alimentação',147,1),(1027,'Alimentação',104,1),(1028,'Alimentação',41,1),(1029,'Alimentação',80,1),(1030,'Alimentação',110,1),(1031,'Alimentação',112,1),(1032,'Combustível',60,1),(1033,'Alimentação',3,1),(1034,'Alimentação',113,1),(1035,'Medicamentos',47,1),(1036,'Alimentação',75,1),(1037,'Medicamentos',47,1),(1038,'Medicamentos',47,1),(1039,'Alimentação',113,1),(1040,'Alimentação',113,1),(1041,'Medicamentos',23,1),(1042,'Alimentação',108,1),(1043,'Alimentação',159,1),(1044,'Alimentação',NULL,1),(1045,'Alimentação',161,1),(1046,'Alimentação',161,1),(1047,'Alimentação',NULL,1),(1048,'Alimentação',160,1),(1049,'Alimentação',159,1),(1050,'Alimentação',104,1),(1051,'Alimentação',NULL,1),(1052,'Recarga 2025-02',NULL,1),(1053,'Colégio :: Mensalidade 2025-02',85,1),(1054,'Exame médico',162,1),(1055,'Despesa não identificada',NULL,1),(1056,'Despesa não identificada',86,1),(1057,'Despesa não identificada',NULL,1),(1058,'Assinatura Melimais',54,1),(1059,'Cadeira estofada Romana x 2 (Parcela 3/5)',121,1),(1060,'Serviço de instalação da Absolute Prime SLR (Parcela 2/2)',128,1),(1061,'Seguro 2024-2025 Peugeot 208 (Parcela 5/12)',153,1),(1062,'Sul América Odontologia (Parcela 9/12)',151,1),(1063,'Assinatura Microsoft 365 (Parcela 5/10)',45,1),(1064,'Suspensão Absolute Prime SLR (Parcela 3/6)',54,1),(1065,'Livros FTD 2025 (Parcela 2/6)',NULL,1),(1066,'Alimentação',NULL,1),(1067,'Supermercado',13,1),(1068,'Implante dentário :: inplante de dois pinos (Parcela 1/5)',NULL,1),(1069,'Alimentação',NULL,1),(1070,'Roupas (Parcela 2/2)',66,1),(1071,'Roupa de academia',NULL,1),(1072,'Academia',163,1),(1073,'Serviço de estética :: Sobrancelhas',NULL,1),(1074,'Despesa não identificada',NULL,1),(1075,'Despesa não identificada',NULL,1),(1076,'Assinatura Jus Brasil',NULL,1),(1077,'Farda de educação física',85,1),(1078,'Escova progressiva (Parcela 2/2)',NULL,1),(1079,'Despesa não identificada',NULL,1),(1080,'Água mineral',32,1),(1081,'Condomínio',5,1),(1082,'Energia elétrica',34,1),(1083,'Internet residencial',36,1),(1084,'Alimentação',41,1),(1085,'Alimentação',3,1),(1086,'Claro móvel',36,1),(1087,'Combustível',60,1),(1088,'Pagamento de Fatura :: Cartão C6',84,1),(1089,'Alimentação',80,1),(1090,'Alimentação',3,1),(1091,'Crédito para celular',76,1),(1092,'Água mineral',32,1),(1093,'Netflix',37,1),(1094,'Alimentação',80,1),(1095,'Supermercado',13,1),(1096,'Alimentação',80,1),(1097,'Água mineral',32,1),(1098,'Supermercado',13,1),(1099,'Alimentação',80,1),(1100,'Alimentação',96,1),(1101,'Supermercado',13,1),(1102,'Uniodonto',62,1),(1103,'Alimentação',157,1),(1104,'Água mineral',32,1),(1105,'Saldo do mês anterior',NULL,1),(1106,'Alimentação',164,1),(1107,'Alimentação',164,1),(1108,'Alimentação',NULL,1),(1109,'Alimentação',123,1),(1110,'Alimentação',168,1),(1111,'Alimentação',68,1),(1112,'Medicamentos',165,1),(1113,'Medicamentos',166,1),(1114,'Unimed',33,1),(1115,'Aulas de balet',167,1),(1116,'Medicamentos',23,1),(1117,'Tarifa Pacote de Serviços, cobrança referente 25/03/2025',82,1),(1118,'Alimentação',NULL,1),(1119,'Cast Group :: Completo',NULL,1),(1120,'Aplicação na poupança',NULL,1),(1121,'Alimentação',NULL,1),(1122,'Jogos digitais :: Cities Skylines, Limbo, Inside',169,1),(1123,'AliExpress :: Itens diversos',4,1),(1124,'Alimentação',NULL,1),(1125,'Presente de anivesário :: Benício',114,1),(1126,'Roupas',66,1),(1127,'Presente de aniversário :: Breno',64,1),(1128,'Despesa não identificada',NULL,1),(1129,'Despesa não identificada',NULL,1),(1130,'Despesa não identificada',NULL,1),(1131,'Ressarcimento de compras',NULL,1),(1132,'Roupas',66,1),(1133,'Mesada para Camila',NULL,1),(1134,'Entrada não identificada',NULL,1),(1135,'Juros',82,1),(1136,'Juros',82,1),(1137,'Juros',82,1),(1138,'Juros',82,1),(1139,'Juros',82,1),(1140,'Juros',82,1),(1141,'Juros',82,1),(1142,'Juros',82,1),(1143,'IPVA 2025, Parcela 2',69,1),(1144,'Saldo do mês anterior',NULL,1),(1145,'Supermercado',13,1),(1146,'Supermercado',13,1),(1147,'Alimentação',75,1),(1148,'Supermercado',13,1),(1149,'Alimentação',3,1),(1150,'Alimentação',75,1),(1151,'Supermercado',2,1),(1152,'Supermercado',13,1),(1153,'Supermercado',13,1),(1154,'Alimentação',3,1),(1155,'Supermercado',61,1),(1156,'Alimentação',NULL,1),(1157,'Despesa não identificada',NULL,1),(1158,'Recarga 2025-03',NULL,1),(1159,'Saldo do mês anterior',NULL,1),(1160,'Supermercado',NULL,1),(1161,'Despesa não identificada',NULL,1),(1162,'Alimentação',41,1),(1163,'Alimentação',96,1),(1164,'Supermercado',13,1),(1165,'Alimentação',96,1),(1166,'Medicamentos',47,1),(1167,'Alimentação',3,1),(1168,'Alimentação',104,1),(1169,'Alimentação',104,1),(1170,'Medicamentos',47,1),(1171,'Medicamentos',47,1),(1172,'Alimentação',80,1),(1173,'Alimentação',80,1),(1174,'Medicamentos',30,1),(1175,'Alimentação',104,1),(1176,'Alimentação',96,1),(1177,'Alimentação',NULL,1),(1178,'Alimentação',NULL,1),(1179,'Alimentação',NULL,1),(1180,'Alimentação',NULL,1),(1181,'Alimentação',22,1),(1182,'Medicamentos',NULL,1),(1183,'Alimentação',104,1),(1184,'Alimentação',104,1),(1185,'Medicamentos',23,1),(1186,'Alimentação',104,1),(1187,'Alimentação',170,1),(1188,'Alimentação',104,1),(1189,'Colégio :: Mensalidade 2025-03',85,1),(1190,'Recarga 2025-02',NULL,1),(1191,'Medicamentos',171,1),(1192,'Medicamentos',171,1),(1193,'Despesa não identificada',NULL,1),(1194,'Despesa não identificada',NULL,1),(1195,'Despesa não identificada',NULL,1),(1196,'Supermercado :: Viagem para Tibau',NULL,1),(1197,'Uber',58,1),(1198,'Assinatura Melimais',54,1),(1199,'Cadeira estofada Romana x 2 (Parcela 4/5)',121,1),(1200,'Implante dentário :: implante de dois pinos (Parcela 2/5)',NULL,1),(1201,'Sul América Odontologia (Parcela 10/12)',151,1),(1202,'Assinatura Microsoft 365 (Parcela 6/10)',45,1),(1203,'Suspensão Absolute Prime SLR (Parcela 4/6)',54,1),(1204,'Livros FTD 2025 (Parcela 3/6)',NULL,1),(1205,'Alimentação',104,1),(1206,'Alimentação',28,1),(1207,'Alimentação',28,1),(1208,'Academia',163,1),(1209,'Alimentação',NULL,1),(1210,'Academia',163,1),(1211,'Seguro 2024-2025 Peugeot 208 (Parcela 6/12)',153,1),(1212,'Assinatura Jus Brasil',NULL,1),(1213,'Despesa não identificada',NULL,1),(1214,'Despesa não identificada',NULL,1),(1215,'Itens variados',121,1),(1216,'Itens variados',121,1),(1217,'Despesa não identificada',NULL,1),(1218,'Despesa não identificada',NULL,1),(1219,'Alimentação',3,1),(1220,'Supermercado',13,1),(1221,'Combustível',60,1),(1222,'Alimentação',3,1),(1223,'Água mineral',32,1),(1224,'Alimentação',80,1),(1225,'Unimed',33,1),(1226,'Aulas de balet',167,1),(1227,'Alimentação',80,1),(1228,'Condomínio',5,1),(1229,'Internet residencial',36,1),(1230,'Água mineral',32,1),(1231,'Pagamento de Fatura :: Cartão C6',84,1),(1232,'Claro móvel',36,1),(1233,'Alimentação',96,1),(1234,'Crédito para celular',76,1),(1235,'Água mineral',32,1),(1236,'Combustível',60,1),(1237,'Alimentação',80,1),(1238,'Supermercado',13,1),(1239,'Água mineral',32,1),(1240,'Alimentação',3,1),(1241,'Alimentação',96,1),(1242,'Água mineral',32,1),(1243,'Saldo do mês anterior',NULL,1),(1244,'Alimentação',172,1),(1245,'Alimentação',172,1),(1246,'Alimentação',173,1),(1247,'Cast Group :: Adiantamento',NULL,1),(1248,'Cast Group :: Complemento',NULL,1),(1249,'Alimentação',147,1),(1250,'Aplicação na poupança',NULL,1),(1251,'Bateria de Lítio CR2032 Cartela com 5 unidades 3v Elgin',70,1),(1252,'Bike na Veia :: Pulseira',7,1),(1253,'Limpeza Peugeot 208',NULL,1),(1254,'Salão de beleza',NULL,1),(1255,'Roupas de balet',NULL,1),(1256,'Gás de cozinha',NULL,1),(1257,'Energia elétrica',34,1),(1258,'Presente de Páscoa para professores do Ágape',NULL,1),(1259,'Alimentação',174,1),(1260,'Alimentação',68,1),(1261,'Despesa não identificada',NULL,1),(1262,'Aniversário Camila 2025 :: sacolas de lembrancinhas',NULL,1),(1263,'Medicamentos',48,1),(1264,'Alimentação',NULL,1),(1265,'Supermercado',2,1),(1266,'Alimentação',22,1),(1267,'Tarifa Pacote de Serviços, cobrança referente 25/04/2025',82,1),(1268,'Itens para home office',20,1),(1269,'Aniversário Camila 2025 :: decoração',NULL,1),(1270,'Aniversário Camila 2025 :: sacolas de lembrancinhas',NULL,1),(1271,'Template de convite de aniversário para Canva',NULL,1),(1272,'Despesa não identificada',144,1),(1273,'Despesa não identificada',NULL,1),(1274,'Despesa não identificada',10,1),(1275,'Aniversário Camila 2025 :: impressões para topo de bolo',38,1),(1276,'Transporte (não identificado)',NULL,1),(1277,'Retirada da poupança',82,1),(1278,'Retirada da poupança',82,1),(1279,'Salão de beleza',175,1),(1280,'Salão de beleza',176,1),(1281,'Juros',82,1),(1282,'Juros',82,1),(1283,'Juros',82,1),(1284,'Juros',82,1),(1285,'Juros',82,1),(1286,'Juros',82,1),(1287,'Juros',82,1),(1288,'Juros',82,1),(1289,'Juros',82,1),(1290,'Juros',82,1),(1291,'Juros',82,1),(1292,'Juros',82,1),(1293,'Saldo do mês anterior',NULL,1),(1294,'Corte de cabelo',91,1),(1295,'Aniversário Camila 2025 :: despesa com parquinho',NULL,1),(1296,'Supermercado',2,1),(1297,'Supermercado',2,1),(1298,'Supermercado',2,1),(1299,'Alimentação',3,1),(1300,'Alimentação',3,1),(1301,'Alimentação',3,1),(1302,'Supermercado',2,1),(1303,'Recarga 2025-04',NULL,1),(1304,'Supermercado',13,1),(1305,'Supermercado',13,1),(1306,'Supermercado',13,1),(1307,'Supermercado',13,1),(1308,'Supermercado',13,1),(1309,'Supermercado',13,1),(1310,'Supermercado',13,1),(1311,'Supermercado',13,1),(1312,'Alimentação',NULL,1),(1313,'Despesa não identificada',NULL,1),(1314,'Supermercado',13,1),(1315,'Supermercado',13,1),(1316,'Alimentação',80,1),(1317,'Alimentação',160,1),(1318,'Alimentação',3,1),(1319,'Alimentação',80,1),(1320,'Alimentação',104,1),(1321,'Alimentação',43,1),(1322,'Alimentação',80,1),(1323,'Alimentação',28,1),(1324,'Alimentação',96,1),(1325,'Medicamentos',30,1),(1326,'Alimentação',80,1),(1327,'Alimentação',147,1),(1328,'Alimentação',80,1),(1329,'Saldo do mês anterior',NULL,1),(1330,'Recarga 2025-04',NULL,1),(1331,'Alimentação',127,1),(1332,'Alimentação',177,1),(1333,'Alimentação',168,1),(1334,'Alimentação',174,1),(1335,'Alimentação',53,1),(1336,'Alimentação',79,1),(1337,'Alimentação',178,1),(1338,'Alimentação',127,1),(1339,'Mensalidade 2025-04',85,1),(1340,'Estacionamento',16,1),(1341,'Meddicamentos',171,1),(1342,'Alimentação',NULL,1),(1343,'Alimentação',NULL,1),(1344,'Supermercado',116,1),(1345,'Despesa não identificada',NULL,1),(1346,'Alimentação',NULL,1),(1347,'Produtos de beleza e higiene pessoal',NULL,1),(1348,'Produtos de beleza e higiene pessoal',NULL,1),(1349,'Alimentação',NULL,1),(1350,'Uber',58,1),(1351,'Uber',58,1),(1352,'Uber',58,1),(1353,'Uber',58,1),(1354,'Assinatura Melimais',54,1),(1355,'Alimentação',28,1),(1356,'Cadeira estofada Romana x 2 (Parcela 5/5)',121,1),(1357,'Implante dentário :: implante de dois pinos (Parcela 3/5)',NULL,1),(1358,'Sul América Odontologia (Parcela 11/12)',151,1),(1359,'Assinatura Microsoft 365 (Parcela 7/10)',45,1),(1360,'Suspensão Absolute Prime SLR (Parcela 5/6)',54,1),(1361,'Livros FTD 2025 (Parcela 4/6)',NULL,1),(1362,'Academia',163,1),(1363,'Academia',163,1),(1364,'Alimentação',104,1),(1365,'Alimentação',104,1),(1366,'Alimentação',104,1),(1367,'Seguro 2024-2025 Peugeot 208 (Parcela 7/12)',153,1),(1368,'Alimentação',93,1),(1369,'Itens para o lar (Parcela 1/2)',121,1),(1370,'Blusa manga curta canelado estampado',65,1),(1371,'Jogo Avatar World :: pacote de complemento',NULL,1),(1372,'Jogo Avatar World :: pacote de complemento',NULL,1),(1373,'Itens diversos',121,1),(1374,'Ingressos para apresentação da Páscoa do colégio Ágape',16,1),(1375,'Academia',163,1),(1376,'Sandalia dourada com laco e pedrinhas com brilho nas pontas',NULL,1),(1377,'Vestido (Parcela 1/3)',NULL,1),(1378,'Combustível',60,1),(1379,'Aulas de balet',167,1),(1380,'Supermercado',13,1),(1381,'Supermercado',13,1),(1382,'Aulas de balet',167,1),(1383,'Água mineral',32,1),(1384,'Alimentação',9,1),(1385,'Uniodonto',62,1),(1386,'Condomínio',5,1),(1387,'Pagamento de Fatura :: Cartão C6',84,1),(1388,'Claro móvel',36,1),(1389,'Internet residencial',36,1),(1390,'Água mineral',32,1),(1391,'Combustível',60,1),(1392,'Saldo do mês anterior',NULL,1),(1393,'Cast Group :: Adiantamento',NULL,1),(1394,'Medicamentos',23,1),(1395,'Cast Group :: Complemento',NULL,1),(1396,'Alimentação',174,1),(1397,'Alimentação',68,1),(1398,'Aniversário Camila 2025 :: doces e bolo de corte',NULL,1),(1399,'Supermercado',179,1),(1400,'Alimentação',68,1),(1401,'Tarifa Pacote de Serviços, cobrança referente 26/05/2025',82,1),(1402,'Manutenção do apartamento',18,1),(1403,'Template de Curriculo Tammy',NULL,1),(1404,'Cota para churrasco no sítio',NULL,1),(1405,'Unimed',33,1),(1406,'Conta C6 Bank :: Crédito para Tag C6 Veloe',84,1),(1407,'Curso Angular 19 - Curso Completo do Iniciante ao Avançado',89,1),(1408,'Dobradiças para o armário da cozinha',18,1),(1409,'Materiais para remoção da caixa do ar-condicionado',180,1),(1410,'Materiais para remoção da caixa do ar-condicionado',181,1),(1411,'Itens de vestuário',66,1),(1412,'Itens de vestuário',65,1),(1413,'Presente Dias das Mães, VIlde',NULL,1),(1414,'Despesa não identificada',NULL,1),(1415,'Retirada da poupança',NULL,1),(1416,'Juros',82,1),(1417,'Juros',82,1),(1418,'Juros',82,1),(1419,'Juros',82,1),(1420,'Juros',82,1),(1421,'Juros',82,1),(1422,'Juros',82,1),(1423,'Juros',82,1),(1424,'Juros',82,1),(1425,'Juros',82,1),(1426,'Saldo do mês anterior',NULL,1),(1427,'Energia elétrica',34,1),(1428,'Crédito para celular',76,1),(1429,'Água mineral',32,1),(1430,'Supermercado',179,1),(1431,'Água mineral',32,1),(1432,'Supermercado',179,1),(1433,'IPVA 2025, Parcela 3',69,1),(1434,'Alimentação',68,1),(1435,'Combustível',60,1),(1436,'Uniodonto',62,1),(1437,'Camisa interclasse 2025 Colégio Ágape',NULL,1),(1438,'Ballet Goretti Quintela :: Café da manhã de dia das mâes',167,1),(1439,'Presente de aniversário :: Pedro Krinsky',NULL,1),(1440,'Licenciamento 2025',69,1),(1441,'Supermercado',13,1),(1442,'Alimentação',3,1),(1443,'Supermercado',13,1),(1444,'Supermercado',13,1),(1445,'Supermercado',13,1),(1446,'Alimentação',3,1),(1447,'Supermercado',13,1),(1448,'Alimentação',3,1),(1449,'Supermercado',13,1),(1450,'Supermercado',13,1),(1451,'Supermercado',13,1),(1452,'Alimentação',3,1),(1453,'Supermercado',13,1),(1454,'Supermercado',13,1),(1455,'Supermercado',13,1),(1456,'Supermercado',13,1),(1457,'Supermercado',13,1),(1458,'Recarga 2025-05',NULL,1),(1459,'Supermercado',2,1),(1460,'Supermercado',2,1),(1461,'Supermercado',2,1),(1462,'Supermercado',24,1),(1463,'Supermercado',13,1),(1464,'Alimentação',80,1),(1465,'Alimentação',80,1),(1466,'Alimentação',80,1),(1467,'Alimentação',96,1),(1468,'Medicamentos',48,1),(1469,'Alimentação',80,1),(1470,'Alimentação',108,1),(1471,'Supermercado',13,1),(1472,'Alimentação',80,1),(1473,'Alimentação',28,1),(1474,'Alimentação',57,1),(1475,'Alimentação',104,1),(1476,'Alimentação',96,1),(1477,'Alimentação',80,1),(1478,'Alimentação',3,1),(1479,'Alimentação',3,1),(1480,'Medicamentos',30,1),(1481,'Alimentação',43,1),(1482,'Alimentação',96,1),(1483,'Alimentação',80,1),(1484,'Alimentação',174,1),(1485,'Alimentação',174,1),(1486,'Medicamentos',47,1),(1487,'Alimentação',3,1),(1488,'Alimentação',80,1),(1489,'Recarga 2025-05',NULL,1),(1490,'Mensalidade 2025-05',85,1),(1491,'Supermercado',2,1),(1492,'Alimentação',182,1),(1493,'Alimentação',183,1),(1494,'Supermercado',179,1),(1495,'Supermercado',179,1),(1496,'Alimentação',104,1),(1497,'Alimentação',104,1),(1498,'Alimentação',104,1),(1499,'Alimentação',104,1),(1500,'Salão de beleza',175,1),(1501,'Despesa não identificada',NULL,1),(1502,'Despesa não identificada',NULL,1),(1503,'Salão de beleza',176,1),(1504,'Atividade escolar',85,1),(1508,'Implante dentário :: implante de dois pinos (Parcela 4/5)',NULL,1),(1509,'Itens para o lar (Parcela 2/2)',121,1),(1510,'Seguro 2024-2025 Peugeot 208 (Parcela 8/12)',153,1),(1511,'Alimentação',75,1),(1512,'Supermercado',13,1),(1513,'Alimentação',104,1),(1514,'Alimentação',104,1),(1515,'Alimentação',104,1),(1516,'Alimentação',104,1),(1517,'Alimentação',183,1),(1518,'Medicamentos',47,1),(1519,'Supermercado',13,1),(1520,'Combustível',90,1),(1521,'Sul América Odontologia (Parcela 12/12)',151,1),(1522,'Assinatura Microsoft 365 (Parcela 8/10)',45,1),(1523,'Suspensão Absolute Prime SLR (Parcela 6/6)',54,1),(1524,'Livros FTD 2025 (Parcela 5/6)',NULL,1),(1525,'Academia',163,1),(1526,'Academia',163,1),(1527,'Supermercado',13,1),(1528,'Aniversário Camila 2025 :: bombons (Parcela 1/2)',2,1),(1529,'Vestido (Parcela 2/3)',NULL,1),(1530,'Alimentação',NULL,1),(1531,'Alimentação',174,1),(1532,'Alimentação',NULL,1),(1533,'Alimentação',NULL,1),(1534,'Alimentação',NULL,1),(1535,'Alimentação',80,1),(1536,'Ventilador de Mesa 30cm Super Power, Mondial',70,1),(1537,'Uber',58,1),(1538,'Assinatura Melimais',54,1),(1539,'Aplicativo para android Bubble Level',NULL,1),(1540,'Smartwatch Haylou Solar Plus (Parcela 1/5)',70,1),(1541,'Despesa não identificada',NULL,1),(1542,'Despesa não identificada',NULL,1),(1543,'Presente de aniversário :: Lorena',158,1),(1544,'Pijama para Camila',158,1),(1545,'Ligas para cabelo',158,1),(1546,'Itens para o lar (Parcela 1/4)',121,1),(1547,'Despesa não identificada',10,1);
/*!40000 ALTER TABLE `obj_objective` ENABLE KEYS */;
UNLOCK TABLES;

--
-- Table structure for table `obm_objective_movement`
--

DROP TABLE IF EXISTS `obm_objective_movement`;
/*!40101 SET @saved_cs_client     = @@character_set_client */;
/*!50503 SET character_set_client = utf8mb4 */;
CREATE TABLE `obm_objective_movement` (
  `obm_identity` int NOT NULL AUTO_INCREMENT,
  `obm_registration_date` datetime NOT NULL,
  `obm_due_date` datetime NOT NULL,
  `obm_payment_date` datetime DEFAULT NULL,
  `obm_value` decimal(10,2) NOT NULL,
  `obm_installment` int NOT NULL,
  `obj_identity` int NOT NULL,
  `pam_identity` int NOT NULL,
  `acc_identity_source` int NOT NULL,
  `usr_identity` int NOT NULL,
  PRIMARY KEY (`obm_identity`),
  UNIQUE KEY `un_obm_objective_movement` (`obj_identity`,`obm_installment`),
  KEY `fk_pam_payment_method_obm` (`pam_identity`),
  KEY `fk_acc_account_source_obm` (`acc_identity_source`),
  CONSTRAINT `fk_acc_account_source_obm` FOREIGN KEY (`acc_identity_source`) REFERENCES `acc_account` (`acc_identity`),
  CONSTRAINT `fk_obj_objective_obm` FOREIGN KEY (`obj_identity`) REFERENCES `obj_objective` (`obj_identity`),
  CONSTRAINT `fk_pam_payment_method_obm` FOREIGN KEY (`pam_identity`) REFERENCES `pam_payment_method` (`pam_identity`)
) ENGINE=InnoDB AUTO_INCREMENT=1548 DEFAULT CHARSET=utf8mb4 COLLATE=utf8mb4_0900_ai_ci;
/*!40101 SET character_set_client = @saved_cs_client */;

--
-- Dumping data for table `obm_objective_movement`
--

LOCK TABLES `obm_objective_movement` WRITE;
/*!40000 ALTER TABLE `obm_objective_movement` DISABLE KEYS */;
INSERT INTO `obm_objective_movement` VALUES (67,'2024-06-08 15:23:46','2024-05-01 12:00:00','2024-05-01 12:00:00',563.12,1,67,2,5,1),(68,'2024-06-08 15:23:46','2024-05-06 12:00:00','2024-05-06 12:00:00',17.90,1,68,2,5,1),(69,'2024-06-08 15:23:46','2024-05-06 12:00:00','2024-05-06 12:00:00',13.50,1,69,2,5,1),(70,'2024-06-08 15:23:46','2024-05-09 12:00:00','2024-05-09 12:00:00',17.08,1,70,2,5,1),(71,'2024-06-08 15:23:46','2024-05-10 12:00:00','2024-05-10 12:00:00',459.00,1,71,2,5,1),(72,'2024-06-08 15:23:46','2024-05-10 12:00:00','2024-05-10 12:00:00',289.39,1,72,2,5,1),(73,'2024-06-08 15:23:46','2024-05-13 12:00:00','2024-05-13 12:00:00',13.50,1,73,2,5,1),(74,'2024-06-08 15:23:46','2024-05-13 12:00:00','2024-05-13 12:00:00',114.80,1,74,2,5,1),(75,'2024-06-08 15:23:46','2024-05-17 12:00:00','2024-05-17 12:00:00',39.90,1,75,2,5,1),(76,'2024-06-08 15:23:46','2024-05-17 12:00:00','2024-05-17 12:00:00',8.81,1,76,2,5,1),(77,'2024-06-08 15:23:46','2024-05-17 12:00:00','2024-05-17 12:00:00',13.50,1,77,2,5,1),(78,'2024-06-08 15:23:46','2024-05-20 12:00:00','2024-05-20 12:00:00',16.99,1,78,2,5,1),(79,'2024-06-08 15:23:47','2024-05-20 12:00:00','2024-05-20 12:00:00',24.74,1,79,2,5,1),(80,'2024-06-08 15:23:47','2024-05-20 12:00:00','2024-05-20 12:00:00',5.32,1,80,2,5,1),(81,'2024-06-08 15:23:47','2024-05-20 12:00:00','2024-05-20 12:00:00',18.41,1,81,2,5,1),(82,'2024-06-08 15:23:47','2024-05-20 12:00:00','2024-05-20 12:00:00',47.62,1,82,2,5,1),(83,'2024-06-08 15:23:47','2024-05-22 12:00:00','2024-05-22 12:00:00',31.21,1,83,2,5,1),(84,'2024-06-08 15:23:47','2024-05-23 12:00:00','2024-05-23 12:00:00',32.00,1,84,2,5,1),(85,'2024-06-08 15:23:47','2024-05-23 12:00:00','2024-05-23 12:00:00',13.50,1,85,2,5,1),(86,'2024-06-08 15:23:47','2024-05-24 12:00:00','2024-05-24 12:00:00',37.99,1,86,2,5,1),(87,'2024-06-08 15:23:47','2024-05-24 12:00:00','2024-05-24 12:00:00',26.00,1,87,2,5,1),(88,'2024-06-08 15:23:47','2024-05-24 12:00:00','2024-05-24 12:00:00',34.33,1,88,2,5,1),(89,'2024-06-08 15:23:47','2024-05-27 12:00:00','2024-05-27 12:00:00',113.27,1,89,2,5,1),(90,'2024-06-08 15:23:47','2024-05-27 12:00:00','2024-05-27 12:00:00',41.30,1,90,2,5,1),(91,'2024-06-08 15:23:47','2024-05-28 12:00:00','2024-05-28 12:00:00',86.73,1,91,2,5,1),(92,'2024-06-25 00:47:58','2024-05-02 12:00:00','2024-05-02 12:00:00',2000.00,1,92,5,9,1),(93,'2024-06-25 00:50:15','2024-05-08 12:00:00','2024-05-08 12:00:00',4035.61,1,93,5,9,1),(94,'2024-06-25 00:52:59','2024-05-10 12:00:00','2024-05-10 12:00:00',100.00,1,94,2,5,1),(95,'2024-06-25 00:54:08','2024-05-20 12:00:00','2024-05-20 12:00:00',100.00,1,95,2,5,1),(96,'2024-06-25 01:00:25','2024-05-20 12:00:00','2024-05-20 12:00:00',42.54,1,96,2,5,1),(97,'2024-06-25 18:22:32','2024-05-06 12:00:00','2024-05-06 12:00:00',910.14,1,97,2,5,1),(98,'2024-06-25 18:23:01','2024-05-06 12:00:00','2024-05-06 12:00:00',49.68,1,98,2,5,1),(99,'2024-06-25 18:31:06','2024-05-20 12:00:00','2024-05-20 12:00:00',100.00,1,99,2,5,1),(100,'2024-06-25 18:37:34','2024-05-13 12:00:00','2024-05-13 12:00:00',125.98,1,100,2,5,1),(101,'2024-06-25 18:45:24','2024-05-27 12:00:00','2024-05-27 12:00:00',80.00,1,101,2,5,1),(102,'2024-06-25 19:31:35','2024-05-02 12:00:00','2024-05-02 12:00:00',563.12,1,102,5,5,1),(103,'2024-06-25 19:43:14','2024-05-02 12:00:00','2024-05-02 12:00:00',20.00,1,103,6,5,1),(104,'2024-06-25 19:50:25','2024-05-06 12:00:00','2024-05-06 12:00:00',31.00,1,104,6,5,1),(105,'2024-06-25 19:58:26','2024-05-23 12:00:00','2024-05-23 12:00:00',30.00,1,105,6,5,1),(106,'2024-06-25 20:01:22','2024-05-27 12:00:00','2024-05-27 12:00:00',30.00,1,106,6,5,1),(107,'2024-06-25 20:06:21','2024-05-07 12:00:00','2024-05-07 12:00:00',259.59,1,107,2,5,1),(108,'2024-07-01 21:47:50','2024-05-20 12:00:00','2024-05-20 12:00:00',12.00,1,108,2,5,1),(109,'2024-07-01 21:50:39','2024-05-27 12:00:00','2024-05-27 12:00:00',47.27,1,109,2,5,1),(110,'2024-07-10 17:31:01','2024-05-13 12:00:00','2024-05-13 12:00:00',1237.52,1,110,2,5,1),(111,'2024-07-10 17:32:19','2024-05-13 12:00:00','2024-05-13 12:00:00',75.00,1,111,2,5,1),(112,'2024-07-10 17:32:49','2024-05-22 12:00:00','2024-05-22 12:00:00',35.00,1,112,2,5,1),(113,'2024-07-10 22:10:18','2024-05-13 12:00:00','2024-05-13 12:00:00',71.41,1,113,2,5,1),(114,'2024-07-10 22:11:55','2024-05-03 12:00:00','2024-05-03 12:00:00',30.00,1,114,2,5,1),(115,'2024-07-10 22:13:09','2024-05-06 12:00:00','2024-05-06 12:00:00',5.80,1,115,2,5,1),(116,'2024-07-10 22:14:26','2024-05-09 12:00:00','2024-05-09 12:00:00',310.00,1,116,6,5,1),(117,'2024-07-10 22:15:55','2024-05-13 12:00:00','2024-05-13 12:00:00',70.76,1,117,2,5,1),(118,'2024-07-10 22:16:54','2024-05-27 12:00:00','2024-05-27 12:00:00',100.94,1,118,2,5,1),(119,'2024-07-10 22:18:46','2024-05-20 12:00:00','2024-05-20 12:00:00',15.00,1,119,2,5,1),(120,'2024-07-13 13:39:18','2024-05-08 12:00:00','2024-05-08 12:00:00',119.04,1,120,6,5,1),(121,'2024-07-13 13:41:23','2024-05-10 12:00:00','2024-05-10 12:00:00',564.80,1,121,6,5,1),(124,'2024-07-13 13:45:32','2024-05-20 12:00:00','2024-05-20 12:00:00',66.97,1,124,6,5,1),(125,'2024-07-13 13:46:44','2024-05-27 12:00:00','2024-05-27 12:00:00',14.20,1,125,2,5,1),(126,'2024-07-13 13:47:37','2024-05-31 12:00:00','2024-05-31 12:00:00',7.00,1,126,2,5,1),(127,'2024-07-13 13:48:05','2024-05-20 12:00:00','2024-05-20 12:00:00',15.00,1,127,6,5,1),(128,'2024-07-13 13:49:25','2024-05-20 12:00:00','2024-05-20 12:00:00',48.60,1,128,2,5,1),(129,'2024-07-13 13:51:33','2024-05-06 12:00:00','2024-05-06 12:00:00',6.00,1,129,6,63,1),(130,'2024-07-13 13:52:22','2024-05-13 12:00:00','2024-05-13 12:00:00',258.00,1,130,5,7,1),(131,'2024-07-13 14:07:58','2024-06-01 12:00:00','2024-06-01 12:00:00',57.58,1,131,2,5,1),(132,'2024-07-13 14:07:58','2024-06-03 12:00:00','2024-06-03 12:00:00',100.00,1,132,2,5,1),(133,'2024-07-13 14:07:58','2024-06-03 12:00:00','2024-06-03 12:00:00',13.50,1,133,2,5,1),(134,'2024-07-13 14:07:58','2024-06-04 12:00:00','2024-06-04 12:00:00',2.32,1,134,2,5,1),(135,'2024-07-13 14:07:58','2024-06-04 12:00:00','2024-06-04 12:00:00',39.70,1,135,2,5,1),(136,'2024-07-13 14:07:58','2024-06-04 12:00:00','2024-06-04 12:00:00',101.72,1,136,2,5,1),(137,'2024-07-13 14:07:58','2024-06-07 12:00:00','2024-06-07 12:00:00',1034.10,1,137,2,5,1),(138,'2024-07-13 14:07:58','2024-06-07 12:00:00','2024-06-07 12:00:00',459.00,1,138,2,5,1),(139,'2024-07-13 14:07:58','2024-06-07 12:00:00','2024-06-07 12:00:00',306.94,1,139,2,5,1),(140,'2024-07-13 14:07:58','2024-06-10 12:00:00','2024-06-10 12:00:00',13.50,1,140,2,5,1),(141,'2024-07-13 14:07:59','2024-06-11 12:00:00','2024-06-11 12:00:00',114.80,1,141,2,5,1),(142,'2024-07-13 14:07:59','2024-06-12 12:00:00','2024-06-12 12:00:00',31.88,1,142,2,5,1),(143,'2024-07-13 14:07:59','2024-06-13 12:00:00','2024-06-13 12:00:00',2.46,1,143,2,5,1),(144,'2024-07-13 14:07:59','2024-06-14 12:00:00','2024-06-14 12:00:00',15.98,1,144,2,5,1),(145,'2024-07-13 14:07:59','2024-06-17 12:00:00','2024-06-17 12:00:00',11.98,1,145,2,5,1),(146,'2024-07-13 14:07:59','2024-06-17 12:00:00','2024-06-17 12:00:00',5.69,1,146,2,5,1),(147,'2024-07-13 14:07:59','2024-06-17 12:00:00','2024-06-17 12:00:00',31.00,1,147,2,5,1),(148,'2024-07-13 14:07:59','2024-06-17 12:00:00','2024-06-17 12:00:00',39.90,1,148,2,5,1),(149,'2024-07-13 14:07:59','2024-06-18 12:00:00','2024-06-18 12:00:00',100.00,1,149,2,5,1),(150,'2024-07-13 14:07:59','2024-06-18 12:00:00','2024-06-18 12:00:00',13.50,1,150,2,5,1),(151,'2024-07-13 14:07:59','2024-06-18 12:00:00','2024-06-18 12:00:00',48.60,1,151,2,5,1),(152,'2024-07-13 14:08:00','2024-06-24 12:00:00','2024-06-24 12:00:00',48.66,1,152,2,5,1),(153,'2024-07-13 14:08:00','2024-06-24 12:00:00','2024-06-24 12:00:00',10.72,1,153,2,5,1),(154,'2024-07-13 14:08:00','2024-06-24 12:00:00','2024-06-24 12:00:00',5.99,1,154,2,5,1),(155,'2024-07-13 14:08:00','2024-06-24 12:00:00','2024-06-24 12:00:00',18.55,1,155,2,5,1),(156,'2024-07-13 14:08:00','2024-06-26 12:00:00','2024-06-26 12:00:00',13.50,1,156,2,5,1),(157,'2024-07-13 14:08:00','2024-06-28 12:00:00','2024-06-28 12:00:00',14.38,1,157,2,5,1),(158,'2024-07-13 14:08:00','2024-06-28 12:00:00','2024-06-28 12:00:00',45.03,1,158,2,5,1),(159,'2024-07-13 14:17:16','2024-06-17 12:00:00','2024-06-17 12:00:00',33.55,1,159,2,5,1),(160,'2024-07-13 14:17:43','2024-06-24 12:00:00','2024-06-24 12:00:00',9.46,1,160,2,5,1),(161,'2024-07-13 14:19:14','2024-06-27 12:00:00','2024-06-27 12:00:00',80.00,1,161,2,5,1),(162,'2024-07-16 19:33:45','2024-06-03 12:00:00','2024-06-03 12:00:00',2000.00,1,162,5,9,1),(163,'2024-07-16 19:34:09','2024-06-07 12:00:00','2024-06-07 12:00:00',3990.92,1,163,5,9,1),(164,'2024-07-16 19:36:11','2024-06-03 12:00:00','2024-06-03 12:00:00',57.58,1,164,5,5,1),(165,'2024-07-16 19:38:15','2024-06-17 12:00:00','2024-06-17 12:00:00',78.90,1,165,6,5,1),(166,'2024-07-16 19:39:07','2024-06-19 12:00:00','2024-06-19 12:00:00',10.00,1,166,2,5,1),(167,'2024-07-16 19:42:50','2024-06-26 12:00:00','2024-06-26 12:00:00',14.45,1,167,2,5,1),(168,'2024-07-16 19:45:29','2024-06-27 12:00:00','2024-06-27 12:00:00',58.94,1,168,2,5,1),(169,'2024-07-16 20:05:16','2024-06-19 12:00:00','2024-06-19 12:00:00',13.00,1,169,2,5,1),(170,'2024-07-16 20:09:34','2024-06-03 12:00:00','2024-06-03 12:00:00',30.00,1,170,2,5,1),(171,'2024-07-16 20:11:29','2024-06-12 12:00:00','2024-06-12 12:00:00',66.41,1,171,2,5,1),(172,'2024-07-19 01:34:38','2024-06-05 12:00:00','2024-06-05 12:00:00',83.80,1,172,2,5,1),(173,'2024-07-19 01:35:38','2024-06-13 12:00:00','2024-06-13 12:00:00',80.00,1,173,2,5,1),(174,'2024-07-19 01:36:48','2024-06-17 12:00:00','2024-06-17 12:00:00',25.00,1,174,2,5,1),(175,'2024-07-27 14:22:39','2024-06-07 12:00:00','2024-06-07 12:00:00',564.80,1,175,6,5,1),(176,'2024-07-27 14:23:42','2024-06-07 12:00:00','2024-06-07 12:00:00',259.56,1,176,6,5,1),(177,'2024-07-27 14:31:28','2024-06-13 12:00:00','2024-06-13 12:00:00',75.00,1,177,6,5,1),(178,'2024-07-27 14:34:50','2024-06-14 12:00:00','2024-06-14 12:00:00',952.34,1,178,2,5,1),(179,'2024-07-27 14:35:38','2024-06-14 12:00:00','2024-06-14 12:00:00',445.12,1,179,2,5,1),(180,'2024-07-27 14:37:06','2024-06-25 12:00:00','2024-06-25 12:00:00',14.20,1,180,2,5,1),(181,'2024-07-27 18:18:46','2024-06-10 12:00:00','2024-06-10 12:00:00',15.00,1,181,2,5,1),(182,'2024-07-27 18:19:37','2024-06-10 12:00:00','2024-06-10 12:00:00',6.00,1,182,2,5,1),(183,'2024-07-27 18:19:52','2024-06-10 12:00:00','2024-06-10 12:00:00',3.00,1,183,2,5,1),(184,'2024-07-27 18:22:39','2024-06-26 12:00:00','2024-06-26 12:00:00',8.50,1,184,2,5,1),(185,'2024-07-27 18:23:56','2024-06-28 12:00:00','2024-06-28 12:00:00',30.00,1,185,6,5,1),(186,'2024-07-27 18:44:02','2024-06-24 12:00:00','2024-06-24 12:00:00',60.00,1,186,2,5,1),(187,'2024-07-27 18:44:45','2024-06-24 12:00:00','2024-06-24 12:00:00',30.00,1,187,6,5,1),(188,'2024-07-27 18:45:06','2024-06-27 12:00:00','2024-06-27 12:00:00',58.60,1,188,2,5,1),(189,'2024-07-28 16:02:46','2024-06-12 12:00:00','2024-06-12 12:00:00',9.50,1,189,2,5,1),(191,'2024-07-28 16:23:21','2024-06-24 12:00:00','2024-06-24 12:00:00',104.61,1,191,2,5,1),(192,'2024-07-28 16:27:30','2024-06-19 12:00:00','2024-06-19 12:00:00',10.00,1,192,2,5,1),(193,'2024-07-28 16:30:07','2024-06-24 12:00:00','2024-06-24 12:00:00',7.00,1,193,2,5,1),(195,'2024-07-28 16:40:44','2024-06-18 03:00:00','2024-06-18 03:00:00',24.00,1,195,6,63,1),(196,'2024-07-30 23:06:05','2024-04-01 12:00:00','2024-04-01 12:00:00',246.58,1,196,2,5,1),(197,'2024-07-30 23:06:05','2024-04-01 12:00:00','2024-04-01 12:00:00',24.00,1,197,2,5,1),(198,'2024-07-30 23:06:05','2024-04-01 12:00:00','2024-04-01 12:00:00',107.00,1,198,2,5,1),(199,'2024-07-30 23:06:05','2024-04-01 12:00:00','2024-04-01 12:00:00',31.53,1,199,2,5,1),(200,'2024-07-30 23:06:05','2024-04-01 12:00:00','2024-04-01 12:00:00',30.00,1,200,2,5,1),(201,'2024-07-30 23:06:05','2024-04-02 12:00:00','2024-04-02 12:00:00',459.00,1,201,2,5,1),(202,'2024-07-30 23:06:06','2024-04-03 12:00:00','2024-04-03 12:00:00',13.50,1,202,2,5,1),(203,'2024-07-30 23:06:06','2024-04-05 12:00:00','2024-04-05 12:00:00',963.97,1,203,2,5,1),(204,'2024-07-30 23:06:06','2024-04-10 12:00:00','2024-04-10 12:00:00',13.50,1,204,2,5,1),(205,'2024-07-30 23:06:06','2024-04-10 12:00:00','2024-04-10 12:00:00',235.17,1,205,2,5,1),(206,'2024-07-30 23:06:06','2024-04-11 12:00:00','2024-04-11 12:00:00',114.80,1,206,2,5,1),(207,'2024-07-30 23:06:06','2024-04-12 12:00:00','2024-04-12 12:00:00',71.41,1,207,2,5,1),(208,'2024-07-30 23:06:06','2024-04-16 12:00:00','2024-04-16 12:00:00',13.50,1,208,2,5,1),(209,'2024-07-30 23:06:06','2024-04-17 12:00:00','2024-04-17 12:00:00',39.90,1,209,2,5,1),(210,'2024-07-30 23:06:07','2024-04-18 12:00:00','2024-04-18 12:00:00',106.51,1,210,2,5,1),(211,'2024-07-30 23:06:07','2024-04-19 12:00:00','2024-04-19 12:00:00',27.80,1,211,2,5,1),(212,'2024-07-30 23:06:07','2024-04-22 12:00:00','2024-04-22 12:00:00',26.41,1,212,2,5,1),(213,'2024-07-30 23:06:07','2024-04-23 12:00:00','2024-04-23 12:00:00',98.93,1,213,2,5,1),(214,'2024-07-30 23:06:07','2024-04-23 12:00:00','2024-04-23 12:00:00',13.50,1,214,2,5,1),(215,'2024-07-30 23:06:07','2024-04-24 12:00:00','2024-04-24 12:00:00',19.29,1,215,2,5,1),(216,'2024-07-30 23:06:07','2024-04-24 12:00:00','2024-04-24 12:00:00',49.44,1,216,2,5,1),(217,'2024-07-30 23:06:07','2024-04-25 12:00:00','2024-04-25 12:00:00',66.00,1,217,2,5,1),(218,'2024-07-30 23:06:07','2024-04-26 12:00:00','2024-04-26 12:00:00',18.50,1,218,2,5,1),(219,'2024-07-30 23:06:07','2024-04-26 12:00:00','2024-04-26 12:00:00',18.80,1,219,2,5,1),(220,'2024-07-30 23:06:08','2024-04-29 12:00:00','2024-04-29 12:00:00',70.48,1,220,2,5,1),(221,'2024-07-30 23:06:08','2024-04-29 12:00:00','2024-04-29 12:00:00',53.59,1,221,2,5,1),(222,'2024-07-30 23:06:08','2024-04-29 12:00:00','2024-04-29 12:00:00',5.00,1,222,2,5,1),(223,'2024-07-30 23:06:08','2024-04-29 12:00:00','2024-04-29 12:00:00',46.78,1,223,2,5,1),(224,'2024-07-30 23:06:08','2024-04-29 12:00:00','2024-04-29 12:00:00',13.50,1,224,2,5,1),(225,'2024-07-30 23:06:08','2024-04-30 12:00:00','2024-04-30 12:00:00',32.80,1,225,2,5,1),(226,'2024-07-30 23:06:08','2024-04-30 12:00:00','2024-04-30 12:00:00',56.38,1,226,2,5,1),(227,'2024-07-30 23:10:08','2024-04-01 12:00:00','2024-04-01 12:00:00',2000.00,1,227,5,9,1),(228,'2024-07-30 23:11:04','2024-04-08 12:00:00','2024-04-08 12:00:00',4035.61,1,228,6,9,1),(229,'2024-07-30 23:13:32','2024-04-08 12:00:00','2024-04-08 12:00:00',259.59,1,229,6,5,1),(230,'2024-07-30 23:15:32','2024-04-29 12:00:00','2024-04-29 12:00:00',59.62,1,230,2,5,1),(231,'2024-07-31 15:40:44','2024-04-01 12:00:00','2024-04-01 12:00:00',40.15,1,231,5,5,1),(232,'2024-07-31 15:46:47','2024-04-10 12:00:00','2024-04-10 12:00:00',921.09,1,232,2,5,1),(233,'2024-07-31 15:49:05','2024-04-18 12:00:00','2024-04-18 12:00:00',8000.00,1,233,6,63,1),(234,'2024-07-31 15:51:29','2024-04-18 12:00:00','2024-04-18 12:00:00',25.99,1,234,2,5,1),(235,'2024-07-31 15:52:11','2024-04-24 12:00:00','2024-04-24 12:00:00',47.98,1,235,2,5,1),(236,'2024-07-31 15:54:29','2024-04-24 12:00:00','2024-04-24 12:00:00',35.00,1,236,2,5,1),(237,'2024-07-31 15:59:35','2024-04-25 12:00:00','2024-04-25 12:00:00',100.00,1,237,2,5,1),(238,'2024-07-31 16:00:48','2024-04-29 12:00:00','2024-04-29 12:00:00',21.00,1,238,6,5,1),(239,'2024-07-31 16:01:05','2024-04-29 12:00:00','2024-04-29 12:00:00',21.00,1,239,6,5,1),(240,'2024-08-03 00:38:51','2024-04-01 12:00:00','2024-04-01 12:00:00',10.00,1,240,2,5,1),(241,'2024-08-03 00:43:59','2024-04-04 12:00:00','2024-04-04 12:00:00',120.64,1,241,6,5,1),(242,'2024-08-03 00:50:10','2024-04-08 12:00:00','2024-04-08 12:00:00',564.80,1,242,5,5,1),(243,'2024-08-03 00:52:50','2024-04-01 12:00:00','2024-04-01 12:00:00',4.00,1,243,2,5,1),(244,'2024-08-03 00:59:32','2024-04-08 12:00:00','2024-04-08 12:00:00',87.90,1,244,6,5,1),(245,'2024-08-03 01:02:18','2024-04-16 12:00:00','2024-04-16 12:00:00',30.00,1,245,6,5,1),(246,'2024-08-03 01:02:42','2024-04-16 12:00:00','2024-04-16 12:00:00',670.00,1,246,6,5,1),(247,'2024-08-03 01:04:41','2024-04-16 12:00:00','2024-04-16 12:00:00',700.00,1,247,5,7,1),(248,'2024-08-03 20:15:16','2024-04-22 12:00:00','2024-04-22 12:00:00',69.80,1,248,2,5,1),(249,'2024-08-07 22:08:01','2024-04-22 12:00:00','2024-04-22 12:00:00',8000.00,1,249,5,5,1),(250,'2024-08-07 22:08:40','2024-04-22 12:00:00','2024-04-22 12:00:00',152.51,1,250,2,5,1),(251,'2024-08-08 00:39:02','2024-04-01 12:00:00','2024-04-01 12:00:00',29.90,1,251,6,5,1),(252,'2024-08-08 00:42:28','2024-04-22 12:00:00','2024-04-22 12:00:00',124.50,1,252,2,5,1),(253,'2024-08-08 00:44:12','2024-04-22 12:00:00','2024-04-22 12:00:00',23.00,1,253,6,5,1),(254,'2024-08-08 00:45:31','2024-04-25 12:00:00','2024-04-25 12:00:00',14.20,1,254,2,5,1),(255,'2024-08-08 00:50:41','2024-04-30 12:00:00','2024-04-30 12:00:00',152.51,1,255,5,7,1),(256,'2024-08-08 00:51:12','2024-04-30 12:00:00','2024-04-30 12:00:00',124.50,1,256,5,7,1),(257,'2024-08-08 00:51:27','2024-04-30 12:00:00','2024-04-30 12:00:00',42.00,1,257,5,7,1),(258,'2024-08-08 00:51:41','2024-04-30 12:00:00','2024-04-30 12:00:00',106.51,1,258,5,7,1),(259,'2024-08-08 00:51:53','2024-04-30 12:00:00','2024-04-30 12:00:00',22.50,1,259,5,7,1),(260,'2024-08-08 01:02:58','2024-04-12 12:00:00','2024-04-12 12:00:00',12.00,1,260,2,5,1),(261,'2024-08-08 01:03:20','2024-04-19 12:00:00','2024-04-19 12:00:00',22.50,1,261,2,5,1),(262,'2024-08-08 01:04:28','2024-04-22 12:00:00','2024-04-22 12:00:00',39.90,1,262,6,5,1),(263,'2024-08-08 01:05:09','2024-04-29 12:00:00','2024-04-29 12:00:00',7.80,1,263,2,5,1),(264,'2024-08-08 01:06:30','2024-04-22 12:00:00','2024-04-22 12:00:00',50.00,1,264,2,5,1),(265,'2024-08-08 01:07:38','2024-04-22 12:00:00','2024-04-22 12:00:00',4.99,1,265,2,5,1),(266,'2024-08-08 01:10:09','2024-04-26 12:00:00','2024-04-26 12:00:00',120.74,1,266,2,5,1),(267,'2024-08-08 01:11:49','2024-04-29 12:00:00','2024-04-29 12:00:00',11.80,1,267,2,5,1),(268,'2024-08-15 14:03:24','2024-04-03 12:00:00','2024-04-03 12:00:00',60.00,1,268,2,5,1),(269,'2024-08-15 14:08:32','2024-04-17 12:00:00','2024-04-17 12:00:00',15.00,1,269,6,5,1),(270,'2024-08-15 14:09:05','2024-04-18 12:00:00','2024-04-18 12:00:00',30.00,1,270,6,5,1),(271,'2024-08-15 14:09:22','2024-04-19 12:00:00','2024-04-19 12:00:00',15.00,1,271,2,5,1),(272,'2024-08-15 14:09:45','2024-04-22 12:00:00','2024-04-22 12:00:00',15.00,1,272,2,5,1),(273,'2024-08-15 14:20:01','2024-04-15 12:00:00','2024-04-15 12:00:00',15.00,1,273,2,5,1),(274,'2024-08-15 14:20:23','2024-04-16 12:00:00','2024-04-16 12:00:00',7.00,1,274,2,5,1),(275,'2024-08-15 14:20:46','2024-04-19 12:00:00','2024-04-19 12:00:00',42.00,1,275,2,5,1),(276,'2024-08-15 14:24:13','2024-04-11 12:00:00','2024-04-11 12:00:00',100.00,1,276,6,5,1),(277,'2024-08-15 14:24:40','2024-04-26 12:00:00','2024-04-26 12:00:00',24.70,1,277,6,5,1),(278,'2024-08-16 00:02:19','2024-07-01 12:00:00','2024-07-01 12:00:00',134.78,1,278,2,5,1),(279,'2024-08-16 00:02:19','2024-07-01 12:00:00','2024-07-01 12:00:00',12.08,1,279,2,5,1),(280,'2024-08-16 00:02:19','2024-07-01 12:00:00','2024-07-01 12:00:00',7.64,1,280,2,5,1),(281,'2024-08-16 00:02:19','2024-07-01 12:00:00','2024-07-01 12:00:00',55.21,1,281,2,5,1),(282,'2024-08-16 00:02:19','2024-07-03 12:00:00','2024-07-03 12:00:00',21.00,1,282,2,5,1),(283,'2024-08-16 00:02:19','2024-07-04 12:00:00','2024-07-04 12:00:00',30.00,1,283,2,5,1),(284,'2024-08-16 00:02:19','2024-07-05 12:00:00','2024-07-05 12:00:00',40.00,1,284,2,5,1),(285,'2024-08-16 00:02:19','2024-07-05 12:00:00','2024-07-05 12:00:00',13.50,1,285,2,5,1),(286,'2024-08-16 00:02:19','2024-07-08 12:00:00','2024-07-08 12:00:00',459.00,1,286,2,5,1),(287,'2024-08-16 00:02:20','2024-07-09 12:00:00','2024-07-09 12:00:00',92.69,1,287,2,5,1),(288,'2024-08-16 00:02:20','2024-07-09 12:00:00','2024-07-09 12:00:00',5.00,1,288,2,5,1),(289,'2024-08-16 00:02:20','2024-07-11 12:00:00','2024-07-11 12:00:00',13.50,1,289,2,5,1),(290,'2024-08-16 00:02:20','2024-07-11 12:00:00','2024-07-11 12:00:00',114.80,1,290,2,5,1),(291,'2024-08-16 00:02:20','2024-07-12 12:00:00','2024-07-12 12:00:00',64.92,1,291,2,5,1),(292,'2024-08-16 00:02:20','2024-07-15 12:00:00','2024-07-15 12:00:00',120.00,1,292,2,5,1),(293,'2024-08-16 00:02:20','2024-07-16 12:00:00','2024-07-16 12:00:00',1.95,1,293,2,5,1),(294,'2024-08-16 00:02:20','2024-07-24 12:00:00','2024-07-24 12:00:00',13.50,1,294,2,5,1),(295,'2024-08-16 00:02:20','2024-07-25 12:00:00','2024-07-25 12:00:00',25.37,1,295,2,5,1),(296,'2024-08-16 00:02:20','2024-07-25 12:00:00','2024-07-25 12:00:00',105.18,1,296,2,5,1),(297,'2024-08-16 00:02:20','2024-07-26 12:00:00','2024-07-26 12:00:00',12.05,1,297,2,5,1),(298,'2024-08-16 00:02:20','2024-07-29 12:00:00','2024-07-29 12:00:00',60.38,1,298,2,5,1),(299,'2024-08-16 00:02:21','2024-07-29 12:00:00','2024-07-29 12:00:00',9.99,1,299,2,5,1),(300,'2024-08-16 00:07:02','2024-07-01 12:00:00','2024-07-01 12:00:00',2000.00,1,300,6,9,1),(301,'2024-08-16 00:10:27','2024-07-08 12:00:00','2024-07-08 12:00:00',3965.41,1,301,6,9,1),(302,'2024-08-16 00:24:08','2024-07-31 12:00:00','2024-07-31 12:00:00',61.00,1,302,6,5,1),(303,'2024-08-16 00:24:58','2024-07-17 12:00:00','2024-07-17 12:00:00',44.90,1,303,2,5,1),(304,'2024-08-16 00:25:32','2024-07-26 12:00:00','2024-07-26 12:00:00',80.00,1,304,2,5,1),(305,'2024-08-16 00:26:28','2024-07-15 12:00:00','2024-07-15 12:00:00',80.00,1,305,2,5,1),(306,'2024-08-16 00:27:27','2024-07-03 12:00:00','2024-07-03 12:00:00',100.00,1,306,2,5,1),(307,'2024-08-16 00:28:34','2024-07-11 12:00:00','2024-07-11 12:00:00',320.45,1,307,6,5,1),(308,'2024-08-31 14:04:57','2024-07-01 12:00:00','2024-07-01 12:00:00',121.80,1,308,6,5,1),(309,'2024-08-31 14:06:42','2024-07-05 12:00:00','2024-07-05 12:00:00',1180.22,1,309,6,5,1),(310,'2024-08-31 14:09:11','2024-07-08 12:00:00','2024-07-08 12:00:00',169.90,1,310,6,5,1),(311,'2024-08-31 14:10:41','2024-07-11 12:00:00','2024-07-11 12:00:00',532.54,1,311,2,5,1),(312,'2024-08-31 14:12:49','2024-07-11 12:00:00','2024-07-11 12:00:00',634.41,1,312,6,5,1),(313,'2024-08-31 14:17:31','2024-07-25 12:00:00','2024-07-25 12:00:00',14.60,1,313,2,5,1),(314,'2024-08-31 14:24:23','2024-07-01 12:00:00','2024-07-01 12:00:00',50.00,1,314,6,63,1),(315,'2024-08-31 14:24:54','2024-07-08 12:00:00','2024-07-08 12:00:00',50.00,1,315,6,63,1),(316,'2024-08-31 14:26:20','2024-07-10 12:00:00','2024-07-10 12:00:00',30.30,1,316,6,63,1),(317,'2024-08-31 14:27:44','2024-07-11 12:00:00','2024-07-11 12:00:00',60.00,1,317,6,5,1),(318,'2024-08-31 14:29:04','2024-07-15 12:00:00','2024-07-15 12:00:00',7.00,1,318,2,5,1),(319,'2024-08-31 14:30:07','2024-07-22 12:00:00','2024-07-22 12:00:00',31.00,1,319,6,5,1),(320,'2024-08-31 14:30:44','2024-07-02 12:00:00','2024-07-02 12:00:00',45.00,1,320,6,5,1),(321,'2024-08-31 14:31:11','2024-07-22 12:00:00','2024-07-22 12:00:00',38.35,1,321,6,5,1),(322,'2024-08-31 14:33:17','2024-07-30 12:00:00','2024-07-30 12:00:00',43.79,1,322,2,5,1),(323,'2024-08-31 14:35:44','2024-07-01 12:00:00','2024-07-01 12:00:00',41.91,1,323,2,5,1),(324,'2024-08-31 14:37:25','2024-07-01 12:00:00','2024-07-01 12:00:00',62.70,1,324,2,5,1),(325,'2024-08-31 14:42:17','2024-07-01 12:00:00','2024-07-01 12:00:00',8.00,1,325,2,5,1),(326,'2024-08-31 14:42:41','2024-07-15 12:00:00','2024-07-15 12:00:00',8.00,1,326,2,5,1),(327,'2024-09-01 20:28:40','2024-07-02 12:00:00','2024-07-02 12:00:00',21.46,1,327,2,5,1),(328,'2024-09-01 20:40:50','2024-07-02 12:00:00','2024-07-02 12:00:00',134.78,1,328,5,5,1),(329,'2024-09-01 20:44:51','2024-07-08 12:00:00','2024-07-08 12:00:00',100.80,1,329,2,5,1),(330,'2024-09-01 20:45:31','2024-07-09 12:00:00','2024-07-09 12:00:00',39.50,1,330,6,5,1),(331,'2024-09-01 20:46:23','2024-07-02 12:00:00','2024-07-02 12:00:00',4.00,1,331,2,5,1),(332,'2024-09-01 20:58:01','2024-07-15 12:00:00','2024-07-15 12:00:00',76.94,1,332,6,5,1),(333,'2024-09-01 21:01:30','2024-07-31 12:00:00','2024-07-31 12:00:00',1527.65,1,333,5,66,1),(334,'2024-09-01 21:02:11','2024-07-02 12:00:00','2024-07-02 12:00:00',15.00,1,334,2,5,1),(335,'2024-09-01 21:03:27','2024-07-09 12:00:00','2024-07-09 12:00:00',8.00,1,335,6,63,1),(336,'2024-09-01 21:03:52','2024-07-15 12:00:00','2024-07-15 12:00:00',33.80,1,336,2,5,1),(337,'2024-09-01 21:04:12','2024-07-15 12:00:00','2024-07-15 12:00:00',67.42,1,337,6,5,1),(338,'2024-09-09 21:12:17','2024-08-01 12:00:00','2024-08-01 12:00:00',2309.11,1,338,2,5,1),(339,'2024-09-09 21:12:17','2024-08-01 12:00:00','2024-08-01 12:00:00',49.60,1,339,2,5,1),(340,'2024-09-09 21:12:17','2024-08-05 12:00:00','2024-08-05 12:00:00',80.00,1,340,2,5,1),(341,'2024-09-09 21:12:17','2024-08-05 12:00:00','2024-08-05 12:00:00',30.00,1,341,2,5,1),(342,'2024-09-09 21:12:17','2024-08-05 12:00:00','2024-08-05 12:00:00',13.50,1,342,2,5,1),(343,'2024-09-09 21:12:17','2024-08-05 12:00:00','2024-08-05 12:00:00',1037.91,1,343,2,5,1),(344,'2024-09-09 21:12:17','2024-08-07 12:00:00','2024-08-07 12:00:00',2.77,1,344,2,5,1),(345,'2024-09-09 21:12:17','2024-08-07 12:00:00','2024-08-07 12:00:00',584.00,1,345,2,5,1),(346,'2024-09-09 21:12:17','2024-08-08 12:00:00','2024-08-08 12:00:00',240.50,1,346,2,5,1),(347,'2024-09-09 21:12:17','2024-08-12 12:00:00','2024-08-12 12:00:00',100.00,1,347,2,5,1),(348,'2024-09-09 21:12:18','2024-08-12 12:00:00','2024-08-12 12:00:00',13.50,1,348,2,5,1),(349,'2024-09-09 21:12:18','2024-08-12 12:00:00','2024-08-12 12:00:00',64.92,1,349,2,5,1),(350,'2024-09-09 21:12:18','2024-08-12 12:00:00','2024-08-12 12:00:00',114.80,1,350,2,5,1),(351,'2024-09-09 21:12:18','2024-08-13 12:00:00','2024-08-13 12:00:00',37.31,1,351,2,5,1),(352,'2024-09-09 21:12:18','2024-08-16 12:00:00','2024-08-16 12:00:00',30.00,1,352,2,5,1),(353,'2024-09-09 21:12:18','2024-08-19 12:00:00','2024-08-19 12:00:00',44.90,1,353,2,5,1),(354,'2024-09-09 21:12:18','2024-08-19 12:00:00','2024-08-19 12:00:00',80.00,1,354,2,5,1),(355,'2024-09-09 21:12:18','2024-08-20 12:00:00','2024-08-20 12:00:00',13.50,1,355,2,5,1),(356,'2024-09-09 21:12:18','2024-08-20 12:00:00','2024-08-20 12:00:00',48.60,1,356,2,5,1),(357,'2024-09-09 21:12:18','2024-08-26 12:00:00','2024-08-26 12:00:00',13.50,1,357,2,5,1),(358,'2024-09-09 21:12:18','2024-08-27 12:00:00','2024-08-27 12:00:00',50.00,1,358,2,5,1),(359,'2024-09-09 21:12:18','2024-08-27 12:00:00','2024-08-27 12:00:00',21.90,1,359,2,5,1),(360,'2024-09-09 21:12:18','2024-08-28 12:00:00','2024-08-28 12:00:00',13.13,1,360,2,5,1),(361,'2024-09-09 21:12:19','2024-08-30 12:00:00','2024-08-30 12:00:00',2.57,1,361,2,5,1),(362,'2024-09-09 21:13:33','2024-08-01 12:00:00','2024-08-01 12:00:00',2000.00,1,362,5,9,1),(363,'2024-09-09 21:16:05','2024-08-07 12:00:00','2024-08-07 12:00:00',4000.51,1,363,5,9,1),(364,'2024-09-09 21:18:06','2024-08-12 12:00:00','2024-08-12 12:00:00',297.46,1,364,2,5,1),(365,'2024-09-09 21:18:52','2024-08-12 12:00:00','2024-08-12 12:00:00',729.90,1,365,6,5,1),(366,'2024-09-09 21:42:51','2024-08-22 12:00:00','2024-08-22 12:00:00',45.92,1,366,2,5,1),(367,'2024-09-09 21:43:12','2024-08-26 12:00:00','2024-08-26 12:00:00',42.40,1,367,2,5,1),(368,'2024-09-09 21:43:36','2024-08-27 12:00:00','2024-08-27 12:00:00',47.62,1,368,2,5,1),(369,'2024-09-09 21:43:58','2024-08-30 12:00:00','2024-08-30 12:00:00',26.00,1,369,2,5,1),(370,'2024-09-09 21:44:35','2024-08-16 12:00:00','2024-08-16 12:00:00',240.00,1,370,2,5,1),(371,'2024-09-09 21:45:04','2024-08-19 12:00:00','2024-08-19 12:00:00',100.00,1,371,2,5,1),(372,'2024-09-09 21:45:34','2024-08-26 12:00:00','2024-08-26 12:00:00',4.50,1,372,2,5,1),(373,'2024-09-09 21:45:54','2024-08-26 12:00:00','2024-08-26 12:00:00',49.03,1,373,2,5,1),(374,'2024-09-26 21:42:01','2024-08-12 12:00:00','2024-08-12 12:00:00',42.00,1,374,2,5,1),(375,'2024-09-26 21:52:47','2024-08-05 12:00:00','2024-08-05 12:00:00',134.00,1,375,2,5,1),(376,'2024-09-26 21:56:22','2024-08-26 12:00:00','2024-08-26 12:00:00',80.00,1,376,2,5,1),(377,'2024-09-26 21:57:56','2024-08-28 12:00:00','2024-08-28 12:00:00',178.50,1,377,2,5,1),(378,'2024-09-26 21:58:19','2024-08-28 12:00:00','2024-08-28 12:00:00',17.80,1,378,2,5,1),(379,'2024-09-26 21:58:47','2024-08-30 12:00:00','2024-08-30 12:00:00',4.50,1,379,2,5,1),(380,'2024-10-01 00:46:09','2024-08-05 12:00:00','2024-08-05 12:00:00',13.20,1,380,2,5,1),(381,'2024-10-01 00:49:40','2024-08-19 12:00:00','2024-08-19 12:00:00',100.00,1,381,2,5,1),(382,'2024-10-01 00:50:58','2024-08-28 12:00:00','2024-08-28 12:00:00',20.00,1,382,2,5,1),(383,'2024-10-01 00:52:12','2024-08-27 12:00:00','2024-08-27 12:00:00',149.90,1,383,2,5,1),(384,'2024-10-01 00:52:44','2024-08-27 12:00:00','2024-08-27 12:00:00',21.90,1,384,2,5,1),(385,'2024-10-01 00:56:02','2024-08-19 12:00:00','2024-08-19 12:00:00',80.00,1,385,2,5,1),(386,'2024-10-04 22:25:42','2024-08-01 12:00:00','2024-08-01 12:00:00',1527.65,1,386,5,5,1),(387,'2024-10-04 22:27:50','2024-08-06 12:00:00','2024-08-06 12:00:00',7.02,1,387,2,5,1),(388,'2024-10-04 22:38:05','2024-08-19 12:00:00','2024-08-19 12:00:00',8.00,1,388,6,5,1),(389,'2024-10-04 22:38:59','2024-08-21 12:00:00','2024-08-21 12:00:00',13.80,1,389,2,5,1),(390,'2024-10-04 22:54:33','2024-08-14 12:00:00','2024-08-14 12:00:00',29.90,1,390,6,5,1),(391,'2024-10-04 22:57:19','2024-08-13 12:00:00','2024-08-13 12:00:00',16.50,1,391,6,5,1),(392,'2024-10-04 23:05:32','2024-08-26 12:00:00','2024-08-26 12:00:00',32.15,1,392,2,5,1),(393,'2024-10-04 23:07:09','2024-08-23 12:00:00','2024-08-23 12:00:00',33.21,1,393,6,5,1),(394,'2024-10-04 23:07:40','2024-08-26 12:00:00','2024-08-26 12:00:00',36.90,1,394,6,5,1),(395,'2024-10-04 23:09:17','2024-08-26 12:00:00','2024-08-26 12:00:00',14.60,1,395,2,5,1),(396,'2024-10-05 13:48:00','2024-08-01 12:00:00','2024-08-01 12:00:00',781.46,1,396,5,5,1),(397,'2024-10-05 13:57:08','2024-08-12 12:00:00','2024-08-12 12:00:00',59.90,1,397,2,5,1),(398,'2024-10-05 13:59:32','2024-08-14 12:00:00','2024-08-14 12:00:00',85.00,1,398,2,5,1),(399,'2024-10-05 14:08:39','2024-08-21 12:00:00','2024-08-21 12:00:00',87.70,1,399,2,5,1),(400,'2024-10-05 14:09:58','2024-08-28 12:00:00','2024-08-28 12:00:00',8.00,1,400,2,5,1),(401,'2024-10-05 14:10:39','2024-08-28 12:00:00','2024-08-28 12:00:00',26.80,1,401,2,5,1),(402,'2024-10-05 14:13:45','2024-08-27 12:00:00','2024-08-27 12:00:00',80.00,1,402,2,5,1),(403,'2024-10-05 14:16:37','2024-08-01 12:00:00','2024-08-01 12:00:00',36.00,1,403,6,5,1),(404,'2024-10-05 14:17:05','2024-08-05 12:00:00','2024-08-05 12:00:00',13.40,1,404,2,5,1),(405,'2024-10-05 14:17:24','2024-08-12 12:00:00','2024-08-12 12:00:00',5.00,1,405,2,5,1),(406,'2024-10-05 14:17:54','2024-08-12 12:00:00','2024-08-12 12:00:00',48.90,1,406,2,5,1),(407,'2024-10-05 14:18:27','2024-08-27 12:00:00','2024-08-27 12:00:00',9.00,1,407,2,5,1),(408,'2024-10-13 20:09:49','2024-08-26 12:00:00','2024-08-26 12:00:00',7500.00,1,408,5,67,1),(409,'2024-10-13 20:10:16','2024-08-26 12:00:00','2024-08-26 12:00:00',2500.00,1,409,5,67,1),(410,'2024-10-13 20:11:17','2024-08-26 12:00:00','2024-08-26 12:00:00',10000.00,1,410,5,5,1),(411,'2024-10-13 20:14:00','2024-08-27 12:00:00','2024-08-27 12:00:00',47990.00,1,411,5,7,1),(412,'2024-10-13 20:15:20','2024-08-27 12:00:00','2024-08-27 12:00:00',47990.00,1,412,5,5,1),(413,'2024-10-13 20:15:55','2024-08-27 12:00:00','2024-08-27 12:00:00',27.50,1,413,2,5,1),(414,'2024-10-13 20:16:48','2024-08-28 12:00:00','2024-08-28 12:00:00',140.00,1,414,6,5,1),(415,'2024-10-13 20:24:25','2024-09-02 12:00:00','2024-09-02 12:00:00',5.68,1,415,2,5,1),(416,'2024-10-13 20:24:25','2024-09-02 12:00:00','2024-09-02 12:00:00',40.00,1,416,2,5,1),(417,'2024-10-13 20:24:25','2024-09-02 12:00:00','2024-09-02 12:00:00',18.90,1,417,2,5,1),(418,'2024-10-13 20:24:25','2024-09-02 12:00:00','2024-09-02 12:00:00',105.00,1,418,2,5,1),(419,'2024-10-13 20:24:25','2024-09-02 12:00:00','2024-09-02 12:00:00',13.50,1,419,2,5,1),(420,'2024-10-13 20:24:25','2024-09-04 12:00:00','2024-09-04 12:00:00',30.00,1,420,2,5,1),(421,'2024-10-13 20:24:25','2024-09-05 12:00:00','2024-09-05 12:00:00',1411.50,1,421,2,5,1),(422,'2024-10-13 20:24:25','2024-09-09 12:00:00','2024-09-09 12:00:00',100.00,1,422,2,5,1),(423,'2024-10-13 20:24:25','2024-09-09 12:00:00','2024-09-09 12:00:00',584.00,1,423,2,5,1),(424,'2024-10-13 20:24:25','2024-09-09 12:00:00','2024-09-09 12:00:00',227.43,1,424,2,5,1),(425,'2024-10-13 20:24:25','2024-09-09 12:00:00','2024-09-09 12:00:00',15.50,1,425,2,5,1),(426,'2024-10-13 20:24:25','2024-09-11 12:00:00','2024-09-11 12:00:00',115.52,1,426,2,5,1),(427,'2024-10-13 20:24:25','2024-09-12 12:00:00','2024-09-12 12:00:00',75.02,1,427,2,5,1),(428,'2024-10-13 20:24:26','2024-09-13 12:00:00','2024-09-13 12:00:00',3.04,1,428,2,5,1),(429,'2024-10-13 20:24:26','2024-09-16 12:00:00','2024-09-16 12:00:00',80.00,1,429,2,5,1),(430,'2024-10-13 20:24:26','2024-09-17 12:00:00','2024-09-17 12:00:00',44.90,1,430,2,5,1),(431,'2024-10-13 20:24:26','2024-09-17 12:00:00','2024-09-17 12:00:00',14.50,1,431,2,5,1),(432,'2024-10-13 20:24:26','2024-09-23 12:00:00','2024-09-23 12:00:00',81.58,1,432,2,5,1),(433,'2024-10-13 20:24:26','2024-09-23 12:00:00','2024-09-23 12:00:00',14.50,1,433,2,5,1),(434,'2024-10-13 20:24:26','2024-09-24 12:00:00','2024-09-24 12:00:00',26.00,1,434,2,5,1),(435,'2024-10-13 20:24:26','2024-09-26 12:00:00','2024-09-26 12:00:00',9.15,1,435,2,5,1),(436,'2024-10-13 20:24:26','2024-09-30 12:00:00','2024-09-30 12:00:00',24.00,1,436,2,5,1),(437,'2024-10-13 20:24:26','2024-09-30 12:00:00','2024-09-30 12:00:00',70.68,1,437,2,5,1),(438,'2024-10-13 20:24:26','2024-09-30 12:00:00','2024-09-30 12:00:00',20.50,1,438,2,5,1),(439,'2024-10-13 21:02:37','2024-09-01 12:00:00','2024-09-01 12:00:00',69.69,1,439,5,5,1),(440,'2024-10-13 21:03:08','2024-09-02 12:00:00','2024-09-02 12:00:00',2000.00,1,440,5,9,1),(441,'2024-10-13 21:03:39','2024-09-06 12:00:00','2024-09-06 12:00:00',4045.85,1,441,5,9,1),(442,'2024-10-13 21:05:07','2024-09-11 12:00:00','2024-09-11 12:00:00',7.00,1,442,2,5,1),(443,'2024-10-13 21:06:54','2024-09-23 12:00:00','2024-09-23 12:00:00',69.69,1,443,5,5,1),(444,'2024-10-13 21:46:50','2024-09-05 12:00:00','2024-09-05 12:00:00',9.50,1,444,2,5,1),(445,'2024-10-13 21:47:48','2024-09-09 12:00:00','2024-09-09 12:00:00',2122.49,1,445,2,5,1),(446,'2024-10-13 21:48:26','2024-09-09 12:00:00','2024-09-09 12:00:00',281.52,1,446,2,5,1),(447,'2024-10-13 21:48:53','2024-09-12 12:00:00','2024-09-12 12:00:00',5.50,1,447,2,5,1),(448,'2024-10-13 21:49:19','2024-09-12 12:00:00','2024-09-12 12:00:00',6.00,1,448,2,5,1),(449,'2024-10-13 21:49:43','2024-09-16 12:00:00','2024-09-16 12:00:00',39.99,1,449,2,5,1),(450,'2024-10-13 21:50:56','2024-09-23 12:00:00','2024-09-23 12:00:00',30.00,1,450,6,5,1),(451,'2024-10-13 21:51:24','2024-09-02 12:00:00','2024-09-02 12:00:00',36.00,1,451,6,5,1),(452,'2024-10-13 21:52:06','2024-09-24 12:00:00','2024-09-24 12:00:00',80.00,1,452,2,5,1),(453,'2024-10-13 21:53:08','2024-09-25 12:00:00','2024-09-25 12:00:00',14.60,1,453,2,5,1),(454,'2024-10-13 21:53:37','2024-09-27 12:00:00','2024-09-27 12:00:00',9.50,1,454,2,5,1),(455,'2024-10-13 21:54:00','2024-09-27 12:00:00','2024-09-27 12:00:00',53.00,1,455,2,5,1),(456,'2024-10-13 21:54:36','2024-09-30 12:00:00','2024-09-30 12:00:00',25.90,1,456,2,5,1),(457,'2024-10-13 21:54:57','2024-09-30 12:00:00','2024-09-30 12:00:00',22.00,1,457,2,5,1),(458,'2024-10-26 17:48:07','2024-09-02 12:00:00','2024-09-02 12:00:00',24.00,1,458,6,5,1),(459,'2024-10-26 17:51:30','2024-09-16 12:00:00','2024-09-16 12:00:00',33.00,1,459,6,5,1),(460,'2024-10-26 17:54:55','2024-09-16 12:00:00','2024-09-16 12:00:00',56.99,1,460,6,5,1),(461,'2024-10-26 17:55:42','2024-09-23 12:00:00','2024-09-23 12:00:00',32.70,1,461,2,5,1),(462,'2024-10-26 17:56:02','2024-09-23 12:00:00','2024-09-23 12:00:00',10.90,1,462,2,5,1),(463,'2024-10-26 17:58:20','2024-09-26 12:00:00','2024-09-26 12:00:00',26.96,1,463,6,5,1),(464,'2024-10-26 17:59:07','2024-09-27 12:00:00','2024-09-27 12:00:00',11.50,1,464,2,5,1),(465,'2024-10-26 17:59:37','2024-09-27 12:00:00','2024-09-27 12:00:00',4.00,1,465,2,5,1),(466,'2024-10-26 18:00:28','2024-09-30 12:00:00','2024-09-30 12:00:00',59.90,1,466,2,5,1),(467,'2024-10-26 18:01:19','2024-09-30 12:00:00','2024-09-30 12:00:00',41.99,1,467,6,5,1),(468,'2024-10-26 18:02:29','2024-09-30 12:00:00','2024-09-30 12:00:00',20.00,1,468,6,5,1),(469,'2024-10-26 18:03:34','2024-09-30 12:00:00','2024-09-30 12:00:00',200.00,1,469,5,7,1),(470,'2024-10-26 18:04:18','2024-09-27 12:00:00','2024-09-27 12:00:00',200.00,1,470,5,7,1),(471,'2024-10-26 18:05:26','2024-09-23 12:00:00','2024-09-23 12:00:00',200.00,1,471,5,7,1),(472,'2024-10-26 18:06:01','2024-09-13 12:00:00','2024-09-13 12:00:00',30.00,1,472,6,5,1),(473,'2024-10-26 18:06:34','2024-09-09 12:00:00','2024-09-09 12:00:00',11.00,1,473,6,5,1),(474,'2024-10-26 18:06:59','2024-09-02 12:00:00','2024-09-02 12:00:00',3.00,1,474,6,5,1),(475,'2024-11-04 21:29:01','2024-09-17 12:00:00','2024-09-17 12:00:00',10000.00,1,475,5,67,1),(476,'2024-11-04 21:29:51','2024-09-23 12:00:00','2024-09-23 12:00:00',10000.00,1,476,5,5,1),(477,'2024-11-04 21:31:57','2024-09-27 12:00:00','2024-09-27 12:00:00',51.00,1,477,6,5,1),(478,'2024-11-04 21:32:40','2024-09-06 12:00:00','2024-09-06 12:00:00',250.00,1,478,6,5,1),(479,'2024-11-04 21:32:55','2024-09-02 12:00:00','2024-09-02 12:00:00',82.45,1,479,6,5,1),(480,'2024-11-20 19:45:02','2024-10-01 12:00:00','2024-10-01 12:00:00',239.36,1,480,2,5,1),(481,'2024-11-20 19:45:02','2024-10-02 12:00:00','2024-10-02 12:00:00',14.50,1,481,2,5,1),(482,'2024-11-20 19:45:02','2024-10-02 12:00:00','2024-10-02 12:00:00',49.60,1,482,2,5,1),(483,'2024-11-20 19:45:02','2024-10-04 12:00:00','2024-10-04 12:00:00',1227.09,1,483,2,5,1),(484,'2024-11-20 19:45:02','2024-10-04 12:00:00','2024-10-04 12:00:00',48.60,1,484,2,5,1),(485,'2024-11-20 19:45:02','2024-10-07 12:00:00','2024-10-07 12:00:00',30.00,1,485,2,5,1),(486,'2024-11-20 19:45:02','2024-10-08 12:00:00','2024-10-08 12:00:00',7.01,1,486,2,5,1),(487,'2024-11-20 19:45:03','2024-10-08 12:00:00','2024-10-08 12:00:00',584.00,1,487,2,5,1),(488,'2024-11-20 19:45:03','2024-10-09 12:00:00','2024-10-09 12:00:00',29.40,1,488,2,5,1),(489,'2024-11-20 19:45:03','2024-10-09 12:00:00','2024-10-09 12:00:00',14.50,1,489,2,5,1),(490,'2024-11-20 19:45:03','2024-10-10 12:00:00','2024-10-10 12:00:00',234.52,1,490,2,5,1),(491,'2024-11-20 19:45:03','2024-10-11 12:00:00','2024-10-11 12:00:00',115.52,1,491,2,5,1),(492,'2024-11-20 19:45:03','2024-10-14 12:00:00','2024-10-14 12:00:00',79.90,1,492,2,5,1),(493,'2024-11-20 19:45:03','2024-10-15 12:00:00','2024-10-15 12:00:00',12.34,1,493,2,5,1),(494,'2024-11-20 19:45:03','2024-10-16 12:00:00','2024-10-16 12:00:00',14.50,1,494,2,5,1),(495,'2024-11-20 19:45:03','2024-10-17 12:00:00','2024-10-17 12:00:00',44.90,1,495,2,5,1),(496,'2024-11-20 19:45:03','2024-10-17 12:00:00','2024-10-17 12:00:00',3.78,1,496,2,5,1),(497,'2024-11-20 19:45:04','2024-10-18 12:00:00','2024-10-18 12:00:00',13.58,1,497,2,5,1),(498,'2024-11-20 19:45:04','2024-10-21 12:00:00','2024-10-21 12:00:00',80.00,1,498,2,5,1),(499,'2024-11-20 19:45:04','2024-10-23 12:00:00','2024-10-23 12:00:00',68.09,1,499,2,5,1),(500,'2024-11-20 19:45:04','2024-10-24 12:00:00','2024-10-24 12:00:00',71.16,1,500,2,5,1),(501,'2024-11-20 19:45:04','2024-10-24 12:00:00','2024-10-24 12:00:00',14.50,1,501,2,5,1),(502,'2024-11-20 19:45:04','2024-10-25 12:00:00','2024-10-25 12:00:00',33.70,1,502,2,5,1),(503,'2024-11-20 19:45:04','2024-10-25 12:00:00','2024-10-25 12:00:00',29.00,1,503,2,5,1),(504,'2024-11-20 19:45:04','2024-10-28 12:00:00','2024-10-28 12:00:00',26.00,1,504,2,5,1),(505,'2024-11-20 19:45:04','2024-10-28 12:00:00','2024-10-28 12:00:00',80.00,1,505,2,5,1),(506,'2024-11-20 19:45:04','2024-10-28 12:00:00','2024-10-28 12:00:00',37.27,1,506,2,5,1),(507,'2024-11-20 19:45:04','2024-10-28 12:00:00','2024-10-28 12:00:00',30.00,1,507,2,5,1),(508,'2024-11-20 19:45:04','2024-10-29 12:00:00','2024-10-29 12:00:00',5.61,1,508,2,5,1),(509,'2024-11-20 19:45:04','2024-10-29 12:00:00','2024-10-29 12:00:00',20.00,1,509,2,5,1),(510,'2024-11-20 19:45:05','2024-10-29 12:00:00','2024-10-29 12:00:00',39.99,1,510,2,5,1),(511,'2024-11-20 19:45:05','2024-10-29 12:00:00','2024-10-29 12:00:00',17.45,1,511,2,5,1),(512,'2024-11-20 19:45:05','2024-10-30 12:00:00','2024-10-30 12:00:00',20.00,1,512,2,5,1),(513,'2024-11-20 19:45:05','2024-10-31 12:00:00','2024-10-31 12:00:00',3.35,1,513,2,5,1),(514,'2024-11-20 19:45:05','2024-10-31 12:00:00','2024-10-31 12:00:00',14.50,1,514,2,5,1),(515,'2024-11-20 19:51:35','2024-10-01 12:00:00','2024-10-01 12:00:00',22.56,1,515,5,5,1),(516,'2024-11-20 19:52:23','2024-10-01 12:00:00','2024-10-01 12:00:00',2000.00,1,516,6,9,1),(517,'2024-11-20 19:54:45','2024-10-04 12:00:00','2024-10-04 12:00:00',117.00,1,517,6,67,1),(518,'2024-11-20 19:55:44','2024-10-07 12:00:00','2024-10-07 12:00:00',4014.65,1,518,6,9,1),(519,'2024-11-20 19:57:15','2024-10-08 12:00:00','2024-10-08 12:00:00',10.00,1,519,2,5,1),(520,'2024-11-20 19:58:37','2024-10-09 12:00:00','2024-10-09 12:00:00',2125.37,1,520,6,5,1),(521,'2024-11-20 19:59:31','2024-10-10 12:00:00','2024-10-10 12:00:00',13.50,1,521,2,5,1),(522,'2024-11-20 20:00:11','2024-10-11 12:00:00','2024-10-11 12:00:00',109.56,1,522,2,5,1),(523,'2024-11-20 20:02:26','2024-10-14 12:00:00','2024-10-14 12:00:00',20.00,1,523,2,5,1),(524,'2024-11-20 20:05:19','2024-10-18 12:00:00','2024-10-18 12:00:00',8.50,1,524,2,5,1),(525,'2024-11-20 20:05:47','2024-10-24 12:00:00','2024-10-24 12:00:00',8.50,1,525,2,5,1),(526,'2024-11-20 20:06:35','2024-10-29 12:00:00','2024-10-29 12:00:00',8.50,1,526,2,5,1),(527,'2024-11-20 20:07:00','2024-10-31 12:00:00','2024-10-31 12:00:00',8.50,1,527,2,5,1),(528,'2024-11-20 20:08:19','2024-10-30 12:00:00','2024-10-30 12:00:00',30.00,1,528,6,5,1),(529,'2024-11-20 20:14:13','2024-10-29 12:00:00','2024-10-29 12:00:00',23.40,1,529,2,5,1),(530,'2024-11-20 20:16:41','2024-10-29 12:00:00','2024-10-29 12:00:00',14.95,1,530,2,5,1),(531,'2024-11-20 20:18:17','2024-10-29 12:00:00','2024-10-29 12:00:00',18.00,1,531,2,5,1),(532,'2024-11-20 20:20:32','2024-10-07 12:00:00','2024-10-07 12:00:00',55.90,1,532,2,5,1),(533,'2024-11-20 20:23:25','2024-10-09 12:00:00','2024-10-09 12:00:00',49.99,1,533,2,5,1),(534,'2024-11-30 14:54:50','2024-10-07 12:00:00','2024-10-07 12:00:00',20.00,1,534,6,5,1),(535,'2024-11-30 14:57:27','2024-10-28 12:00:00','2024-10-28 12:00:00',35.00,1,535,6,5,1),(536,'2024-12-20 01:44:05','2024-10-09 12:00:00','2024-10-09 12:00:00',119.98,1,536,2,5,1),(537,'2024-12-20 01:44:42','2024-10-11 12:00:00','2024-10-11 12:00:00',17.30,1,537,2,5,1),(538,'2024-12-20 01:47:19','2024-10-24 12:00:00','2024-10-24 12:00:00',30.00,1,538,6,5,1),(539,'2025-01-20 20:39:24','2024-10-07 12:00:00','2024-10-07 12:00:00',10000.00,1,539,6,67,1),(540,'2025-01-20 20:40:26','2024-10-07 12:00:00','2024-10-07 12:00:00',20.00,1,540,6,5,1),(541,'2025-01-20 20:43:02','2024-10-08 12:00:00','2024-10-08 12:00:00',50.00,1,541,6,5,1),(542,'2025-01-20 20:43:50','2024-10-11 12:00:00','2024-10-11 12:00:00',65.00,1,542,6,5,1),(543,'2025-01-20 20:44:27','2024-10-14 12:00:00','2024-10-14 12:00:00',76.00,1,543,6,5,1),(544,'2025-01-20 20:49:24','2024-10-21 12:00:00','2024-10-21 12:00:00',80.00,1,544,2,5,1),(545,'2025-01-20 20:50:36','2024-10-28 12:00:00','2024-10-28 12:00:00',29.70,1,545,2,5,1),(546,'2025-01-20 20:51:08','2024-10-28 12:00:00','2024-10-28 12:00:00',64.29,1,546,2,5,1),(547,'2025-01-20 20:51:53','2024-10-07 12:00:00','2024-10-07 12:00:00',30.00,1,547,6,5,1),(548,'2025-01-20 20:53:16','2024-10-09 12:00:00','2024-10-09 12:00:00',19.50,1,548,2,5,1),(549,'2025-01-20 21:32:19','2024-10-09 12:00:00','2024-10-09 12:00:00',79.99,1,549,2,5,1),(550,'2025-01-20 21:33:07','2024-10-14 12:00:00','2024-10-14 12:00:00',9.37,1,550,6,5,1),(551,'2025-01-21 20:19:53','2024-10-07 12:00:00','2024-10-07 12:00:00',40.00,1,551,6,5,1),(552,'2025-01-21 20:21:20','2024-10-09 12:00:00','2024-10-09 12:00:00',10000.00,1,552,5,5,1),(553,'2025-01-21 20:23:10','2024-10-14 12:00:00','2024-10-14 12:00:00',250.00,1,553,6,63,1),(554,'2025-01-21 20:24:38','2024-10-15 12:00:00','2024-10-15 12:00:00',134.72,1,554,6,5,1),(555,'2025-01-21 20:25:58','2024-10-21 12:00:00','2024-10-21 12:00:00',40.00,1,555,2,5,1),(556,'2025-01-21 20:26:43','2024-10-28 12:00:00','2024-10-28 12:00:00',27.90,1,556,2,5,1),(557,'2025-01-21 20:27:06','2024-10-28 12:00:00','2024-10-28 12:00:00',17.00,1,557,2,5,1),(558,'2025-01-21 20:27:35','2024-10-28 12:00:00','2024-10-28 12:00:00',15.30,1,558,2,5,1),(559,'2025-01-26 14:18:43','2024-10-15 12:00:00','2024-10-15 12:00:00',79.03,1,559,6,63,1),(560,'2025-01-26 14:21:05','2024-10-25 12:00:00','2024-10-25 12:00:00',14.60,1,560,2,5,1),(561,'2025-01-26 14:22:47','2024-10-28 12:00:00','2024-10-28 12:00:00',500.00,1,561,5,7,1),(562,'2025-01-26 14:25:40','2024-10-14 12:00:00','2024-10-14 12:00:00',33.00,1,562,6,5,1),(563,'2025-01-26 14:42:36','2024-11-04 12:00:00','2024-11-04 12:00:00',15.87,1,563,2,5,1),(564,'2025-01-26 14:42:36','2024-11-04 12:00:00','2024-11-04 12:00:00',584.00,1,564,2,5,1),(565,'2025-01-26 14:42:36','2024-11-05 12:00:00','2024-11-05 12:00:00',1044.05,1,565,2,5,1),(566,'2025-01-26 14:42:36','2024-11-06 12:00:00','2024-11-06 12:00:00',22.00,1,566,2,5,1),(567,'2025-01-26 14:42:36','2024-11-06 12:00:00','2024-11-06 12:00:00',30.00,1,567,2,5,1),(568,'2025-01-26 14:42:36','2024-11-06 12:00:00','2024-11-06 12:00:00',14.50,1,568,2,5,1),(569,'2025-01-26 14:42:36','2024-11-11 12:00:00','2024-11-11 12:00:00',18.41,1,569,2,5,1),(570,'2025-01-26 14:42:36','2024-11-11 12:00:00','2024-11-11 12:00:00',260.73,1,570,2,5,1),(571,'2025-01-26 14:42:36','2024-11-11 12:00:00','2024-11-11 12:00:00',115.52,1,571,2,5,1),(572,'2025-01-26 14:42:37','2024-11-12 12:00:00','2024-11-12 12:00:00',79.90,1,572,2,5,1),(573,'2025-01-26 14:42:37','2024-11-13 12:00:00','2024-11-13 12:00:00',52.23,1,573,2,5,1),(574,'2025-01-26 14:42:37','2024-11-14 12:00:00','2024-11-14 12:00:00',14.50,1,574,2,5,1),(575,'2025-01-26 14:42:37','2024-11-18 12:00:00','2024-11-18 12:00:00',44.90,1,575,2,5,1),(576,'2025-01-26 14:42:37','2024-11-18 12:00:00','2024-11-18 12:00:00',100.00,1,576,2,5,1),(577,'2025-01-26 14:42:37','2024-11-19 12:00:00','2024-11-19 12:00:00',91.59,1,577,2,5,1),(578,'2025-01-26 14:42:37','2024-11-19 12:00:00','2024-11-19 12:00:00',42.00,1,578,2,5,1),(579,'2025-01-26 14:42:37','2024-11-19 12:00:00','2024-11-19 12:00:00',24.50,1,579,2,5,1),(580,'2025-01-26 14:42:37','2024-11-21 12:00:00','2024-11-21 12:00:00',14.36,1,580,2,5,1),(581,'2025-01-26 14:42:37','2024-11-21 12:00:00','2024-11-21 12:00:00',12.50,1,581,2,5,1),(582,'2025-01-26 14:42:37','2024-11-21 12:00:00','2024-11-21 12:00:00',5.50,1,582,2,5,1),(583,'2025-01-26 14:42:37','2024-11-21 12:00:00','2024-11-21 12:00:00',34.00,1,583,2,5,1),(584,'2025-01-26 14:42:38','2024-11-22 12:00:00','2024-11-22 12:00:00',18.00,1,584,2,5,1),(585,'2025-01-26 14:42:38','2024-11-25 12:00:00','2024-11-25 12:00:00',9.42,1,585,2,5,1),(586,'2025-01-26 14:42:38','2024-11-25 12:00:00','2024-11-25 12:00:00',14.50,1,586,2,5,1),(587,'2025-01-26 14:42:38','2024-11-26 12:00:00','2024-11-26 12:00:00',48.60,1,587,2,5,1),(588,'2025-01-26 14:47:30','2024-11-01 12:00:00','2024-11-01 12:00:00',56.20,1,588,5,5,1),(589,'2025-01-26 14:48:49','2024-11-01 12:00:00','2024-11-01 12:00:00',2000.00,1,589,5,9,1),(590,'2025-01-26 14:49:40','2024-11-07 12:00:00','2024-11-07 12:00:00',4106.91,1,590,5,9,1),(591,'2025-01-26 14:50:45','2024-11-11 12:00:00','2024-11-11 12:00:00',29.00,1,591,6,5,1),(592,'2025-01-26 14:51:57','2024-11-06 12:00:00','2024-11-06 12:00:00',10.00,1,592,2,5,1),(593,'2025-01-26 14:53:12','2024-11-11 12:00:00','2024-11-11 12:00:00',99.49,1,593,2,5,1),(594,'2025-01-26 14:54:07','2024-11-13 12:00:00','2024-11-13 12:00:00',2120.98,1,594,6,5,1),(595,'2025-01-26 14:55:27','2024-11-25 12:00:00','2024-11-25 12:00:00',34.00,1,595,6,5,1),(596,'2025-01-26 15:02:57','2024-11-11 12:00:00','2024-11-11 12:00:00',12.00,1,596,2,5,1),(597,'2025-01-26 15:04:42','2024-11-14 12:00:00','2024-11-14 12:00:00',100.00,1,597,6,5,1),(598,'2025-01-26 15:05:08','2024-11-18 12:00:00','2024-11-18 12:00:00',33.90,1,598,6,5,1),(599,'2025-01-26 15:05:47','2024-11-22 12:00:00','2024-11-22 12:00:00',48.00,1,599,2,5,1),(600,'2025-01-29 21:08:07','2024-11-01 12:00:00','2024-11-01 12:00:00',95.00,1,600,2,5,1),(601,'2025-01-29 21:10:35','2024-11-04 12:00:00','2024-11-04 12:00:00',71.91,1,601,2,5,1),(602,'2025-01-29 21:12:18','2024-11-04 12:00:00','2024-11-04 12:00:00',43.13,1,602,6,5,1),(603,'2025-01-29 21:16:45','2024-11-04 12:00:00','2024-11-04 12:00:00',89.79,1,603,6,5,1),(604,'2025-01-29 21:24:05','2024-11-11 12:00:00','2024-11-11 12:00:00',71.98,1,604,2,5,1),(605,'2025-02-21 20:29:34','2024-11-11 12:00:00','2024-11-11 12:00:00',79.90,1,605,2,5,1),(606,'2025-02-21 20:33:29','2024-11-22 12:00:00','2024-11-22 12:00:00',89.60,1,606,2,5,1),(607,'2025-02-21 20:35:25','2024-11-25 12:00:00','2024-11-25 12:00:00',4.50,1,607,2,5,1),(608,'2025-02-21 20:38:36','2024-11-25 12:00:00','2024-11-25 12:00:00',19.90,1,608,2,5,1),(609,'2025-02-21 20:39:53','2024-11-25 12:00:00','2024-11-25 12:00:00',11.00,1,609,2,5,1),(610,'2025-02-21 20:41:46','2024-11-01 12:00:00','2024-11-01 12:00:00',1331.37,1,610,5,7,1),(611,'2025-02-21 20:42:29','2024-11-01 12:00:00','2024-11-01 12:00:00',1331.37,1,611,2,5,1),(612,'2025-02-21 20:42:46','2024-11-01 12:00:00','2024-11-01 12:00:00',22.99,1,612,6,5,1),(613,'2025-02-21 20:44:41','2024-11-08 12:00:00','2024-11-08 12:00:00',24.34,1,613,6,5,1),(614,'2025-02-21 20:48:05','2024-11-18 12:00:00','2024-11-18 12:00:00',10.00,1,614,2,5,1),(615,'2025-03-10 21:08:04','2024-11-21 12:00:00','2024-11-21 12:00:00',13.00,1,615,6,5,1),(616,'2025-03-10 21:08:35','2024-11-21 12:00:00','2024-11-21 12:00:00',30.00,1,616,6,5,1),(617,'2025-03-10 21:10:53','2024-11-25 12:00:00','2024-11-25 12:00:00',14.60,1,617,2,5,1),(618,'2025-03-10 21:12:30','2024-11-26 12:00:00','2024-11-26 12:00:00',36.01,1,618,5,7,1),(619,'2025-03-10 21:18:18','2024-11-13 12:00:00','2024-11-13 12:00:00',56.95,1,619,2,5,1),(620,'2025-03-10 21:19:29','2024-11-12 12:00:00','2024-11-12 12:00:00',102.08,1,620,2,5,1),(621,'2025-03-10 21:21:26','2024-11-11 12:00:00','2024-11-11 12:00:00',20.00,1,621,2,5,1),(622,'2025-03-10 21:22:10','2024-11-12 12:00:00','2024-11-12 12:00:00',79.50,1,622,6,5,1),(623,'2025-03-10 21:24:39','2024-11-22 12:00:00','2024-11-22 12:00:00',40.00,1,623,6,5,1),(624,'2025-03-10 21:25:24','2024-11-22 12:00:00','2024-11-22 12:00:00',10.00,1,624,2,5,1),(625,'2025-03-24 21:20:00','2024-12-02 12:00:00','2024-12-02 12:00:00',227.35,1,625,2,5,1),(626,'2025-03-24 21:20:00','2024-12-02 12:00:00','2024-12-02 12:00:00',14.50,1,626,2,5,1),(627,'2025-03-24 21:20:00','2024-12-04 12:00:00','2024-12-04 12:00:00',1098.19,1,627,2,5,1),(628,'2025-03-24 21:20:00','2024-12-06 12:00:00','2024-12-06 12:00:00',35.00,1,628,2,5,1),(629,'2025-03-24 21:20:00','2024-12-09 12:00:00','2024-12-09 12:00:00',30.00,1,629,2,5,1),(630,'2025-03-24 21:20:00','2024-12-11 12:00:00','2024-12-11 12:00:00',14.50,1,630,2,5,1),(631,'2025-03-24 21:20:01','2024-12-11 12:00:00','2024-12-11 12:00:00',115.52,1,631,2,5,1),(632,'2025-03-24 21:20:01','2024-12-12 12:00:00','2024-12-12 12:00:00',79.90,1,632,2,5,1),(633,'2025-03-24 21:20:01','2024-12-13 12:00:00','2024-12-13 12:00:00',26.57,1,633,2,5,1),(634,'2025-03-24 21:20:01','2024-12-16 12:00:00','2024-12-16 12:00:00',47.87,1,634,2,5,1),(635,'2025-03-24 21:20:01','2024-12-17 12:00:00','2024-12-17 12:00:00',44.90,1,635,2,5,1),(636,'2025-03-24 21:20:01','2024-12-17 12:00:00','2024-12-17 12:00:00',14.50,1,636,2,5,1),(637,'2025-03-24 21:20:01','2024-12-18 12:00:00','2024-12-18 12:00:00',15.47,1,637,2,5,1),(638,'2025-03-24 21:20:01','2024-12-18 12:00:00','2024-12-18 12:00:00',19.26,1,638,2,5,1),(639,'2025-03-24 21:20:01','2024-12-20 12:00:00','2024-12-20 12:00:00',63.58,1,639,2,5,1),(640,'2025-03-24 21:20:01','2024-12-20 12:00:00','2024-12-20 12:00:00',7.29,1,640,2,5,1),(641,'2025-03-24 21:20:02','2024-12-20 12:00:00','2024-12-20 12:00:00',46.00,1,641,2,5,1),(642,'2025-03-24 21:20:02','2024-12-20 12:00:00','2024-12-20 12:00:00',57.08,1,642,2,5,1),(643,'2025-03-24 21:20:02','2024-12-20 12:00:00','2024-12-20 12:00:00',30.00,1,643,2,5,1),(644,'2025-03-24 21:20:02','2024-12-23 12:00:00','2024-12-23 12:00:00',94.90,1,644,2,5,1),(645,'2025-03-24 21:20:02','2024-12-23 12:00:00','2024-12-23 12:00:00',91.96,1,645,2,5,1),(646,'2025-03-24 21:20:02','2024-12-23 12:00:00','2024-12-23 12:00:00',100.00,1,646,2,5,1),(647,'2025-03-24 21:20:02','2024-12-23 12:00:00','2024-12-23 12:00:00',76.67,1,647,2,5,1),(648,'2025-03-24 21:20:02','2024-12-23 12:00:00','2024-12-23 12:00:00',22.47,1,648,2,5,1),(649,'2025-03-24 21:20:02','2024-12-23 12:00:00','2024-12-23 12:00:00',43.71,1,649,2,5,1),(650,'2025-03-24 21:20:02','2024-12-23 12:00:00','2024-12-23 12:00:00',22.90,1,650,2,5,1),(651,'2025-03-24 21:20:02','2024-12-23 12:00:00','2024-12-23 12:00:00',48.60,1,651,2,5,1),(652,'2025-03-24 21:20:03','2024-12-23 12:00:00','2024-12-23 12:00:00',14.50,1,652,2,5,1),(653,'2025-03-24 21:20:03','2024-12-24 12:00:00','2024-12-24 12:00:00',146.65,1,653,2,5,1),(654,'2025-03-24 21:20:03','2024-12-26 12:00:00','2024-12-26 12:00:00',67.88,1,654,2,5,1),(655,'2025-03-24 21:20:03','2024-12-26 12:00:00','2024-12-26 12:00:00',58.16,1,655,2,5,1),(656,'2025-03-24 21:20:03','2024-12-26 12:00:00','2024-12-26 12:00:00',146.94,1,656,2,5,1),(657,'2025-03-24 21:20:03','2024-12-27 12:00:00','2024-12-27 12:00:00',10.72,1,657,2,5,1),(658,'2025-03-24 21:20:03','2024-12-30 12:00:00','2024-12-30 12:00:00',8.82,1,658,2,5,1),(659,'2025-03-24 21:20:03','2024-12-30 12:00:00','2024-12-30 12:00:00',48.09,1,659,2,5,1),(660,'2025-03-24 21:20:03','2024-12-30 12:00:00','2024-12-30 12:00:00',200.00,1,660,2,5,1),(661,'2025-03-24 21:20:03','2024-12-30 12:00:00','2024-12-30 12:00:00',116.22,1,661,2,5,1),(662,'2025-03-24 21:20:03','2024-12-30 12:00:00','2024-12-30 12:00:00',22.65,1,662,2,5,1),(663,'2025-03-24 21:20:03','2024-12-30 12:00:00','2024-12-30 12:00:00',56.80,1,663,2,5,1),(664,'2025-03-24 21:21:13','2024-12-01 12:00:00','2024-12-01 12:00:00',0.00,1,664,5,5,1),(665,'2025-03-24 21:21:52','2024-12-02 12:00:00','2024-12-02 12:00:00',2000.00,1,665,5,9,1),(666,'2025-03-25 17:55:48','2024-12-02 12:00:00','2024-12-02 12:00:00',2.54,1,666,2,5,1),(667,'2025-03-25 17:56:21','2024-12-03 12:00:00','2024-12-03 12:00:00',24.00,1,667,6,5,1),(668,'2025-03-25 17:56:57','2024-12-06 12:00:00','2024-12-06 12:00:00',23.99,1,668,2,5,1),(669,'2025-03-25 17:57:29','2024-12-09 12:00:00','2024-12-09 12:00:00',45.90,1,669,2,5,1),(670,'2025-03-25 17:58:00','2024-12-09 12:00:00','2024-12-09 12:00:00',26.97,1,670,2,5,1),(671,'2025-03-25 17:59:02','2024-12-16 12:00:00','2024-12-16 12:00:00',22.00,1,671,6,5,1),(672,'2025-03-25 17:59:26','2024-12-18 12:00:00','2024-12-18 12:00:00',62.43,1,672,2,5,1),(673,'2025-03-25 18:00:11','2024-12-23 12:00:00','2024-12-23 12:00:00',14.90,1,673,2,5,1),(674,'2025-03-25 18:01:06','2024-12-23 12:00:00','2024-12-23 12:00:00',5.90,1,674,2,5,1),(675,'2025-03-25 18:02:02','2024-12-23 12:00:00','2024-12-23 12:00:00',23.99,1,675,2,5,1),(676,'2025-03-25 18:02:25','2024-12-23 12:00:00','2024-12-23 12:00:00',44.76,1,676,2,5,1),(677,'2025-03-25 18:03:07','2024-12-24 12:00:00','2024-12-24 12:00:00',49.00,1,677,6,5,1),(678,'2025-03-25 18:03:52','2024-12-30 12:00:00','2024-12-30 12:00:00',27.88,1,678,2,5,1),(679,'2025-03-25 18:04:16','2024-12-30 12:00:00','2024-12-30 12:00:00',126.86,1,679,2,5,1),(680,'2025-03-25 18:04:51','2024-12-30 12:00:00','2024-12-30 12:00:00',44.00,1,680,2,5,1),(681,'2025-03-25 18:06:57','2024-12-09 12:00:00','2024-12-09 12:00:00',24.00,1,681,2,5,1),(682,'2025-03-25 18:08:46','2024-12-10 12:00:00','2024-12-10 12:00:00',584.00,1,682,2,5,1),(683,'2025-03-25 18:10:57','2024-12-10 12:00:00','2024-12-10 12:00:00',276.11,1,683,2,5,1),(684,'2025-03-25 18:12:24','2024-12-12 12:00:00','2024-12-12 12:00:00',1776.62,1,684,6,5,1),(685,'2025-03-25 18:14:20','2024-12-27 12:00:00','2024-12-27 12:00:00',119.80,1,685,2,5,1),(686,'2025-03-25 18:15:40','2024-12-16 12:00:00','2024-12-16 12:00:00',49.90,1,686,2,5,1),(687,'2025-03-25 18:19:38','2024-12-04 12:00:00','2024-12-04 12:00:00',40.50,1,687,6,5,1),(688,'2025-03-27 21:07:08','2024-12-09 12:00:00','2024-12-09 12:00:00',135.63,1,688,2,5,1),(689,'2025-03-27 21:08:14','2024-12-04 12:00:00','2024-12-04 12:00:00',1000.00,1,689,6,9,1),(690,'2025-03-27 21:08:55','2024-12-10 12:00:00','2024-12-10 12:00:00',2888.23,1,690,6,9,1),(691,'2025-03-27 21:11:21','2024-12-16 12:00:00','2024-12-16 12:00:00',95.97,1,691,2,5,1),(692,'2025-03-27 21:14:28','2024-12-16 12:00:00','2024-12-16 12:00:00',193.70,1,692,2,5,1),(693,'2025-03-27 21:19:58','2024-12-19 12:00:00','2024-12-19 12:00:00',100.00,1,693,2,5,1),(694,'2025-03-27 21:20:36','2024-12-19 12:00:00','2024-12-19 12:00:00',12.00,1,694,2,5,1),(695,'2025-03-27 21:24:10','2024-12-20 12:00:00','2024-12-20 12:00:00',24.44,1,695,2,5,1),(696,'2025-03-27 21:25:02','2024-12-20 12:00:00','2024-12-20 12:00:00',12.00,1,696,6,5,1),(697,'2025-03-27 21:26:42','2024-12-23 12:00:00','2024-12-23 12:00:00',40.00,1,697,6,5,1),(698,'2025-03-27 21:27:34','2024-12-26 12:00:00','2024-12-26 12:00:00',14.60,1,698,2,5,1),(699,'2025-03-27 21:28:20','2024-12-27 12:00:00','2024-12-27 12:00:00',15.00,1,699,2,5,1),(700,'2025-03-28 21:48:55','2024-12-06 12:00:00','2024-12-06 12:00:00',100.00,1,700,6,5,1),(701,'2025-03-28 21:49:35','2024-12-04 12:00:00','2024-12-04 12:00:00',10.00,1,701,6,5,1),(702,'2025-03-28 21:50:31','2024-12-26 12:00:00','2024-12-26 12:00:00',81.50,1,702,6,5,1),(703,'2025-03-28 21:51:51','2024-12-30 12:00:00','2024-12-30 12:00:00',50.00,1,703,6,5,1),(704,'2025-03-28 21:53:02','2024-12-02 12:00:00','2024-12-02 12:00:00',65.00,1,704,6,5,1),(705,'2025-03-28 21:56:27','2024-12-04 12:00:00','2024-12-04 12:00:00',15.49,1,705,6,5,1),(706,'2025-03-28 21:57:30','2024-12-09 12:00:00','2024-12-09 12:00:00',18.00,1,706,6,5,1),(707,'2025-03-28 21:59:07','2024-12-12 12:00:00','2024-12-12 12:00:00',60.00,1,707,6,5,1),(708,'2025-03-28 22:00:14','2024-12-16 12:00:00','2024-12-16 12:00:00',19.37,1,708,2,5,1),(709,'2025-03-28 22:01:33','2024-12-16 12:00:00','2024-12-16 12:00:00',80.00,1,709,6,5,1),(710,'2025-03-28 22:05:36','2024-12-27 12:00:00','2024-12-27 12:00:00',9.90,1,710,2,5,1),(711,'2025-03-29 15:04:56','2024-12-11 12:00:00','2024-12-11 12:00:00',27.62,1,711,2,5,1),(712,'2025-03-29 15:05:57','2024-12-16 12:00:00','2024-12-16 12:00:00',9.50,1,712,2,5,1),(713,'2025-03-29 15:06:26','2024-12-19 12:00:00','2024-12-19 12:00:00',41.41,1,713,2,5,1),(714,'2025-03-29 15:06:41','2024-12-20 12:00:00','2024-12-20 12:00:00',9.00,1,714,2,5,1),(715,'2025-03-29 15:07:39','2024-12-23 12:00:00','2024-12-23 12:00:00',150.00,1,715,2,5,1),(716,'2025-03-29 15:08:14','2024-12-24 12:00:00','2024-12-24 12:00:00',20.00,1,716,2,5,1),(717,'2025-03-29 15:08:32','2024-12-24 12:00:00','2024-12-24 12:00:00',3.00,1,717,2,5,1),(718,'2025-03-29 15:09:15','2024-12-31 12:00:00','2024-12-31 12:00:00',28.00,1,718,2,5,1),(719,'2025-03-29 15:15:17','2024-12-23 12:00:00','2024-12-23 12:00:00',89.90,1,719,2,5,1),(720,'2025-03-29 15:16:01','2024-12-27 12:00:00','2024-12-27 12:00:00',23.90,1,720,2,5,1),(721,'2025-03-30 01:36:30','2024-12-23 12:00:00','2024-12-23 12:00:00',60.00,1,721,6,5,1),(722,'2025-03-30 01:41:46','2024-12-30 12:00:00','2024-12-30 12:00:00',73.96,1,722,2,5,1),(723,'2025-04-12 22:26:34','2024-12-23 12:00:00','2024-12-23 12:00:00',259.98,1,723,2,5,1),(724,'2025-04-12 22:27:24','2024-12-27 12:00:00','2024-12-27 12:00:00',79.99,1,724,2,5,1),(725,'2025-04-12 22:33:44','2024-12-27 12:00:00','2024-12-27 12:00:00',149.98,1,725,2,5,1),(726,'2025-04-12 22:44:20','2024-12-16 12:00:00','2024-12-16 12:00:00',3053.95,1,726,6,68,1),(727,'2025-04-12 22:44:49','2024-12-30 12:00:00','2024-12-30 12:00:00',2165.61,1,727,6,68,1),(728,'2025-04-12 22:45:31','2024-12-04 12:00:00','2024-12-04 12:00:00',534.00,1,728,6,5,1),(729,'2025-04-12 22:51:12','2025-01-02 12:00:00','2025-01-02 12:00:00',14.50,1,729,2,5,1),(730,'2025-04-12 22:51:12','2025-01-03 12:00:00','2025-01-03 12:00:00',1255.75,1,730,2,5,1),(731,'2025-04-12 22:51:12','2025-01-07 12:00:00','2025-01-07 12:00:00',14.50,1,731,2,5,1),(732,'2025-04-12 22:51:12','2025-01-08 12:00:00','2025-01-08 12:00:00',30.00,1,732,2,5,1),(733,'2025-04-12 22:51:12','2025-01-08 12:00:00','2025-01-08 12:00:00',584.00,1,733,2,5,1),(734,'2025-04-12 22:51:12','2025-01-10 12:00:00','2025-01-10 12:00:00',276.19,1,734,2,5,1),(735,'2025-04-12 22:51:13','2025-01-13 12:00:00','2025-01-13 12:00:00',79.90,1,735,2,5,1),(736,'2025-04-12 22:51:13','2025-01-16 12:00:00','2025-01-16 12:00:00',10.20,1,736,2,5,1),(737,'2025-04-12 22:51:13','2025-01-16 12:00:00','2025-01-16 12:00:00',89.90,1,737,2,5,1),(738,'2025-04-12 22:51:13','2025-01-16 12:00:00','2025-01-16 12:00:00',19.99,1,738,2,5,1),(739,'2025-04-12 22:51:13','2025-01-16 12:00:00','2025-01-16 12:00:00',48.60,1,739,2,5,1),(740,'2025-04-12 22:51:13','2025-01-17 12:00:00','2025-01-17 12:00:00',44.90,1,740,2,5,1),(741,'2025-04-12 22:51:13','2025-01-20 12:00:00','2025-01-20 12:00:00',14.50,1,741,2,5,1),(742,'2025-04-12 22:51:13','2025-01-27 12:00:00','2025-01-27 12:00:00',8.50,1,742,2,5,1),(743,'2025-04-12 22:51:13','2025-01-27 12:00:00','2025-01-27 12:00:00',23.00,1,743,2,5,1),(744,'2025-04-12 22:51:13','2025-01-27 12:00:00','2025-01-27 12:00:00',74.02,1,744,2,5,1),(745,'2025-04-12 22:51:14','2025-01-27 12:00:00','2025-01-27 12:00:00',14.50,1,745,2,5,1),(746,'2025-04-12 22:51:14','2025-01-29 12:00:00','2025-01-29 12:00:00',8.50,1,746,2,5,1),(747,'2025-04-12 22:51:14','2025-01-29 12:00:00','2025-01-29 12:00:00',3.20,1,747,2,5,1),(748,'2025-04-12 22:51:14','2025-01-29 12:00:00','2025-01-29 12:00:00',46.11,1,748,2,5,1),(749,'2025-04-12 22:51:14','2025-01-30 12:00:00','2025-01-30 12:00:00',8.50,1,749,2,5,1),(750,'2025-04-12 22:51:14','2025-01-30 12:00:00','2025-01-30 12:00:00',13.97,1,750,2,5,1),(751,'2025-04-12 22:52:42','2025-01-01 12:00:00','2025-01-01 12:00:00',1592.78,1,751,5,5,1),(752,'2025-04-12 22:54:04','2025-01-02 12:00:00','2025-01-02 12:00:00',3000.00,1,752,5,9,1),(753,'2025-04-12 22:56:51','2025-01-23 12:00:00','2025-01-23 12:00:00',7.00,1,753,6,5,1),(754,'2025-04-12 22:57:23','2025-01-27 12:00:00','2025-01-27 12:00:00',23.99,1,754,2,5,1),(755,'2025-04-12 22:58:03','2025-01-27 12:00:00','2025-01-27 12:00:00',38.00,1,755,6,5,1),(756,'2025-04-12 22:58:32','2025-01-30 12:00:00','2025-01-30 12:00:00',44.50,1,756,2,5,1),(757,'2025-04-12 22:59:15','2025-01-02 12:00:00','2025-01-02 12:00:00',30.00,1,757,6,5,1),(758,'2025-04-12 22:59:57','2025-01-06 12:00:00','2025-01-06 12:00:00',17.32,1,758,6,5,1),(759,'2025-04-19 23:16:56','2025-01-02 12:00:00','2025-01-02 12:00:00',10.00,1,759,6,5,1),(760,'2025-04-19 23:17:49','2025-01-06 12:00:00','2025-01-06 12:00:00',21.00,1,760,2,5,1),(761,'2025-04-19 23:28:01','2025-01-06 12:00:00','2025-01-06 12:00:00',29.90,1,761,2,5,1),(762,'2025-04-19 23:28:25','2025-01-06 12:00:00','2025-01-06 12:00:00',80.00,1,762,6,5,1),(763,'2025-04-19 23:29:46','2025-01-20 12:00:00','2025-01-20 12:00:00',23.50,1,763,2,5,1),(764,'2025-04-19 23:30:10','2025-01-02 12:00:00','2025-01-02 12:00:00',23.90,1,764,2,5,1),(765,'2025-04-19 23:30:36','2025-01-07 12:00:00','2025-01-07 12:00:00',37.80,1,765,2,5,1),(766,'2025-04-19 23:32:41','2025-01-13 12:00:00','2025-01-13 12:00:00',115.52,1,766,2,5,1),(767,'2025-04-19 23:35:12','2025-01-29 12:00:00','2025-01-29 12:00:00',26.90,1,767,2,5,1),(769,'2025-04-19 23:38:38','2025-01-17 12:00:00','2025-01-17 12:00:00',20.00,1,769,2,5,1),(770,'2025-04-19 23:42:47','2025-01-21 12:00:00','2025-01-21 12:00:00',47.12,1,770,2,5,1),(771,'2025-04-19 23:47:51','2025-01-27 12:00:00','2025-01-27 12:00:00',5.75,1,771,2,5,1),(772,'2025-04-19 23:48:51','2025-01-27 12:00:00','2025-01-27 12:00:00',14.60,1,772,2,5,1),(773,'2025-04-19 23:53:45','2025-01-30 12:00:00','2025-01-30 12:00:00',70.00,1,773,6,5,1),(774,'2025-04-19 23:54:34','2025-01-31 12:00:00','2025-01-31 12:00:00',55.00,1,774,6,5,1),(775,'2025-04-19 23:56:50','2025-01-06 12:00:00','2025-01-06 12:00:00',96.86,1,775,2,5,1),(776,'2025-04-19 23:57:13','2025-01-06 12:00:00','2025-01-06 12:00:00',9.25,1,776,2,5,1),(777,'2025-04-20 00:03:24','2025-01-13 12:00:00','2025-01-13 12:00:00',86.43,1,777,2,5,1),(778,'2025-04-20 00:06:15','2025-01-06 12:00:00','2025-01-06 12:00:00',143.68,1,778,6,5,1),(779,'2025-04-20 00:14:13','2025-01-20 12:00:00','2025-01-20 12:00:00',200.00,1,779,6,5,1),(780,'2025-04-20 00:18:46','2025-01-23 12:00:00','2025-01-23 12:00:00',29.90,1,780,6,5,1),(781,'2025-04-29 21:20:42','2025-01-07 12:00:00','2025-01-07 12:00:00',0.14,1,781,5,83,1),(782,'2025-04-29 21:20:59','2025-01-07 12:00:00','2025-01-07 12:00:00',3734.77,1,782,5,83,1),(783,'2025-04-29 21:22:04','2025-01-07 12:00:00','2025-01-07 12:00:00',3734.91,1,783,5,5,1),(784,'2025-04-29 21:23:22','2025-01-13 12:00:00','2025-01-13 12:00:00',39.00,1,784,6,67,1),(785,'2025-04-29 21:23:49','2025-01-13 12:00:00','2025-01-13 12:00:00',40.00,1,785,6,67,1),(786,'2025-04-29 21:24:24','2025-01-15 12:00:00','2025-01-15 12:00:00',46.50,1,786,6,5,1),(787,'2025-04-29 21:24:48','2025-01-16 12:00:00','2025-01-16 12:00:00',140.00,1,787,6,5,1),(788,'2025-04-29 21:28:05','2025-01-24 12:00:00','2025-01-24 12:00:00',94.95,1,788,6,5,1),(789,'2025-04-29 21:32:28','2025-01-07 12:00:00','2025-01-07 12:00:00',196.00,1,789,6,5,1),(790,'2025-04-29 21:39:16','2025-01-02 12:00:00','2025-01-02 12:00:00',1592.78,1,790,6,5,1),(791,'2025-04-29 21:40:44','2025-01-10 12:00:00','2025-01-10 12:00:00',3199.64,1,791,6,9,1),(792,'2025-04-29 21:44:25','2025-01-01 12:00:00','2025-01-01 12:00:00',19617.97,1,792,5,7,1),(793,'2025-04-29 21:45:36','2025-01-08 12:00:00','2025-01-08 12:00:00',10.58,1,793,5,61,1),(794,'2025-04-29 21:45:47','2025-01-22 12:00:00','2025-01-22 12:00:00',12.78,1,794,5,61,1),(795,'2025-04-29 21:46:08','2025-01-31 12:00:00','2025-01-31 12:00:00',0.88,1,795,5,61,1),(796,'2025-04-29 21:46:20','2025-01-31 12:00:00','2025-01-31 12:00:00',2.69,1,796,5,61,1),(797,'2025-04-29 21:47:02','2025-01-31 12:00:00','2025-01-31 12:00:00',7.98,1,797,5,61,1),(798,'2025-04-29 21:47:14','2025-01-31 12:00:00','2025-01-31 12:00:00',2.59,1,798,5,61,1),(799,'2025-04-29 21:47:29','2025-01-22 12:00:00','2025-01-22 12:00:00',44.98,1,799,5,61,1),(800,'2025-04-29 21:47:54','2025-01-08 12:00:00','2025-01-08 12:00:00',50.64,1,800,5,61,1),(801,'2025-04-29 21:53:48','2025-01-31 12:00:00','2025-01-31 12:00:00',800.00,1,801,6,7,1),(802,'2025-04-30 19:45:15','2025-01-23 12:00:00','2025-01-23 12:00:00',23.28,1,802,7,12,1),(803,'2025-04-30 19:45:15','2025-01-17 12:00:00','2025-01-17 12:00:00',10.39,1,803,7,12,1),(804,'2025-04-30 19:45:15','2025-01-17 12:00:00','2025-01-17 12:00:00',19.00,1,804,7,12,1),(805,'2025-04-30 19:45:15','2025-01-16 12:00:00','2025-01-16 12:00:00',74.72,1,805,7,12,1),(806,'2025-04-30 19:45:15','2025-01-14 12:00:00','2025-01-14 12:00:00',721.85,1,806,7,12,1),(807,'2025-04-30 19:45:15','2025-01-09 12:00:00','2025-01-09 12:00:00',26.08,1,807,7,12,1),(808,'2025-04-30 19:45:15','2025-01-08 12:00:00','2025-01-08 12:00:00',206.24,1,808,7,12,1),(809,'2025-04-30 19:45:15','2025-01-07 12:00:00','2025-01-07 12:00:00',18.48,1,809,7,12,1),(810,'2025-04-30 19:45:15','2025-01-07 12:00:00','2025-01-07 12:00:00',20.18,1,810,7,12,1),(811,'2025-04-30 19:45:15','2025-01-07 12:00:00','2025-01-07 12:00:00',3.74,1,811,7,12,1),(812,'2025-04-30 19:45:15','2025-01-05 12:00:00','2025-01-05 12:00:00',33.96,1,812,7,12,1),(813,'2025-04-30 19:45:15','2025-01-05 12:00:00','2025-01-05 12:00:00',17.67,1,813,7,12,1),(814,'2025-04-30 19:45:16','2025-01-04 12:00:00','2025-01-04 12:00:00',163.86,1,814,7,12,1),(815,'2025-04-30 19:45:16','2025-01-02 12:00:00','2025-01-02 12:00:00',198.98,1,815,7,12,1),(816,'2025-04-30 19:51:57','2025-01-10 12:00:00','2025-01-10 12:00:00',18.99,1,816,7,12,1),(817,'2025-04-30 19:52:16','2025-01-12 12:00:00','2025-01-12 12:00:00',46.13,1,817,7,12,1),(818,'2025-04-30 19:53:05','2025-01-01 12:00:00','2025-01-01 12:00:00',52.84,1,818,7,12,1),(819,'2025-04-30 19:56:09','2025-01-01 12:00:00','2025-01-01 12:00:00',1656.39,1,819,7,14,1),(820,'2025-05-01 16:01:27','2025-01-26 12:00:00','2025-01-26 12:00:00',84.20,1,820,8,13,1),(821,'2025-05-01 16:01:27','2025-01-26 12:00:00','2025-01-26 12:00:00',9.65,1,821,8,13,1),(822,'2025-05-01 16:01:27','2025-01-25 12:00:00','2025-01-25 12:00:00',55.90,1,822,8,13,1),(823,'2025-05-01 16:01:27','2025-01-25 12:00:00','2025-01-25 12:00:00',26.99,1,823,8,13,1),(824,'2025-05-01 16:01:27','2025-01-25 12:00:00','2025-01-25 12:00:00',53.26,1,824,8,13,1),(825,'2025-05-01 16:01:27','2025-01-24 12:00:00','2025-01-24 12:00:00',34.72,1,825,8,13,1),(826,'2025-05-01 16:01:27','2025-01-24 12:00:00','2025-01-24 12:00:00',100.00,1,826,8,13,1),(827,'2025-05-01 16:01:27','2025-01-24 12:00:00','2025-01-24 12:00:00',2.73,1,827,8,13,1),(828,'2025-05-01 16:01:27','2025-01-24 12:00:00','2025-01-24 12:00:00',8.50,1,828,8,13,1),(829,'2025-05-01 16:01:28','2025-01-23 12:00:00','2025-01-23 12:00:00',0.00,1,829,8,13,1),(830,'2025-05-01 16:01:28','2025-01-23 12:00:00','2025-01-23 12:00:00',47.01,1,830,8,13,1),(831,'2025-05-01 16:01:28','2025-01-23 12:00:00','2025-01-23 12:00:00',5.50,1,831,8,13,1),(832,'2025-05-01 16:01:28','2025-01-22 12:00:00','2025-01-22 12:00:00',19.91,1,832,8,13,1),(833,'2025-05-01 16:01:28','2025-01-22 12:00:00','2025-01-22 12:00:00',57.09,1,833,8,13,1),(834,'2025-05-01 16:01:28','2025-01-22 12:00:00','2025-01-22 12:00:00',65.67,1,834,8,13,1),(835,'2025-05-01 16:01:28','2025-01-22 12:00:00','2025-01-22 12:00:00',56.45,1,835,8,13,1),(836,'2025-05-01 16:01:28','2025-01-20 12:00:00','2025-01-20 12:00:00',52.65,1,836,8,13,1),(837,'2025-05-01 16:01:28','2025-01-20 12:00:00','2025-01-20 12:00:00',24.00,1,837,8,13,1),(838,'2025-05-01 16:01:28','2025-01-20 12:00:00','2025-01-20 12:00:00',8.50,1,838,8,13,1),(839,'2025-05-01 16:01:28','2025-01-18 12:00:00','2025-01-18 12:00:00',108.79,1,839,8,13,1),(840,'2025-05-01 16:01:28','2025-01-18 12:00:00','2025-01-18 12:00:00',3.63,1,840,8,13,1),(841,'2025-05-01 16:01:28','2025-01-17 12:00:00','2025-01-17 12:00:00',104.39,1,841,8,13,1),(842,'2025-05-01 16:01:28','2025-01-17 12:00:00','2025-01-17 12:00:00',47.00,1,842,8,13,1),(843,'2025-05-01 16:01:28','2025-01-17 12:00:00','2025-01-17 12:00:00',47.31,1,843,8,13,1),(844,'2025-05-01 16:01:29','2025-01-17 12:00:00','2025-01-17 12:00:00',80.00,1,844,8,13,1),(845,'2025-05-01 16:01:29','2025-01-16 12:00:00','2025-01-16 12:00:00',11.00,1,845,8,13,1),(846,'2025-05-01 16:01:29','2025-01-16 12:00:00','2025-01-16 12:00:00',8.00,1,846,8,13,1),(847,'2025-05-01 16:01:29','2025-01-16 12:00:00','2025-01-16 12:00:00',25.10,1,847,8,13,1),(848,'2025-05-01 16:01:29','2025-01-16 12:00:00','2025-01-16 12:00:00',22.50,1,848,8,13,1),(849,'2025-05-01 16:01:29','2025-01-14 12:00:00','2025-01-14 12:00:00',59.27,1,849,8,13,1),(850,'2025-05-01 16:01:29','2025-01-14 12:00:00','2025-01-14 12:00:00',48.65,1,850,8,13,1),(851,'2025-05-01 16:01:29','2025-01-13 12:00:00','2025-01-13 12:00:00',46.90,1,851,8,13,1),(852,'2025-05-01 16:01:29','2025-01-11 12:00:00','2025-01-11 12:00:00',215.00,1,852,8,13,1),(853,'2025-05-01 16:01:29','2025-01-09 12:00:00','2025-01-09 12:00:00',100.00,1,853,8,13,1),(854,'2025-05-01 16:01:29','2025-01-08 12:00:00','2025-01-08 12:00:00',8.00,1,854,8,13,1),(855,'2025-05-01 16:01:29','2025-01-08 12:00:00','2025-01-08 12:00:00',28.00,1,855,8,13,1),(856,'2025-05-01 16:01:29','2025-01-08 12:00:00','2025-01-08 12:00:00',38.55,1,856,8,13,1),(857,'2025-05-01 16:01:29','2025-01-08 12:00:00','2025-01-08 12:00:00',48.58,1,857,8,13,1),(858,'2025-05-01 16:01:29','2025-01-07 12:00:00','2025-01-07 12:00:00',12.90,1,858,8,13,1),(859,'2025-05-01 16:01:30','2025-01-05 12:00:00','2025-01-05 12:00:00',26.90,1,859,8,13,1),(860,'2025-05-01 16:01:30','2025-01-05 12:00:00','2025-01-05 12:00:00',32.00,1,860,8,13,1),(861,'2025-05-01 16:01:30','2025-01-04 12:00:00','2025-01-04 12:00:00',15.97,1,861,8,13,1),(862,'2025-05-01 16:01:30','2025-01-04 12:00:00','2025-01-04 12:00:00',53.90,1,862,8,13,1),(863,'2025-05-01 16:01:30','2025-01-04 12:00:00','2025-01-04 12:00:00',52.47,1,863,8,13,1),(864,'2025-05-01 16:01:30','2025-01-02 12:00:00','2025-01-02 12:00:00',38.70,1,864,8,13,1),(865,'2025-05-01 16:01:30','2025-01-02 12:00:00','2025-01-02 12:00:00',141.10,1,865,8,13,1),(866,'2025-05-01 16:01:30','2025-01-02 12:00:00','2025-01-02 12:00:00',8.63,1,866,8,13,1),(867,'2025-05-01 16:01:30','2025-01-01 12:00:00','2025-01-01 12:00:00',39.42,1,867,8,13,1),(868,'2025-05-01 21:05:50','2025-01-01 12:00:00','2025-01-01 12:00:00',7.00,1,868,8,13,1),(869,'2025-05-01 21:06:08','2025-01-01 12:00:00','2025-01-01 12:00:00',38.00,1,869,8,13,1),(870,'2025-05-01 21:06:31','2025-01-05 12:00:00','2025-01-05 12:00:00',9.00,1,870,8,13,1),(871,'2025-05-01 21:06:51','2025-01-05 12:00:00','2025-01-05 12:00:00',84.00,1,871,8,13,1),(872,'2025-05-01 21:07:12','2025-01-08 12:00:00','2025-01-08 12:00:00',17.00,1,872,8,13,1),(873,'2025-05-01 21:07:39','2025-01-10 12:00:00','2025-01-10 12:00:00',117.00,1,873,8,13,1),(874,'2025-05-01 21:08:19','2025-01-16 12:00:00','2025-01-16 12:00:00',19.00,1,874,8,13,1),(875,'2025-05-01 21:08:57','2025-01-24 12:00:00','2025-01-24 12:00:00',33.01,1,875,8,13,1),(876,'2025-05-01 21:12:15','2025-01-17 12:00:00','2025-01-17 12:00:00',20.50,1,876,8,13,1),(877,'2025-05-01 21:12:57','2025-01-01 12:00:00','2025-01-01 12:00:00',47.14,1,877,8,13,1),(878,'2025-05-01 21:13:36','2025-01-01 12:00:00','2025-01-01 12:00:00',18.96,1,878,8,13,1),(879,'2025-05-01 21:14:04','2025-01-23 12:00:00','2025-01-23 12:00:00',33.00,1,879,8,13,1),(880,'2025-05-01 21:15:21','2025-01-01 12:00:00','2025-01-01 12:00:00',2629.00,1,880,8,15,1),(881,'2025-05-02 13:44:21','2025-01-14 12:00:00','2025-01-14 12:00:00',35.90,1,881,3,78,1),(882,'2025-05-02 13:44:21','2025-01-14 12:00:00','2025-01-14 12:00:00',22.83,1,882,3,78,1),(883,'2025-05-02 13:44:21','2025-01-14 12:00:00','2025-01-14 12:00:00',16.94,1,883,3,78,1),(884,'2025-05-02 13:44:21','2025-01-14 12:00:00','2025-01-14 12:00:00',37.94,1,884,3,78,1),(885,'2025-05-02 13:44:21','2025-01-14 12:00:00','2025-01-14 12:00:00',13.76,1,885,3,78,1),(886,'2025-05-02 13:44:21','2025-01-14 12:00:00','2025-01-14 12:00:00',27.99,1,886,3,78,1),(887,'2025-05-02 13:44:21','2025-01-14 12:00:00','2025-01-14 12:00:00',37.00,1,887,3,78,1),(888,'2025-05-02 13:44:21','2025-01-14 12:00:00','2025-01-14 12:00:00',21.00,1,888,3,78,1),(889,'2025-05-02 13:44:21','2025-01-14 12:00:00','2025-01-14 12:00:00',60.00,1,889,3,78,1),(890,'2025-05-02 13:44:21','2025-01-14 12:00:00','2025-01-14 12:00:00',9.90,1,890,3,78,1),(891,'2025-05-02 13:44:22','2025-01-14 12:00:00','2025-01-14 12:00:00',4.50,1,891,3,78,1),(892,'2025-05-02 13:47:30','2025-01-14 12:00:00','2025-01-14 12:00:00',43.90,1,892,3,78,1),(893,'2025-05-02 13:48:04','2025-01-14 12:00:00','2025-01-14 12:00:00',29.85,1,893,3,78,1),(894,'2025-05-02 13:55:54','2025-01-14 12:00:00','2025-01-14 12:00:00',59.60,1,894,3,78,1),(895,'2025-05-02 13:56:14','2025-01-14 12:00:00','2025-01-14 12:00:00',28.27,1,895,3,78,1),(896,'2025-05-02 14:00:56','2025-01-14 12:00:00','2025-01-14 12:00:00',34.99,1,896,3,78,1),(897,'2025-05-02 14:02:09','2025-01-14 12:00:00','2025-01-14 12:00:00',99.15,1,897,3,78,1),(898,'2025-05-02 14:03:08','2025-01-14 12:00:00','2025-01-14 12:00:00',88.16,1,898,3,78,1),(899,'2025-05-02 14:04:55','2025-01-14 12:00:00','2025-01-14 12:00:00',75.00,1,899,3,78,1),(900,'2025-05-02 14:05:37','2025-01-14 12:00:00','2025-01-14 12:00:00',279.20,1,900,3,78,1),(901,'2025-05-02 14:11:03','2025-01-14 12:00:00','2025-01-14 12:00:00',50.00,1,901,3,78,1),(902,'2025-05-02 14:11:26','2025-01-14 12:00:00','2025-01-14 12:00:00',12.99,1,902,3,78,1),(903,'2025-05-02 14:12:05','2025-01-14 12:00:00','2025-01-14 12:00:00',8.00,1,903,3,78,1),(904,'2025-05-02 14:12:19','2025-01-14 12:00:00','2025-01-14 12:00:00',2.10,1,904,3,78,1),(905,'2025-05-03 14:23:36','2025-01-14 12:00:00','2025-01-14 12:00:00',248.05,1,905,3,78,1),(906,'2025-05-03 14:28:25','2025-01-14 12:00:00','2025-01-14 12:00:00',54.97,1,906,3,78,1),(907,'2025-05-03 14:34:23','2025-01-14 12:00:00','2025-01-14 12:00:00',23.98,1,907,3,78,1),(908,'2025-05-03 14:42:32','2025-01-14 12:00:00','2025-01-14 12:00:00',71.99,1,908,3,78,1),(909,'2025-05-03 14:45:10','2025-01-14 12:00:00','2025-01-14 12:00:00',109.90,1,909,3,78,1),(910,'2025-05-03 14:47:25','2025-01-14 12:00:00','2025-01-14 12:00:00',87.90,1,910,3,78,1),(911,'2025-05-03 14:48:30','2025-01-14 12:00:00','2025-01-14 12:00:00',59.85,1,911,3,78,1),(912,'2025-05-03 18:21:38','2025-01-14 12:00:00','2025-01-14 12:00:00',1755.61,1,912,6,5,1),(913,'2025-05-09 20:14:55','2025-02-03 12:00:00','2025-02-03 12:00:00',14.50,1,913,6,5,1),(914,'2025-05-09 20:14:56','2025-02-05 12:00:00','2025-02-05 12:00:00',1141.23,1,914,2,5,1),(915,'2025-05-09 20:14:56','2025-02-10 12:00:00','2025-02-10 12:00:00',4.76,1,915,2,5,1),(916,'2025-05-09 20:14:56','2025-02-10 12:00:00','2025-02-10 12:00:00',14.50,1,916,6,5,1),(917,'2025-05-09 20:14:56','2025-02-10 12:00:00','2025-02-10 12:00:00',75.92,1,917,2,5,1),(918,'2025-05-09 20:14:56','2025-02-11 12:00:00','2025-02-11 12:00:00',30.00,1,918,2,5,1),(919,'2025-05-09 20:14:56','2025-02-11 12:00:00','2025-02-11 12:00:00',598.43,1,919,2,5,1),(920,'2025-05-09 20:14:56','2025-02-11 12:00:00','2025-02-11 12:00:00',315.64,1,920,2,5,1),(921,'2025-05-09 20:14:56','2025-02-12 12:00:00','2025-02-12 12:00:00',43.50,1,921,2,5,1),(922,'2025-05-09 20:14:57','2025-02-13 12:00:00','2025-02-13 12:00:00',61.38,1,922,2,5,1),(923,'2025-05-09 20:14:57','2025-02-14 12:00:00','2025-02-14 12:00:00',79.90,1,923,2,5,1),(924,'2025-05-09 20:14:57','2025-02-17 12:00:00','2025-02-17 12:00:00',10.04,1,924,2,5,1),(925,'2025-05-09 20:14:57','2025-02-17 12:00:00','2025-02-17 12:00:00',34.00,1,925,2,5,1),(926,'2025-05-09 20:14:57','2025-02-17 12:00:00','2025-02-17 12:00:00',11.98,1,926,2,5,1),(927,'2025-05-09 20:14:57','2025-02-17 12:00:00','2025-02-17 12:00:00',44.90,1,927,2,5,1),(928,'2025-05-09 20:14:57','2025-02-17 12:00:00','2025-02-17 12:00:00',22.00,1,928,2,5,1),(929,'2025-05-09 20:14:57','2025-02-17 12:00:00','2025-02-17 12:00:00',1724.88,1,929,2,5,1),(930,'2025-05-09 20:14:57','2025-02-17 12:00:00','2025-02-17 12:00:00',14.50,1,930,6,5,1),(931,'2025-05-09 20:14:57','2025-02-18 12:00:00','2025-02-18 12:00:00',100.00,1,931,2,5,1),(932,'2025-05-09 20:14:57','2025-02-19 12:00:00','2025-02-19 12:00:00',8.50,1,932,2,5,1),(933,'2025-05-09 20:14:57','2025-02-19 12:00:00','2025-02-19 12:00:00',31.26,1,933,2,5,1),(934,'2025-05-09 20:14:57','2025-02-19 12:00:00','2025-02-19 12:00:00',48.00,1,934,2,5,1),(935,'2025-05-09 20:14:58','2025-02-19 12:00:00','2025-02-19 12:00:00',21.00,1,935,2,5,1),(936,'2025-05-09 20:14:58','2025-02-19 12:00:00','2025-02-19 12:00:00',13.98,1,936,2,5,1),(937,'2025-05-09 20:14:58','2025-02-21 12:00:00','2025-02-21 12:00:00',62.71,1,937,2,5,1),(938,'2025-05-09 20:14:58','2025-02-21 12:00:00','2025-02-21 12:00:00',8.89,1,938,2,5,1),(939,'2025-05-09 20:14:58','2025-02-21 12:00:00','2025-02-21 12:00:00',56.32,1,939,2,5,1),(940,'2025-05-09 20:14:58','2025-02-21 12:00:00','2025-02-21 12:00:00',10.10,1,940,2,5,1),(941,'2025-05-09 20:14:58','2025-02-24 12:00:00','2025-02-24 12:00:00',44.78,1,941,2,5,1),(942,'2025-05-09 20:14:58','2025-02-24 12:00:00','2025-02-24 12:00:00',74.83,1,942,2,5,1),(943,'2025-05-09 20:14:58','2025-02-24 12:00:00','2025-02-24 12:00:00',65.32,1,943,2,5,1),(944,'2025-05-09 20:14:58','2025-02-24 12:00:00','2025-02-24 12:00:00',9.00,1,944,2,5,1),(945,'2025-05-09 20:14:58','2025-02-24 12:00:00','2025-02-24 12:00:00',22.00,1,945,2,5,1),(946,'2025-05-09 20:14:58','2025-02-24 12:00:00','2025-02-24 12:00:00',48.60,1,946,2,5,1),(947,'2025-05-09 20:14:58','2025-02-24 12:00:00','2025-02-24 12:00:00',14.50,1,947,6,5,1),(948,'2025-05-09 20:14:58','2025-02-25 12:00:00','2025-02-25 12:00:00',10.50,1,948,2,5,1),(949,'2025-05-09 20:14:59','2025-02-25 12:00:00','2025-02-25 12:00:00',28.00,1,949,2,5,1),(950,'2025-05-09 20:14:59','2025-02-25 12:00:00','2025-02-25 12:00:00',2.61,1,950,2,5,1),(951,'2025-05-09 20:14:59','2025-02-25 12:00:00','2025-02-25 12:00:00',20.60,1,951,2,5,1),(952,'2025-05-09 20:14:59','2025-02-25 12:00:00','2025-02-25 12:00:00',48.22,1,952,2,5,1),(953,'2025-05-09 20:14:59','2025-02-25 12:00:00','2025-02-25 12:00:00',50.00,1,953,2,5,1),(954,'2025-05-09 20:14:59','2025-02-26 12:00:00','2025-02-26 12:00:00',8.50,1,954,2,5,1),(955,'2025-05-09 20:14:59','2025-02-26 12:00:00','2025-02-26 12:00:00',34.65,1,955,2,5,1),(956,'2025-05-09 20:14:59','2025-02-26 12:00:00','2025-02-26 12:00:00',204.25,1,956,2,5,1),(957,'2025-05-09 20:14:59','2025-02-27 12:00:00','2025-02-27 12:00:00',82.50,1,957,2,5,1),(958,'2025-05-09 20:14:59','2025-02-27 12:00:00','2025-02-27 12:00:00',30.00,1,958,2,5,1),(959,'2025-05-09 20:14:59','2025-02-28 12:00:00','2025-02-28 12:00:00',9.80,1,959,2,5,1),(960,'2025-05-09 20:16:43','2025-02-04 12:00:00','2025-02-04 12:00:00',7.00,1,960,6,5,1),(961,'2025-05-09 20:17:45','2025-02-13 12:00:00','2025-02-13 12:00:00',2.00,1,961,6,5,1),(962,'2025-05-09 20:18:34','2025-02-18 12:00:00','2025-02-18 12:00:00',7.00,1,962,6,5,1),(963,'2025-05-09 20:19:33','2025-02-25 12:00:00','2025-02-25 12:00:00',3.00,1,963,2,5,1),(964,'2025-05-09 20:20:02','2025-02-25 12:00:00','2025-02-25 12:00:00',13.50,1,964,2,5,1),(965,'2025-05-09 20:21:12','2025-02-04 12:00:00','2025-02-04 12:00:00',10.00,1,965,6,5,1),(966,'2025-05-09 20:21:58','2025-02-10 12:00:00','2025-02-10 12:00:00',3.00,1,966,2,5,1),(967,'2025-05-11 20:59:45','2025-02-01 12:00:00','2025-02-01 12:00:00',54.43,1,967,5,5,1),(968,'2025-05-11 21:06:56','2025-02-03 12:00:00','2025-02-03 12:00:00',3000.00,1,968,6,9,1),(969,'2025-05-11 21:11:19','2025-02-10 12:00:00','2025-02-10 12:00:00',3143.49,1,969,6,9,1),(970,'2025-05-11 21:16:29','2025-02-13 12:00:00','2025-02-13 12:00:00',89.99,1,970,2,5,1),(971,'2025-05-11 21:17:26','2025-02-17 12:00:00','2025-02-17 12:00:00',265.00,1,971,6,5,1),(972,'2025-05-11 21:20:27','2025-02-17 12:00:00','2025-02-17 12:00:00',18.00,1,972,6,5,1),(973,'2025-05-11 21:23:50','2025-02-18 12:00:00','2025-02-18 12:00:00',15.00,1,973,2,5,1),(974,'2025-05-11 21:24:38','2025-02-19 12:00:00','2025-02-19 12:00:00',4.00,1,974,2,5,1),(975,'2025-05-11 21:24:53','2025-02-20 12:00:00','2025-02-20 12:00:00',14.00,1,975,2,5,1),(976,'2025-05-11 21:43:05','2025-02-03 12:00:00','2025-02-03 12:00:00',23.70,1,976,6,5,1),(977,'2025-05-11 21:43:38','2025-02-07 12:00:00','2025-02-07 12:00:00',10.00,1,977,2,5,1),(978,'2025-05-11 21:47:53','2025-02-14 12:00:00','2025-02-14 12:00:00',37.50,1,978,6,5,1),(979,'2025-05-11 21:53:06','2025-02-19 12:00:00','2025-02-19 12:00:00',7.98,1,979,2,5,1),(980,'2025-05-11 21:56:13','2025-02-25 12:00:00','2025-02-25 12:00:00',14.90,1,980,2,5,1),(981,'2025-05-11 21:58:00','2025-02-03 12:00:00','2025-02-03 12:00:00',17.00,1,981,6,5,1),(982,'2025-05-11 21:59:42','2025-02-06 12:00:00','2025-02-06 12:00:00',49.98,1,982,6,5,1),(983,'2025-05-12 00:49:31','2025-02-10 12:00:00','2025-02-10 12:00:00',89.78,1,983,6,5,1),(984,'2025-05-12 00:49:54','2025-02-17 12:00:00','2025-02-17 12:00:00',6.00,1,984,2,5,1),(985,'2025-05-12 00:51:33','2025-02-10 12:00:00','2025-02-10 12:00:00',100.00,1,985,6,67,1),(986,'2025-05-12 00:53:59','2025-02-19 12:00:00','2025-02-19 12:00:00',5.90,1,986,2,5,1),(987,'2025-05-12 00:54:46','2025-02-25 12:00:00','2025-02-25 12:00:00',35.80,1,987,2,5,1),(988,'2025-05-13 22:10:07','2025-02-18 12:00:00','2025-02-18 12:00:00',7.50,1,988,2,5,1),(989,'2025-05-13 22:19:13','2025-02-19 12:00:00','2025-02-19 12:00:00',79.90,1,989,2,5,1),(990,'2025-05-13 22:22:05','2025-02-07 12:00:00','2025-02-07 12:00:00',6.00,1,990,6,63,1),(991,'2025-05-13 22:22:36','2025-02-07 12:00:00','2025-02-07 12:00:00',41.89,1,991,6,63,1),(992,'2025-05-13 22:28:58','2025-02-19 12:00:00','2025-02-19 12:00:00',20.00,1,992,6,5,1),(993,'2025-05-13 22:32:54','2025-02-26 12:00:00','2025-02-26 12:00:00',50.00,1,993,6,63,1),(994,'2025-05-13 22:33:33','2025-02-18 12:00:00','2025-02-18 12:00:00',180.00,1,994,6,63,1),(995,'2025-05-13 22:42:36','2025-02-01 12:00:00','2025-02-01 12:00:00',24278.78,1,995,5,7,1),(996,'2025-05-13 22:47:13','2025-02-06 12:00:00','2025-02-06 12:00:00',6.38,1,996,5,61,1),(997,'2025-05-13 22:47:30','2025-02-06 12:00:00','2025-02-06 12:00:00',18.71,1,997,5,61,1),(998,'2025-05-13 22:47:47','2025-02-07 12:00:00','2025-02-07 12:00:00',17.22,1,998,5,61,1),(999,'2025-05-13 22:48:02','2025-02-07 12:00:00','2025-02-07 12:00:00',50.97,1,999,5,61,1),(1000,'2025-05-13 22:49:12','2025-02-21 12:00:00','2025-02-21 12:00:00',13.97,1,1000,5,61,1),(1001,'2025-05-13 22:49:32','2025-02-21 12:00:00','2025-02-21 12:00:00',41.28,1,1001,5,61,1),(1002,'2025-05-13 22:49:53','2025-02-28 12:00:00','2025-02-28 12:00:00',2.12,1,1002,5,61,1),(1003,'2025-05-13 22:50:10','2025-02-28 12:00:00','2025-02-28 12:00:00',8.03,1,1003,5,61,1),(1004,'2025-05-13 22:50:26','2025-02-28 12:00:00','2025-02-28 12:00:00',0.69,1,1004,5,61,1),(1005,'2025-05-13 22:50:42','2025-02-28 12:00:00','2025-02-28 12:00:00',2.61,1,1005,5,61,1),(1006,'2025-05-13 23:12:05','2025-02-28 12:00:00','2025-02-28 12:00:00',384.62,1,1006,6,7,1),(1007,'2025-05-13 23:17:56','2025-02-19 12:00:00','2025-02-19 12:00:00',170.00,1,1007,7,12,1),(1008,'2025-05-13 23:17:56','2025-02-16 12:00:00','2025-02-16 12:00:00',24.58,1,1008,7,12,1),(1009,'2025-05-13 23:17:56','2025-02-13 12:00:00','2025-02-13 12:00:00',23.00,1,1009,7,12,1),(1010,'2025-05-13 23:17:56','2025-02-12 12:00:00','2025-02-12 12:00:00',391.49,1,1010,7,12,1),(1011,'2025-05-13 23:17:56','2025-02-08 12:00:00','2025-02-08 12:00:00',64.52,1,1011,7,12,1),(1012,'2025-05-13 23:17:56','2025-02-04 12:00:00','2025-02-04 12:00:00',654.98,1,1012,7,12,1),(1013,'2025-05-13 23:17:56','2025-02-02 12:00:00','2025-02-02 12:00:00',43.20,1,1013,7,12,1),(1014,'2025-05-13 23:17:56','2025-02-01 12:00:00','2025-02-01 12:00:00',224.33,1,1014,7,12,1),(1015,'2025-05-13 23:17:56','2025-02-01 12:00:00','2025-02-01 12:00:00',34.93,1,1015,7,12,1),(1016,'2025-05-13 23:18:40','2025-02-15 12:00:00','2025-02-15 12:00:00',23.62,1,1016,7,12,1),(1017,'2025-05-13 23:21:47','2025-02-01 12:00:00','2025-02-01 12:00:00',1656.39,1,1017,7,14,1),(1018,'2025-05-13 23:27:12','2025-02-16 12:00:00','2025-02-16 12:00:00',10.00,1,1018,8,13,1),(1019,'2025-05-13 23:27:12','2025-02-15 12:00:00','2025-02-15 12:00:00',38.90,1,1019,8,13,1),(1020,'2025-05-13 23:27:12','2025-02-10 12:00:00','2025-02-10 12:00:00',10.50,1,1020,8,13,1),(1021,'2025-05-13 23:27:12','2025-02-09 12:00:00','2025-02-09 12:00:00',2.99,1,1021,8,13,1),(1022,'2025-05-13 23:27:12','2025-02-07 12:00:00','2025-02-07 12:00:00',3.49,1,1022,8,13,1),(1023,'2025-05-13 23:27:12','2025-02-07 12:00:00','2025-02-07 12:00:00',63.89,1,1023,8,13,1),(1024,'2025-05-13 23:27:12','2025-02-07 12:00:00','2025-02-07 12:00:00',13.00,1,1024,8,13,1),(1025,'2025-05-13 23:27:13','2025-02-07 12:00:00','2025-02-07 12:00:00',49.90,1,1025,8,13,1),(1026,'2025-05-13 23:27:13','2025-02-07 12:00:00','2025-02-07 12:00:00',64.37,1,1026,8,13,1),(1027,'2025-05-13 23:27:13','2025-02-07 12:00:00','2025-02-07 12:00:00',12.90,1,1027,8,13,1),(1028,'2025-05-13 23:27:13','2025-02-04 12:00:00','2025-02-04 12:00:00',54.67,1,1028,8,13,1),(1029,'2025-05-13 23:27:13','2025-02-04 12:00:00','2025-02-04 12:00:00',8.50,1,1029,8,13,1),(1030,'2025-05-13 23:27:13','2025-02-01 12:00:00','2025-02-01 12:00:00',23.40,1,1030,8,13,1),(1031,'2025-05-13 23:27:13','2025-02-01 12:00:00','2025-02-01 12:00:00',24.99,1,1031,8,13,1),(1032,'2025-05-13 23:27:13','2025-02-01 12:00:00','2025-02-01 12:00:00',252.92,1,1032,8,13,1),(1033,'2025-05-13 23:27:13','2025-02-01 12:00:00','2025-02-01 12:00:00',19.00,1,1033,8,13,1),(1034,'2025-05-13 23:28:46','2025-02-01 12:00:00','2025-02-01 12:00:00',23.50,1,1034,3,13,1),(1035,'2025-05-13 23:29:06','2025-02-01 12:00:00','2025-02-01 12:00:00',9.99,1,1035,3,13,1),(1036,'2025-05-13 23:29:37','2025-02-01 12:00:00','2025-02-01 12:00:00',29.78,1,1036,3,13,1),(1037,'2025-05-13 23:30:02','2025-02-01 12:00:00','2025-02-01 12:00:00',21.00,1,1037,3,13,1),(1038,'2025-05-13 23:30:21','2025-02-04 12:00:00','2025-02-04 12:00:00',25.00,1,1038,3,13,1),(1039,'2025-05-13 23:34:03','2025-02-08 12:00:00','2025-02-08 12:00:00',10.50,1,1039,3,13,1),(1040,'2025-05-13 23:34:47','2025-02-08 12:00:00','2025-02-08 12:00:00',41.00,1,1040,3,13,1),(1041,'2025-05-13 23:35:23','2025-02-09 12:00:00','2025-02-09 12:00:00',34.80,1,1041,3,13,1),(1042,'2025-05-13 23:36:45','2025-02-10 12:00:00','2025-02-10 12:00:00',44.00,1,1042,3,13,1),(1043,'2025-05-14 21:28:30','2025-02-01 12:00:00','2025-02-01 12:00:00',16.17,1,1043,8,13,1),(1044,'2025-05-14 21:28:47','2025-02-01 12:00:00','2025-02-01 12:00:00',20.34,1,1044,8,13,1),(1045,'2025-05-14 21:29:07','2025-02-01 12:00:00','2025-02-01 12:00:00',23.11,1,1045,8,13,1),(1046,'2025-05-14 21:29:29','2025-02-05 12:00:00','2025-02-05 12:00:00',12.62,1,1046,8,13,1),(1047,'2025-05-14 21:29:45','2025-02-05 12:00:00','2025-02-05 12:00:00',26.00,1,1047,8,13,1),(1048,'2025-05-14 21:30:07','2025-02-07 12:00:00','2025-02-07 12:00:00',29.00,1,1048,8,13,1),(1049,'2025-05-14 21:30:31','2025-02-08 12:00:00','2025-02-08 12:00:00',4.00,1,1049,8,13,1),(1050,'2025-05-14 21:30:50','2025-02-09 12:00:00','2025-02-09 12:00:00',37.47,1,1050,8,13,1),(1051,'2025-05-14 21:31:02','2025-02-09 12:00:00','2025-02-09 12:00:00',29.85,1,1051,8,13,1),(1052,'2025-05-14 21:32:20','2025-02-01 12:00:00','2025-02-01 12:00:00',2629.00,1,1052,8,15,1),(1053,'2025-05-14 21:37:26','2025-02-04 12:00:00','2025-02-04 12:00:00',1374.05,1,1053,8,13,1),(1054,'2025-05-14 21:42:49','2025-02-07 12:00:00','2025-02-07 12:00:00',94.00,1,1054,8,13,1),(1055,'2025-05-14 21:43:12','2025-02-08 12:00:00','2025-02-08 12:00:00',20.00,1,1055,8,13,1),(1056,'2025-05-14 21:43:39','2025-02-08 12:00:00','2025-02-08 12:00:00',29.40,1,1056,8,13,1),(1057,'2025-05-14 21:43:58','2025-02-01 12:00:00','2025-02-01 12:00:00',20.00,1,1057,8,13,1),(1058,'2025-05-18 19:58:03','2025-02-17 12:00:00','2025-02-17 12:00:00',27.99,1,1058,3,78,1),(1059,'2025-05-18 20:00:02','2025-02-17 12:00:00','2025-02-17 12:00:00',71.99,1,1059,3,78,1),(1060,'2025-05-18 20:00:59','2025-02-17 12:00:00','2025-02-17 12:00:00',75.00,1,1060,3,78,1),(1061,'2025-05-18 20:01:51','2025-02-17 12:00:00','2025-02-17 12:00:00',248.05,1,1061,3,78,1),(1062,'2025-05-18 20:03:43','2025-02-17 12:00:00','2025-02-17 12:00:00',43.90,1,1062,3,78,1),(1063,'2025-05-18 20:04:38','2025-02-17 12:00:00','2025-02-17 12:00:00',34.99,1,1063,3,78,1),(1064,'2025-05-18 20:05:31','2025-02-17 12:00:00','2025-02-17 12:00:00',99.15,1,1064,3,78,1),(1065,'2025-05-18 20:06:18','2025-02-17 12:00:00','2025-02-17 12:00:00',279.16,1,1065,3,78,1),(1066,'2025-05-18 20:06:46','2025-02-17 12:00:00','2025-02-17 12:00:00',16.79,1,1066,3,78,1),(1067,'2025-05-18 20:07:41','2025-02-17 12:00:00','2025-02-17 12:00:00',73.10,1,1067,3,78,1),(1068,'2025-05-18 20:09:40','2025-02-17 12:00:00','2025-02-17 12:00:00',200.00,1,1068,3,78,1),(1069,'2025-05-18 20:12:28','2025-02-17 12:00:00','2025-02-17 12:00:00',29.85,1,1069,3,78,1),(1070,'2025-05-18 20:13:15','2025-02-17 12:00:00','2025-02-17 12:00:00',59.85,1,1070,3,78,1),(1071,'2025-05-18 20:13:46','2025-02-17 12:00:00','2025-02-17 12:00:00',52.00,1,1071,3,78,1),(1072,'2025-05-18 20:15:40','2025-02-17 12:00:00','2025-02-17 12:00:00',89.90,1,1072,3,78,1),(1073,'2025-05-18 20:18:21','2025-02-17 12:00:00','2025-02-17 12:00:00',25.00,1,1073,3,78,1),(1074,'2025-05-18 20:18:48','2025-02-17 12:00:00','2025-02-17 12:00:00',29.90,1,1074,3,78,1),(1075,'2025-05-18 20:19:45','2025-02-17 12:00:00','2025-02-17 12:00:00',18.50,1,1075,3,78,1),(1076,'2025-05-18 20:20:13','2025-02-17 12:00:00','2025-02-17 12:00:00',1.90,1,1076,3,78,1),(1077,'2025-05-18 20:23:46','2025-02-17 12:00:00','2025-02-17 12:00:00',76.00,1,1077,3,78,1),(1078,'2025-05-18 20:24:37','2025-02-17 12:00:00','2025-02-17 12:00:00',87.90,1,1078,3,78,1),(1079,'2025-05-18 20:25:13','2025-02-17 12:00:00','2025-02-17 12:00:00',83.96,1,1079,3,78,1),(1080,'2025-06-05 13:34:57','2025-03-10 12:00:00','2025-03-10 12:00:00',14.50,1,1080,6,5,1),(1081,'2025-06-05 13:34:57','2025-03-10 12:00:00','2025-03-10 12:00:00',527.85,1,1081,2,5,1),(1082,'2025-06-05 13:34:57','2025-03-10 12:00:00','2025-03-10 12:00:00',288.65,1,1082,2,5,1),(1083,'2025-06-05 13:34:57','2025-03-10 12:00:00','2025-03-10 12:00:00',94.90,1,1083,2,5,1),(1084,'2025-06-05 13:34:57','2025-03-11 12:00:00','2025-03-11 12:00:00',58.05,1,1084,2,5,1),(1085,'2025-06-05 13:34:57','2025-03-11 12:00:00','2025-03-11 12:00:00',3.63,1,1085,2,5,1),(1086,'2025-06-05 13:34:57','2025-03-12 12:00:00','2025-03-12 12:00:00',79.90,1,1086,2,5,1),(1087,'2025-06-05 13:34:57','2025-03-13 12:00:00','2025-03-13 12:00:00',248.05,1,1087,2,5,1),(1088,'2025-06-05 13:34:58','2025-03-13 12:00:00','2025-03-13 12:00:00',1657.15,1,1088,2,5,1),(1089,'2025-06-05 13:34:58','2025-03-17 12:00:00','2025-03-17 12:00:00',10.50,1,1089,2,5,1),(1090,'2025-06-05 13:34:58','2025-03-17 12:00:00','2025-03-17 12:00:00',8.27,1,1090,2,5,1),(1091,'2025-06-05 13:34:58','2025-03-17 12:00:00','2025-03-17 12:00:00',30.00,1,1091,2,5,1),(1092,'2025-06-05 13:34:58','2025-03-17 12:00:00','2025-03-17 12:00:00',14.50,1,1092,6,5,1),(1093,'2025-06-05 13:34:58','2025-03-20 12:00:00','2025-03-20 12:00:00',44.90,1,1093,2,5,1),(1094,'2025-06-05 13:34:58','2025-03-21 12:00:00','2025-03-21 12:00:00',8.50,1,1094,2,5,1),(1095,'2025-06-05 13:34:58','2025-03-24 12:00:00','2025-03-24 12:00:00',27.76,1,1095,2,5,1),(1096,'2025-06-05 13:34:58','2025-03-24 12:00:00','2025-03-24 12:00:00',8.50,1,1096,2,5,1),(1097,'2025-06-05 13:34:58','2025-03-24 12:00:00','2025-03-24 12:00:00',14.50,1,1097,6,5,1),(1098,'2025-06-05 13:34:58','2025-03-26 12:00:00','2025-03-26 12:00:00',30.89,1,1098,2,5,1),(1099,'2025-06-05 13:34:58','2025-03-27 12:00:00','2025-03-27 12:00:00',10.50,1,1099,2,5,1),(1100,'2025-06-05 13:34:59','2025-03-27 12:00:00','2025-03-27 12:00:00',48.96,1,1100,2,5,1),(1101,'2025-06-05 13:34:59','2025-03-27 12:00:00','2025-03-27 12:00:00',48.46,1,1101,2,5,1),(1102,'2025-06-05 13:34:59','2025-03-27 12:00:00','2025-03-27 12:00:00',48.60,1,1102,2,5,1),(1103,'2025-06-05 13:34:59','2025-03-28 12:00:00','2025-03-28 12:00:00',27.50,1,1103,6,5,1),(1104,'2025-06-05 13:34:59','2025-03-31 12:00:00','2025-03-31 12:00:00',14.50,1,1104,6,5,1),(1105,'2025-06-05 13:56:08','2025-03-01 12:00:00','2025-03-01 12:00:00',306.90,1,1105,5,5,1),(1106,'2025-06-05 13:56:42','2025-03-05 12:00:00','2025-03-05 12:00:00',20.00,1,1106,2,5,1),(1107,'2025-06-05 13:57:01','2025-03-05 12:00:00','2025-03-05 12:00:00',51.00,1,1107,2,5,1),(1108,'2025-06-05 13:57:36','2025-03-17 12:00:00','2025-03-17 12:00:00',101.09,1,1108,2,5,1),(1109,'2025-06-05 13:57:56','2025-03-21 12:00:00','2025-03-21 12:00:00',2.04,1,1109,2,5,1),(1110,'2025-06-05 13:58:29','2025-03-28 12:00:00','2025-03-28 12:00:00',68.14,1,1110,2,5,1),(1111,'2025-06-05 13:58:55','2025-03-31 12:00:00','2025-03-31 12:00:00',29.00,1,1111,6,5,1),(1112,'2025-06-05 13:59:44','2025-03-05 12:00:00','2025-03-05 12:00:00',21.00,1,1112,2,5,1),(1113,'2025-06-05 14:00:01','2025-03-05 12:00:00','2025-03-05 12:00:00',76.50,1,1113,2,5,1),(1114,'2025-06-05 14:01:07','2025-03-10 12:00:00','2025-03-10 12:00:00',1032.62,1,1114,2,5,1),(1115,'2025-06-05 14:01:39','2025-03-21 12:00:00','2025-03-21 12:00:00',135.00,1,1115,6,5,1),(1116,'2025-06-05 14:02:03','2025-03-24 12:00:00','2025-03-24 12:00:00',4.49,1,1116,2,5,1),(1117,'2025-06-05 14:03:05','2025-03-25 12:00:00','2025-03-25 12:00:00',14.90,1,1117,2,5,1),(1118,'2025-06-06 13:12:40','2025-03-07 12:00:00','2025-03-07 12:00:00',38.00,1,1118,2,5,1),(1119,'2025-06-06 13:14:41','2025-03-10 12:00:00','2025-03-10 12:00:00',5889.16,1,1119,6,9,1),(1120,'2025-06-06 13:18:40','2025-03-10 12:00:00','2025-03-10 12:00:00',306.90,1,1120,5,5,1),(1121,'2025-06-06 13:25:50','2025-03-05 12:00:00','2025-03-05 12:00:00',5.00,1,1121,6,5,1),(1122,'2025-06-06 13:33:23','2025-03-13 12:00:00','2025-03-13 12:00:00',20.78,1,1122,6,5,1),(1123,'2025-06-06 13:36:55','2025-03-17 12:00:00','2025-03-17 12:00:00',146.23,1,1123,6,5,1),(1124,'2025-06-06 13:38:21','2025-03-31 12:00:00','2025-03-31 12:00:00',4.00,1,1124,2,5,1),(1125,'2025-06-06 13:41:50','2025-03-24 12:00:00','2025-03-24 12:00:00',69.99,1,1125,2,5,1),(1126,'2025-06-06 13:43:53','2025-03-24 12:00:00','2025-03-24 12:00:00',40.00,1,1126,2,5,1),(1127,'2025-06-06 13:45:20','2025-03-31 12:00:00','2025-03-31 12:00:00',79.99,1,1127,2,5,1),(1128,'2025-06-06 13:46:07','2025-03-05 12:00:00','2025-03-05 12:00:00',50.00,1,1128,2,5,1),(1129,'2025-06-06 13:46:37','2025-03-10 12:00:00','2025-03-10 12:00:00',26.90,1,1129,2,5,1),(1130,'2025-06-06 13:47:25','2025-03-25 12:00:00','2025-03-25 12:00:00',58.30,1,1130,2,5,1),(1131,'2025-06-06 13:48:30','2025-03-07 12:00:00','2025-03-07 12:00:00',77.50,1,1131,6,63,1),(1132,'2025-06-06 13:51:51','2025-03-31 12:00:00','2025-03-31 12:00:00',80.00,1,1132,2,5,1),(1133,'2025-06-06 13:52:24','2025-03-17 12:00:00','2025-03-17 12:00:00',60.00,1,1133,6,5,1),(1134,'2025-06-06 13:54:24','2025-03-25 12:00:00','2025-03-25 12:00:00',44.90,1,1134,2,63,1),(1135,'2025-06-07 11:12:28','2025-03-06 12:00:00','2025-03-06 12:00:00',2.77,1,1135,5,61,1),(1136,'2025-06-07 11:12:28','2025-03-06 12:00:00','2025-03-06 12:00:00',18.81,1,1136,5,61,1),(1137,'2025-06-07 11:12:28','2025-03-07 12:00:00','2025-03-07 12:00:00',7.57,1,1137,5,61,1),(1138,'2025-06-07 11:12:28','2025-03-07 12:00:00','2025-03-07 12:00:00',51.27,1,1138,5,61,1),(1139,'2025-06-07 11:12:28','2025-03-21 12:00:00','2025-03-21 12:00:00',5.89,1,1139,5,61,1),(1140,'2025-06-07 11:12:28','2025-03-21 12:00:00','2025-03-21 12:00:00',39.59,1,1140,5,61,1),(1141,'2025-06-07 11:12:29','2025-03-31 12:00:00','2025-03-31 12:00:00',0.57,1,1141,5,61,1),(1142,'2025-06-07 11:12:29','2025-03-31 12:00:00','2025-03-31 12:00:00',2.63,1,1142,5,61,1),(1143,'2025-06-07 11:15:46','2025-03-10 12:00:00','2025-03-10 12:00:00',373.99,1,1143,6,7,1),(1144,'2025-06-07 11:16:46','2025-03-01 12:00:00','2025-03-01 12:00:00',24056.14,1,1144,5,7,1),(1145,'2025-06-07 11:21:50','2025-03-26 12:00:00','2025-03-26 12:00:00',43.59,1,1145,7,12,1),(1146,'2025-06-07 11:21:50','2025-03-19 12:00:00','2025-03-19 12:00:00',151.28,1,1146,7,12,1),(1147,'2025-06-07 11:21:50','2025-03-15 12:00:00','2025-03-15 12:00:00',51.57,1,1147,7,12,1),(1148,'2025-06-07 11:21:50','2025-03-14 12:00:00','2025-03-14 12:00:00',10.78,1,1148,7,12,1),(1149,'2025-06-07 11:21:50','2025-03-13 12:00:00','2025-03-13 12:00:00',3.47,1,1149,7,12,1),(1150,'2025-06-07 11:21:50','2025-03-12 12:00:00','2025-03-12 12:00:00',57.10,1,1150,7,12,1),(1151,'2025-06-07 11:21:51','2025-03-11 12:00:00','2025-03-11 12:00:00',634.69,1,1151,7,12,1),(1152,'2025-06-07 11:21:51','2025-03-10 12:00:00','2025-03-10 12:00:00',46.75,1,1152,7,12,1),(1153,'2025-06-07 11:21:51','2025-03-09 12:00:00','2025-03-09 12:00:00',61.14,1,1153,7,12,1),(1154,'2025-06-07 11:21:51','2025-03-01 12:00:00','2025-03-01 12:00:00',23.00,1,1154,7,12,1),(1155,'2025-06-07 11:24:34','2025-03-01 12:00:00','2025-03-01 12:00:00',141.41,1,1155,7,12,1),(1156,'2025-06-07 11:25:00','2025-03-23 12:00:00','2025-03-23 12:00:00',58.47,1,1156,7,12,1),(1157,'2025-06-07 11:29:49','2025-03-09 12:00:00','2025-03-09 12:00:00',27.12,1,1157,7,12,1),(1158,'2025-06-07 11:31:00','2025-03-01 12:00:00','2025-03-01 12:00:00',1656.39,1,1158,7,14,1),(1159,'2025-06-07 11:32:04','2025-03-01 12:00:00','2025-03-01 12:00:00',1.74,1,1159,5,12,1),(1160,'2025-06-07 11:32:24','2025-03-01 12:00:00','2025-03-01 12:00:00',188.96,1,1160,7,12,1),(1161,'2025-06-07 11:36:25','2025-03-01 12:00:00','2025-03-01 12:00:00',158.80,1,1161,7,12,1),(1162,'2025-06-09 12:45:30','2025-03-21 12:00:00','2025-03-21 12:00:00',56.24,1,1162,8,13,1),(1163,'2025-06-09 12:45:30','2025-03-19 12:00:00','2025-03-19 12:00:00',58.58,1,1163,8,13,1),(1164,'2025-06-09 12:45:30','2025-03-19 12:00:00','2025-03-19 12:00:00',36.20,1,1164,8,13,1),(1165,'2025-06-09 12:45:30','2025-03-18 12:00:00','2025-03-18 12:00:00',23.00,1,1165,8,13,1),(1166,'2025-06-09 12:45:30','2025-03-17 12:00:00','2025-03-17 12:00:00',26.00,1,1166,8,13,1),(1167,'2025-06-09 12:45:31','2025-03-17 12:00:00','2025-03-17 12:00:00',9.59,1,1167,8,13,1),(1168,'2025-06-09 12:45:31','2025-03-14 12:00:00','2025-03-14 12:00:00',56.89,1,1168,8,13,1),(1169,'2025-06-09 12:45:31','2025-03-14 12:00:00','2025-03-14 12:00:00',0.00,1,1169,8,13,1),(1170,'2025-06-09 12:45:31','2025-03-13 12:00:00','2025-03-13 12:00:00',35.00,1,1170,8,13,1),(1171,'2025-06-09 12:45:31','2025-03-12 12:00:00','2025-03-12 12:00:00',52.99,1,1171,8,13,1),(1172,'2025-06-09 12:45:31','2025-03-11 12:00:00','2025-03-11 12:00:00',8.50,1,1172,8,13,1),(1173,'2025-06-09 12:45:31','2025-03-10 12:00:00','2025-03-10 12:00:00',8.50,1,1173,8,13,1),(1174,'2025-06-09 12:45:31','2025-03-09 12:00:00','2025-03-09 12:00:00',55.86,1,1174,8,13,1),(1175,'2025-06-09 12:45:31','2025-03-07 12:00:00','2025-03-07 12:00:00',12.90,1,1175,8,13,1),(1176,'2025-06-09 12:45:31','2025-03-01 12:00:00','2025-03-01 12:00:00',43.36,1,1176,8,13,1),(1177,'2025-06-09 12:46:41','2025-03-01 12:00:00','2025-03-01 12:00:00',70.00,1,1177,8,13,1),(1178,'2025-06-09 12:46:58','2025-03-01 12:00:00','2025-03-01 12:00:00',20.00,1,1178,8,13,1),(1179,'2025-06-09 12:47:46','2025-03-01 12:00:00','2025-03-01 12:00:00',54.29,1,1179,8,13,1),(1180,'2025-06-09 12:48:23','2025-03-07 12:00:00','2025-03-07 12:00:00',93.00,1,1180,8,13,1),(1181,'2025-06-09 12:57:22','2025-03-01 12:00:00','2025-03-01 12:00:00',30.00,1,1181,8,13,1),(1182,'2025-06-09 12:58:02','2025-03-07 12:00:00','2025-03-07 12:00:00',23.00,1,1182,8,13,1),(1183,'2025-06-09 12:58:21','2025-03-09 12:00:00','2025-03-09 12:00:00',38.89,1,1183,8,13,1),(1184,'2025-06-09 12:58:43','2025-03-13 12:00:00','2025-03-13 12:00:00',26.34,1,1184,8,13,1),(1185,'2025-06-09 12:59:07','2025-03-16 12:00:00','2025-03-16 12:00:00',48.99,1,1185,8,13,1),(1186,'2025-06-09 12:59:27','2025-03-17 12:00:00','2025-03-17 12:00:00',23.59,1,1186,8,13,1),(1187,'2025-06-09 12:59:57','2025-03-18 12:00:00','2025-03-18 12:00:00',45.93,1,1187,8,13,1),(1188,'2025-06-09 13:00:18','2025-03-21 12:00:00','2025-03-21 12:00:00',38.91,1,1188,8,13,1),(1189,'2025-06-09 13:03:27','2025-03-01 12:00:00','2025-03-01 12:00:00',1374.05,1,1189,8,13,1),(1190,'2025-06-09 13:04:18','2025-03-01 12:00:00','2025-03-01 12:00:00',2629.00,1,1190,8,15,1),(1191,'2025-06-09 13:08:21','2025-03-16 12:00:00','2025-03-16 12:00:00',51.48,1,1191,8,13,1),(1192,'2025-06-09 13:09:04','2025-03-16 12:00:00','2025-03-16 12:00:00',83.47,1,1192,8,13,1),(1193,'2025-06-09 13:10:40','2025-03-01 12:00:00','2025-03-01 12:00:00',47.00,1,1193,8,13,1),(1194,'2025-06-09 13:11:30','2025-03-03 12:00:00','2025-03-03 12:00:00',30.80,1,1194,8,13,1),(1195,'2025-06-09 13:12:43','2025-03-15 12:00:00','2025-03-15 12:00:00',20.00,1,1195,8,13,1),(1196,'2025-06-09 13:14:51','2025-03-01 12:00:00','2025-03-01 12:00:00',20.00,1,1196,8,13,1),(1197,'2025-06-11 12:00:30','2025-03-13 12:00:00','2025-03-13 12:00:00',32.84,1,1197,3,78,1),(1198,'2025-06-11 12:00:30','2025-03-13 12:00:00','2025-03-13 12:00:00',27.99,1,1198,3,78,1),(1199,'2025-06-11 12:02:52','2025-03-13 12:00:00','2025-03-13 12:00:00',71.99,1,1199,3,78,1),(1200,'2025-06-11 12:06:09','2025-03-13 12:00:00','2025-03-13 12:00:00',200.00,1,1200,3,78,1),(1201,'2025-06-11 12:07:36','2025-03-13 12:00:00','2025-03-13 12:00:00',43.90,1,1201,3,78,1),(1202,'2025-06-11 12:08:28','2025-03-13 12:00:00','2025-03-13 12:00:00',34.99,1,1202,3,78,1),(1203,'2025-06-11 12:09:26','2025-03-13 12:00:00','2025-03-13 12:00:00',99.15,1,1203,3,78,1),(1204,'2025-06-11 12:11:08','2025-03-13 12:00:00','2025-03-13 12:00:00',279.16,1,1204,3,78,1),(1205,'2025-06-11 12:12:54','2025-03-13 12:00:00','2025-03-13 12:00:00',29.58,1,1205,3,78,1),(1206,'2025-06-11 12:17:05','2025-03-13 12:00:00','2025-03-13 12:00:00',26.90,1,1206,3,78,1),(1207,'2025-06-11 12:17:33','2025-03-13 12:00:00','2025-03-13 12:00:00',8.00,1,1207,3,78,1),(1208,'2025-06-11 12:18:53','2025-03-13 12:00:00','2025-03-13 12:00:00',89.90,1,1208,3,78,1),(1209,'2025-06-11 12:19:18','2025-03-13 12:00:00','2025-03-13 12:00:00',25.59,1,1209,3,78,1),(1210,'2025-06-11 12:20:19','2025-03-13 12:00:00','2025-03-13 12:00:00',62.93,1,1210,3,78,1),(1211,'2025-06-11 12:22:01','2025-03-13 12:00:00','2025-03-13 12:00:00',248.05,1,1211,3,78,1),(1212,'2025-06-11 12:22:59','2025-03-13 12:00:00','2025-03-13 12:00:00',29.90,1,1212,3,78,1),(1213,'2025-06-11 12:32:24','2025-03-13 12:00:00','2025-03-13 12:00:00',35.00,1,1213,3,78,1),(1214,'2025-06-11 12:32:49','2025-03-13 12:00:00','2025-03-13 12:00:00',15.00,1,1214,3,78,1),(1215,'2025-06-11 12:38:33','2025-03-13 12:00:00','2025-03-13 12:00:00',69.98,1,1215,3,78,1),(1216,'2025-06-11 12:38:49','2025-03-13 12:00:00','2025-03-13 12:00:00',34.13,1,1216,3,78,1),(1217,'2025-06-11 13:00:59','2025-03-13 12:00:00','2025-03-13 12:00:00',124.67,1,1217,3,78,1),(1218,'2025-06-11 13:01:21','2025-03-13 12:00:00','2025-03-13 12:00:00',67.50,1,1218,3,78,1),(1219,'2025-06-17 10:46:39','2025-04-02 12:00:00','2025-04-02 12:00:00',2.50,1,1219,2,5,1),(1220,'2025-06-17 10:46:39','2025-04-02 12:00:00','2025-04-02 12:00:00',19.29,1,1220,2,5,1),(1221,'2025-06-17 10:46:39','2025-04-03 12:00:00','2025-04-03 12:00:00',256.17,1,1221,2,5,1),(1222,'2025-06-17 10:46:39','2025-04-03 12:00:00','2025-04-03 12:00:00',15.92,1,1222,2,5,1),(1223,'2025-06-17 10:46:39','2025-04-03 12:00:00','2025-04-03 12:00:00',14.50,1,1223,6,5,1),(1224,'2025-06-17 10:46:40','2025-04-07 12:00:00','2025-04-07 12:00:00',8.50,1,1224,2,5,1),(1225,'2025-06-17 10:46:40','2025-04-07 12:00:00','2025-04-07 12:00:00',1216.54,1,1225,2,5,1),(1226,'2025-06-17 10:46:40','2025-04-07 12:00:00','2025-04-07 12:00:00',230.00,1,1226,2,5,1),(1227,'2025-06-17 10:46:40','2025-04-08 12:00:00','2025-04-08 12:00:00',8.50,1,1227,2,5,1),(1228,'2025-06-17 10:46:40','2025-04-10 12:00:00','2025-04-10 12:00:00',527.85,1,1228,2,5,1),(1229,'2025-06-17 10:46:40','2025-04-10 12:00:00','2025-04-10 12:00:00',94.90,1,1229,2,5,1),(1230,'2025-06-17 10:46:40','2025-04-11 12:00:00','2025-04-11 12:00:00',14.50,1,1230,6,5,1),(1231,'2025-06-17 10:46:40','2025-04-14 12:00:00','2025-04-14 12:00:00',2131.27,1,1231,2,5,1),(1232,'2025-06-17 10:46:41','2025-04-14 12:00:00','2025-04-14 12:00:00',86.20,1,1232,2,5,1),(1233,'2025-06-17 10:46:41','2025-04-15 12:00:00','2025-04-15 12:00:00',59.96,1,1233,2,5,1),(1234,'2025-06-17 10:46:41','2025-04-15 12:00:00','2025-04-15 12:00:00',30.00,1,1234,2,5,1),(1235,'2025-06-17 10:46:41','2025-04-16 12:00:00','2025-04-16 12:00:00',14.50,1,1235,6,5,1),(1236,'2025-06-17 10:46:41','2025-04-22 12:00:00','2025-04-22 12:00:00',150.00,1,1236,2,5,1),(1237,'2025-06-17 10:46:41','2025-04-22 12:00:00','2025-04-22 12:00:00',8.50,1,1237,2,5,1),(1238,'2025-06-17 10:46:41','2025-04-22 12:00:00','2025-04-22 12:00:00',51.79,1,1238,2,5,1),(1239,'2025-06-17 10:46:41','2025-04-24 12:00:00','2025-04-24 12:00:00',14.50,1,1239,6,5,1),(1240,'2025-06-17 10:46:41','2025-04-25 12:00:00','2025-04-25 12:00:00',23.00,1,1240,2,5,1),(1241,'2025-06-17 10:46:41','2025-04-25 12:00:00','2025-04-25 12:00:00',44.77,1,1241,2,5,1),(1242,'2025-06-17 10:46:41','2025-04-30 12:00:00','2025-04-30 12:00:00',14.50,1,1242,6,5,1),(1243,'2025-06-17 10:50:59','2025-04-01 12:00:00','2025-04-01 12:00:00',407.07,1,1243,5,5,1),(1244,'2025-06-17 10:54:00','2025-04-04 12:00:00','2025-04-04 12:00:00',150.00,1,1244,2,5,1),(1245,'2025-06-17 10:54:18','2025-04-04 12:00:00','2025-04-04 12:00:00',10.00,1,1245,2,5,1),(1246,'2025-06-17 10:58:22','2025-04-07 12:00:00','2025-04-07 12:00:00',125.62,1,1246,2,5,1),(1247,'2025-06-17 11:09:06','2025-04-01 12:00:00','2025-04-01 12:00:00',3000.00,1,1247,6,9,1),(1248,'2025-06-17 11:09:45','2025-04-07 12:00:00','2025-04-07 12:00:00',3126.99,1,1248,6,9,1),(1249,'2025-06-17 11:10:24','2025-04-09 12:00:00','2025-04-09 12:00:00',50.25,1,1249,2,5,1),(1250,'2025-06-17 12:47:24','2025-04-01 12:00:00','2025-04-01 12:00:00',407.07,1,1250,5,5,1),(1251,'2025-06-17 12:51:38','2025-04-01 12:00:00','2025-04-01 12:00:00',26.93,1,1251,6,5,1),(1252,'2025-06-17 13:06:43','2025-04-01 12:00:00','2025-04-01 12:00:00',7.00,1,1252,6,5,1),(1253,'2025-06-17 13:10:28','2025-04-04 12:00:00','2025-04-04 12:00:00',50.00,1,1253,6,5,1),(1254,'2025-06-17 13:12:00','2025-04-04 12:00:00','2025-04-04 12:00:00',80.00,1,1254,6,5,1),(1255,'2025-06-17 13:13:49','2025-04-09 12:00:00','2025-04-09 12:00:00',64.80,1,1255,6,5,1),(1256,'2025-06-17 13:15:07','2025-04-10 12:00:00','2025-04-10 12:00:00',112.00,1,1256,6,5,1),(1257,'2025-06-17 13:16:07','2025-04-10 12:00:00','2025-04-10 12:00:00',238.29,1,1257,6,5,1),(1258,'2025-06-17 13:17:21','2025-04-11 12:00:00','2025-04-11 12:00:00',33.65,1,1258,6,5,1),(1259,'2025-06-17 13:17:42','2025-04-14 12:00:00','2025-04-14 12:00:00',66.00,1,1259,2,5,1),(1260,'2025-06-17 13:18:04','2025-04-14 12:00:00','2025-04-14 12:00:00',38.00,1,1260,6,5,1),(1261,'2025-06-17 13:19:22','2025-04-14 12:00:00','2025-04-14 12:00:00',20.00,1,1261,6,5,1),(1262,'2025-06-17 13:21:24','2025-04-14 12:00:00','2025-04-14 12:00:00',30.00,1,1262,6,5,1),(1263,'2025-06-17 13:21:45','2025-04-15 12:00:00','2025-04-15 12:00:00',32.62,1,1263,2,5,1),(1264,'2025-06-17 13:22:07','2025-04-22 12:00:00','2025-04-22 12:00:00',59.80,1,1264,2,5,1),(1265,'2025-06-17 13:22:57','2025-04-25 12:00:00','2025-04-25 12:00:00',38.39,1,1265,2,5,1),(1266,'2025-06-17 13:23:19','2025-04-25 12:00:00','2025-04-25 12:00:00',50.00,1,1266,6,5,1),(1267,'2025-06-17 13:24:40','2025-04-25 12:00:00','2025-04-25 12:00:00',14.90,1,1267,2,5,1),(1268,'2025-06-18 10:51:50','2025-04-14 12:00:00','2025-04-14 12:00:00',65.70,1,1268,2,5,1),(1269,'2025-06-18 10:54:18','2025-04-16 12:00:00','2025-04-16 12:00:00',40.00,1,1269,6,5,1),(1270,'2025-06-18 10:55:12','2025-04-23 12:00:00','2025-04-23 12:00:00',30.00,1,1270,6,5,1),(1271,'2025-06-18 10:58:09','2025-04-23 12:00:00','2025-04-23 12:00:00',8.98,1,1271,6,5,1),(1272,'2025-06-18 10:59:22','2025-04-25 12:00:00','2025-04-25 12:00:00',8.50,1,1272,2,5,1),(1273,'2025-06-18 11:04:18','2025-04-03 12:00:00','2025-04-03 12:00:00',100.00,1,1273,2,5,1),(1274,'2025-06-18 11:13:44','2025-04-17 12:00:00','2025-04-17 12:00:00',64.00,1,1274,2,5,1),(1275,'2025-06-18 11:15:17','2025-04-25 12:00:00','2025-04-25 12:00:00',30.50,1,1275,2,5,1),(1276,'2025-06-18 11:17:50','2025-04-25 12:00:00','2025-04-25 12:00:00',25.00,1,1276,2,5,1),(1277,'2025-06-18 11:18:39','2025-04-15 12:00:00','2025-04-15 12:00:00',500.00,1,1277,5,7,1),(1278,'2025-06-18 11:19:04','2025-04-25 12:00:00','2025-04-25 12:00:00',183.06,1,1278,5,7,1),(1279,'2025-06-21 14:59:11','2025-04-04 12:00:00','2025-04-04 12:00:00',47.00,1,1279,2,5,1),(1280,'2025-06-21 15:01:07','2025-04-25 12:00:00','2025-04-25 12:00:00',51.62,1,1280,2,5,1),(1281,'2025-06-21 15:02:49','2025-04-01 12:00:00','2025-04-01 12:00:00',2.31,1,1281,5,61,1),(1282,'2025-06-21 15:02:49','2025-04-01 12:00:00','2025-04-01 12:00:00',8.08,1,1282,5,61,1),(1283,'2025-06-21 15:02:49','2025-04-04 12:00:00','2025-04-04 12:00:00',6.40,1,1283,5,61,1),(1284,'2025-06-21 15:02:49','2025-04-04 12:00:00','2025-04-04 12:00:00',18.94,1,1284,5,61,1),(1285,'2025-06-21 15:02:50','2025-04-08 12:00:00','2025-04-08 12:00:00',17.54,1,1285,5,61,1),(1286,'2025-06-21 15:02:50','2025-04-08 12:00:00','2025-04-08 12:00:00',51.28,1,1286,5,61,1),(1287,'2025-06-21 15:02:50','2025-04-22 12:00:00','2025-04-22 12:00:00',13.44,1,1287,5,61,1),(1288,'2025-06-21 15:02:50','2025-04-22 12:00:00','2025-04-22 12:00:00',39.85,1,1288,5,61,1),(1289,'2025-06-21 15:02:50','2025-04-30 12:00:00','2025-04-30 12:00:00',1.58,1,1289,5,61,1),(1290,'2025-06-21 15:02:50','2025-04-30 12:00:00','2025-04-30 12:00:00',4.68,1,1290,5,61,1),(1291,'2025-06-21 15:02:50','2025-04-30 12:00:00','2025-04-30 12:00:00',2.29,1,1291,5,61,1),(1292,'2025-06-21 15:02:50','2025-04-30 12:00:00','2025-04-30 12:00:00',8.13,1,1292,5,61,1),(1293,'2025-06-21 15:03:54','2025-04-01 12:00:00','2025-04-01 12:00:00',24118.15,1,1293,5,7,1),(1294,'2025-06-21 15:08:32','2025-04-28 12:00:00','2025-04-28 12:00:00',30.00,1,1294,6,7,1),(1295,'2025-06-21 15:12:29','2025-04-28 12:00:00','2025-04-28 12:00:00',468.00,1,1295,6,7,1),(1296,'2025-06-22 19:40:37','2025-04-17 12:00:00','2025-04-17 12:00:00',60.75,1,1296,7,12,1),(1297,'2025-06-22 19:40:37','2025-04-15 12:00:00','2025-04-15 12:00:00',440.45,1,1297,7,12,1),(1298,'2025-06-22 19:40:37','2025-04-15 12:00:00','2025-04-15 12:00:00',3.00,1,1298,7,12,1),(1299,'2025-06-22 19:40:38','2025-04-12 12:00:00','2025-04-12 12:00:00',9.47,1,1299,7,12,1),(1300,'2025-06-22 19:40:38','2025-04-10 12:00:00','2025-04-10 12:00:00',37.50,1,1300,7,12,1),(1301,'2025-06-22 19:40:38','2025-04-09 12:00:00','2025-04-09 12:00:00',27.01,1,1301,7,12,1),(1302,'2025-06-22 19:40:38','2025-04-01 12:00:00','2025-04-01 12:00:00',600.88,1,1302,7,12,1),(1303,'2025-06-22 19:42:21','2025-04-01 12:00:00','2025-04-01 12:00:00',1656.39,1,1303,7,14,1),(1304,'2025-06-22 19:43:58','2025-04-02 12:00:00','2025-04-02 12:00:00',132.87,1,1304,7,12,1),(1305,'2025-06-22 19:44:34','2025-04-05 12:00:00','2025-04-05 12:00:00',25.79,1,1305,7,12,1),(1306,'2025-06-22 19:44:52','2025-04-06 12:00:00','2025-04-06 12:00:00',34.89,1,1306,7,12,1),(1307,'2025-06-22 19:45:09','2025-04-10 12:00:00','2025-04-10 12:00:00',93.88,1,1307,7,12,1),(1308,'2025-06-22 19:45:23','2025-04-12 12:00:00','2025-04-12 12:00:00',35.82,1,1308,7,12,1),(1309,'2025-06-22 19:45:40','2025-04-18 12:00:00','2025-04-18 12:00:00',14.72,1,1309,7,12,1),(1310,'2025-06-22 19:45:57','2025-04-18 12:00:00','2025-04-18 12:00:00',55.91,1,1310,7,12,1),(1311,'2025-06-22 19:46:18','2025-04-22 12:00:00','2025-04-22 12:00:00',42.33,1,1311,7,12,1),(1312,'2025-06-22 19:46:33','2025-04-18 12:00:00','2025-04-18 12:00:00',5.11,1,1312,7,12,1),(1313,'2025-06-22 19:47:08','2025-04-20 12:00:00','2025-04-20 12:00:00',36.01,1,1313,7,12,1),(1314,'2025-06-22 19:52:55','2025-04-27 12:00:00','2025-04-27 12:00:00',3.23,1,1314,8,13,1),(1315,'2025-06-22 19:52:55','2025-04-24 12:00:00','2025-04-24 12:00:00',60.00,1,1315,8,13,1),(1316,'2025-06-22 19:52:55','2025-04-24 12:00:00','2025-04-24 12:00:00',8.50,1,1316,8,13,1),(1317,'2025-06-22 19:52:55','2025-04-19 12:00:00','2025-04-19 12:00:00',39.75,1,1317,8,13,1),(1318,'2025-06-22 19:52:55','2025-04-19 12:00:00','2025-04-19 12:00:00',38.00,1,1318,8,13,1),(1319,'2025-06-22 19:52:56','2025-04-09 12:00:00','2025-04-09 12:00:00',6.00,1,1319,8,13,1),(1320,'2025-06-22 19:52:56','2025-04-07 12:00:00','2025-04-07 12:00:00',12.90,1,1320,8,13,1),(1321,'2025-06-22 19:52:56','2025-04-05 12:00:00','2025-04-05 12:00:00',17.00,1,1321,8,13,1),(1322,'2025-06-22 19:52:56','2025-04-04 12:00:00','2025-04-04 12:00:00',8.00,1,1322,8,13,1),(1323,'2025-06-22 19:52:56','2025-04-03 12:00:00','2025-04-03 12:00:00',34.90,1,1323,8,13,1),(1324,'2025-06-22 19:52:56','2025-04-02 12:00:00','2025-04-02 12:00:00',29.00,1,1324,8,13,1),(1325,'2025-06-22 19:52:56','2025-04-02 12:00:00','2025-04-02 12:00:00',75.03,1,1325,8,13,1),(1326,'2025-06-22 19:52:56','2025-04-01 12:00:00','2025-04-01 12:00:00',25.50,1,1326,8,13,1),(1327,'2025-06-22 19:52:56','2025-04-01 12:00:00','2025-04-01 12:00:00',45.05,1,1327,8,13,1),(1328,'2025-06-22 19:52:56','2025-04-01 12:00:00','2025-04-01 12:00:00',26.50,1,1328,8,13,1),(1329,'2025-06-22 19:54:30','2025-04-01 12:00:00','2025-04-01 12:00:00',5.65,1,1329,8,13,1),(1330,'2025-06-22 19:56:58','2025-04-01 12:00:00','2025-04-01 12:00:00',2629.00,1,1330,8,15,1),(1331,'2025-06-22 20:02:52','2025-04-01 12:00:00','2025-04-01 12:00:00',69.10,1,1331,8,13,1),(1332,'2025-06-22 20:03:19','2025-04-03 12:00:00','2025-04-03 12:00:00',24.00,1,1332,8,13,1),(1333,'2025-06-23 13:46:32','2025-04-04 12:00:00','2025-04-04 12:00:00',61.79,1,1333,8,13,1),(1334,'2025-06-23 13:49:01','2025-04-12 12:00:00','2025-04-12 12:00:00',10.00,1,1334,8,13,1),(1335,'2025-06-23 13:50:25','2025-04-18 12:00:00','2025-04-18 12:00:00',81.40,1,1335,8,13,1),(1336,'2025-06-23 13:51:56','2025-04-23 12:00:00','2025-04-23 12:00:00',57.68,1,1336,8,13,1),(1337,'2025-06-23 13:54:22','2025-04-18 12:00:00','2025-04-18 12:00:00',11.78,1,1337,8,13,1),(1338,'2025-06-23 13:55:52','2025-04-16 12:00:00','2025-04-16 12:00:00',64.50,1,1338,8,13,1),(1339,'2025-06-23 13:57:02','2025-04-04 12:00:00','2025-04-04 12:00:00',1374.05,1,1339,8,13,1),(1340,'2025-06-23 13:57:31','2025-04-05 12:00:00','2025-04-05 12:00:00',12.00,1,1340,8,13,1),(1341,'2025-06-23 13:58:56','2025-04-05 12:00:00','2025-04-05 12:00:00',67.48,1,1341,8,13,1),(1342,'2025-06-23 14:00:04','2025-04-12 12:00:00','2025-04-12 12:00:00',21.00,1,1342,8,13,1),(1343,'2025-06-23 14:00:26','2025-04-12 12:00:00','2025-04-12 12:00:00',8.00,1,1343,8,13,1),(1344,'2025-06-23 14:02:26','2025-04-13 12:00:00','2025-04-13 12:00:00',112.54,1,1344,8,13,1),(1345,'2025-06-23 14:05:22','2025-04-05 12:00:00','2025-04-05 12:00:00',5.00,1,1345,8,13,1),(1346,'2025-06-23 14:06:36','2025-04-03 12:00:00','2025-04-03 12:00:00',7.90,1,1346,8,13,1),(1347,'2025-06-23 14:14:41','2025-04-03 12:00:00','2025-04-03 12:00:00',41.90,1,1347,8,13,1),(1348,'2025-06-23 14:14:58','2025-04-03 12:00:00','2025-04-03 12:00:00',62.87,1,1348,8,13,1),(1349,'2025-06-24 20:44:26','2025-04-17 12:00:00','2025-04-17 12:00:00',112.30,1,1349,8,13,1),(1350,'2025-06-24 20:46:44','2025-04-14 12:00:00','2025-04-14 12:00:00',10.96,1,1350,3,78,1),(1351,'2025-06-24 20:46:44','2025-04-14 12:00:00','2025-04-14 12:00:00',13.95,1,1351,3,78,1),(1352,'2025-06-24 20:46:44','2025-04-14 12:00:00','2025-04-14 12:00:00',4.20,1,1352,3,78,1),(1353,'2025-06-24 20:46:44','2025-04-14 12:00:00','2025-04-14 12:00:00',17.12,1,1353,3,78,1),(1354,'2025-06-24 20:46:44','2025-04-14 12:00:00','2025-04-14 12:00:00',24.90,1,1354,3,78,1),(1355,'2025-06-24 20:46:44','2025-04-14 12:00:00','2025-04-14 12:00:00',61.80,1,1355,3,78,1),(1356,'2025-06-25 16:51:02','2025-04-14 12:00:00','2025-04-14 12:00:00',71.99,1,1356,3,78,1),(1357,'2025-06-25 16:52:24','2025-04-14 12:00:00','2025-04-14 12:00:00',200.00,1,1357,3,78,1),(1358,'2025-06-25 16:53:28','2025-04-14 12:00:00','2025-04-14 12:00:00',43.90,1,1358,3,78,1),(1359,'2025-06-25 16:54:13','2025-04-14 12:00:00','2025-04-14 12:00:00',34.99,1,1359,3,78,1),(1360,'2025-06-25 16:55:05','2025-04-14 12:00:00','2025-04-14 12:00:00',99.15,1,1360,3,78,1),(1361,'2025-06-25 16:55:59','2025-04-14 12:00:00','2025-04-14 12:00:00',279.16,1,1361,3,78,1),(1362,'2025-06-25 16:56:38','2025-04-14 12:00:00','2025-04-14 12:00:00',89.90,1,1362,3,78,1),(1363,'2025-06-25 16:57:21','2025-04-14 12:00:00','2025-04-14 12:00:00',89.90,1,1363,3,78,1),(1364,'2025-06-25 16:58:39','2025-04-14 12:00:00','2025-04-14 12:00:00',53.89,1,1364,3,78,1),(1365,'2025-06-25 16:58:58','2025-04-14 12:00:00','2025-04-14 12:00:00',38.79,1,1365,3,78,1),(1366,'2025-06-25 16:59:15','2025-04-14 12:00:00','2025-04-14 12:00:00',41.89,1,1366,3,78,1),(1367,'2025-06-25 17:00:27','2025-04-14 12:00:00','2025-04-14 12:00:00',248.05,1,1367,3,78,1),(1368,'2025-06-25 17:03:54','2025-04-14 12:00:00','2025-04-14 12:00:00',176.55,1,1368,3,78,1),(1369,'2025-06-25 17:07:12','2025-04-14 12:00:00','2025-04-14 12:00:00',76.12,1,1369,3,78,1),(1370,'2025-06-25 17:08:48','2025-04-14 12:00:00','2025-04-14 12:00:00',49.90,1,1370,3,78,1),(1371,'2025-06-25 17:13:58','2025-04-14 12:00:00','2025-04-14 12:00:00',6.49,1,1371,3,78,1),(1372,'2025-06-25 17:14:18','2025-04-14 12:00:00','2025-04-14 12:00:00',28.99,1,1372,3,78,1),(1373,'2025-06-25 17:24:21','2025-04-14 12:00:00','2025-04-14 12:00:00',42.24,1,1373,3,78,1),(1374,'2025-06-25 17:26:05','2025-04-14 12:00:00','2025-04-14 12:00:00',70.00,1,1374,3,78,1),(1375,'2025-06-25 17:31:17','2025-04-14 12:00:00','2025-04-14 12:00:00',89.90,1,1375,3,78,1),(1376,'2025-06-25 17:37:29','2025-04-14 12:00:00','2025-04-14 12:00:00',89.90,1,1376,3,78,1),(1377,'2025-06-25 17:43:51','2025-04-14 12:00:00','2025-04-14 12:00:00',76.64,1,1377,3,78,1),(1378,'2025-07-24 01:30:00','2025-05-02 12:00:00','2025-05-02 12:00:00',268.82,1,1378,2,5,1),(1379,'2025-07-24 01:30:00','2025-05-02 12:00:00','2025-05-02 12:00:00',95.00,1,1379,2,5,1),(1380,'2025-07-24 01:30:00','2025-05-05 12:00:00','2025-05-05 12:00:00',30.00,1,1380,2,5,1),(1381,'2025-07-24 01:30:00','2025-05-05 12:00:00','2025-05-05 12:00:00',9.99,1,1381,2,5,1),(1382,'2025-07-24 01:30:00','2025-05-05 12:00:00','2025-05-05 12:00:00',230.00,1,1382,2,5,1),(1383,'2025-07-24 01:30:00','2025-05-06 12:00:00','2025-05-06 12:00:00',14.50,1,1383,6,5,1),(1384,'2025-07-24 01:30:00','2025-05-08 12:00:00','2025-05-08 12:00:00',23.00,1,1384,2,5,1),(1385,'2025-07-24 01:30:00','2025-05-09 12:00:00','2025-05-09 12:00:00',53.98,1,1385,2,5,1),(1386,'2025-07-24 01:30:01','2025-05-09 12:00:00','2025-05-09 12:00:00',527.85,1,1386,2,5,1),(1387,'2025-07-24 01:30:01','2025-05-12 12:00:00','2025-05-12 12:00:00',2409.76,1,1387,2,5,1),(1388,'2025-07-24 01:30:01','2025-05-12 12:00:00','2025-05-12 12:00:00',86.20,1,1388,2,5,1),(1389,'2025-07-24 01:30:01','2025-05-12 12:00:00','2025-05-12 12:00:00',94.90,1,1389,2,5,1),(1390,'2025-07-24 01:30:01','2025-05-13 12:00:00','2025-05-13 12:00:00',14.50,1,1390,6,5,1),(1391,'2025-07-24 01:30:01','2025-05-19 12:00:00','2025-05-19 12:00:00',100.00,1,1391,2,5,1),(1392,'2025-07-24 01:31:12','2025-05-01 12:00:00','2025-05-01 12:00:00',2.34,1,1392,5,5,1),(1393,'2025-07-24 01:32:15','2025-05-02 12:00:00','2025-05-02 12:00:00',3000.00,1,1393,6,9,1),(1394,'2025-07-24 01:33:07','2025-05-05 12:00:00','2025-05-05 12:00:00',60.98,1,1394,2,5,1),(1395,'2025-07-24 01:33:55','2025-05-09 12:00:00','2025-05-09 12:00:00',3116.08,1,1395,6,9,1),(1396,'2025-07-24 01:34:27','2025-05-09 12:00:00','2025-05-09 12:00:00',74.00,1,1396,2,5,1),(1397,'2025-07-26 00:47:41','2025-05-05 12:00:00','2025-05-05 12:00:00',29.00,1,1397,6,5,1),(1398,'2025-07-26 00:51:06','2025-05-08 12:00:00','2025-05-08 12:00:00',280.00,1,1398,6,5,1),(1399,'2025-07-26 00:54:16','2025-05-14 12:00:00','2025-05-14 12:00:00',3.97,1,1399,6,5,1),(1400,'2025-07-26 00:54:41','2025-05-15 12:00:00','2025-05-15 12:00:00',38.00,1,1400,6,5,1),(1401,'2025-07-26 00:56:10','2025-05-26 12:00:00','2025-05-26 12:00:00',1.75,1,1401,2,5,1),(1402,'2025-07-26 01:01:09','2025-05-02 12:00:00','2025-05-02 12:00:00',17.48,1,1402,2,5,1),(1403,'2025-08-04 01:21:32','2025-05-05 12:00:00','2025-05-05 12:00:00',99.90,1,1403,6,5,1),(1404,'2025-08-04 01:22:16','2025-05-05 12:00:00','2025-05-05 12:00:00',64.00,1,1404,6,5,1),(1405,'2025-08-04 01:23:28','2025-05-06 12:00:00','2025-05-06 12:00:00',1158.76,1,1405,6,5,1),(1406,'2025-08-04 01:24:46','2025-05-08 12:00:00','2025-05-08 12:00:00',40.00,1,1406,6,5,1),(1407,'2025-08-04 01:27:38','2025-05-12 12:00:00','2025-05-12 12:00:00',29.90,1,1407,6,5,1),(1408,'2025-08-04 01:34:16','2025-05-16 12:00:00','2025-05-16 12:00:00',43.59,1,1408,2,5,1),(1409,'2025-08-04 01:39:05','2025-05-15 12:00:00','2025-05-15 12:00:00',20.00,1,1409,2,5,1),(1410,'2025-08-04 01:41:11','2025-05-14 12:00:00','2025-05-14 12:00:00',48.90,1,1410,2,5,1),(1411,'2025-08-04 21:50:09','2025-05-08 12:00:00','2025-05-08 12:00:00',59.99,1,1411,2,5,1),(1412,'2025-08-04 21:50:32','2025-05-08 12:00:00','2025-05-08 12:00:00',89.90,1,1412,2,5,1),(1413,'2025-08-04 21:51:22','2025-05-12 12:00:00','2025-05-12 12:00:00',79.90,1,1413,2,5,1),(1414,'2025-08-04 21:51:55','2025-05-19 12:00:00','2025-05-19 12:00:00',19.90,1,1414,2,5,1),(1415,'2025-08-04 21:52:27','2025-05-19 12:00:00','2025-05-19 12:00:00',100.00,1,1415,5,7,1),(1416,'2025-08-04 21:54:05','2025-05-06 12:00:00','2025-05-06 12:00:00',5.39,1,1416,5,61,1),(1417,'2025-08-04 21:54:05','2025-05-06 12:00:00','2025-05-06 12:00:00',19.06,1,1417,5,61,1),(1418,'2025-08-04 21:54:05','2025-05-08 12:00:00','2025-05-08 12:00:00',14.07,1,1418,5,61,1),(1419,'2025-08-04 21:54:05','2025-05-08 12:00:00','2025-05-08 12:00:00',49.10,1,1419,5,61,1),(1420,'2025-08-04 21:54:05','2025-05-22 12:00:00','2025-05-22 12:00:00',36.71,1,1420,5,61,1),(1421,'2025-08-04 21:54:06','2025-05-22 12:00:00','2025-05-22 12:00:00',12.54,1,1421,5,61,1),(1422,'2025-08-04 21:54:06','2025-05-30 12:00:00','2025-05-30 12:00:00',4.71,1,1422,5,61,1),(1423,'2025-08-04 21:54:06','2025-05-30 12:00:00','2025-05-30 12:00:00',1.61,1,1423,5,61,1),(1424,'2025-08-04 21:54:06','2025-05-30 12:00:00','2025-05-30 12:00:00',2.80,1,1424,5,61,1),(1425,'2025-08-04 21:54:06','2025-05-30 12:00:00','2025-05-30 12:00:00',8.19,1,1425,5,61,1),(1426,'2025-08-04 21:56:01','2025-05-01 12:00:00','2025-05-01 12:00:00',23518.68,1,1426,5,7,1),(1427,'2025-08-04 21:59:12','2025-05-12 12:00:00','2025-05-12 12:00:00',275.14,1,1427,6,7,1),(1428,'2025-08-04 22:00:19','2025-05-19 12:00:00','2025-05-19 12:00:00',30.00,1,1428,2,7,1),(1429,'2025-08-04 22:00:59','2025-05-19 12:00:00','2025-05-19 12:00:00',14.50,1,1429,6,7,1),(1430,'2025-08-04 22:01:35','2025-05-22 12:00:00','2025-05-22 12:00:00',24.29,1,1430,6,7,1),(1431,'2025-08-04 22:02:15','2025-05-26 12:00:00','2025-05-26 12:00:00',14.50,1,1431,6,7,1),(1432,'2025-08-04 22:02:46','2025-05-28 12:00:00','2025-05-28 12:00:00',24.20,1,1432,6,7,1),(1433,'2025-08-07 00:44:58','2025-05-12 12:00:00','2025-05-12 12:00:00',397.05,1,1433,6,7,1),(1434,'2025-08-07 00:47:05','2025-05-26 12:00:00','2025-05-26 12:00:00',24.00,1,1434,6,7,1),(1435,'2025-08-07 00:47:51','2025-05-27 12:00:00','2025-05-27 12:00:00',60.00,1,1435,6,7,1),(1436,'2025-08-07 00:58:33','2025-05-30 12:00:00','2025-05-30 12:00:00',52.77,1,1436,2,7,1),(1437,'2025-08-07 01:02:03','2025-05-28 12:00:00','2025-05-28 12:00:00',40.00,1,1437,6,7,1),(1438,'2025-08-07 01:04:57','2025-05-21 12:00:00','2025-05-21 12:00:00',50.00,1,1438,6,7,1),(1439,'2025-08-07 01:12:52','2025-05-28 12:00:00','2025-05-28 12:00:00',84.99,1,1439,6,7,1),(1440,'2025-08-07 01:15:49','2025-05-12 12:00:00','2025-05-12 12:00:00',342.50,1,1440,2,7,1),(1441,'2025-08-09 13:53:56','2025-05-25 12:00:00','2025-05-25 12:00:00',18.86,1,1441,7,12,1),(1442,'2025-08-09 13:53:57','2025-05-23 12:00:00','2025-05-23 12:00:00',10.90,1,1442,7,12,1),(1443,'2025-08-09 13:53:57','2025-05-23 12:00:00','2025-05-23 12:00:00',10.02,1,1443,7,12,1),(1444,'2025-08-09 13:53:57','2025-05-22 12:00:00','2025-05-22 12:00:00',19.97,1,1444,7,12,1),(1445,'2025-08-09 13:53:57','2025-05-21 12:00:00','2025-05-21 12:00:00',176.86,1,1445,7,12,1),(1446,'2025-08-09 13:53:57','2025-05-20 12:00:00','2025-05-20 12:00:00',29.21,1,1446,7,12,1),(1447,'2025-08-09 13:53:57','2025-05-19 12:00:00','2025-05-19 12:00:00',10.68,1,1447,7,12,1),(1448,'2025-08-09 13:53:57','2025-05-17 12:00:00','2025-05-17 12:00:00',31.78,1,1448,7,12,1),(1449,'2025-08-09 13:53:57','2025-05-16 12:00:00','2025-05-16 12:00:00',38.10,1,1449,7,12,1),(1450,'2025-08-09 13:53:57','2025-05-12 12:00:00','2025-05-12 12:00:00',68.26,1,1450,7,12,1),(1451,'2025-08-09 13:53:57','2025-05-10 12:00:00','2025-05-10 12:00:00',13.97,1,1451,7,12,1),(1452,'2025-08-09 13:53:57','2025-05-05 12:00:00','2025-05-05 12:00:00',7.46,1,1452,7,12,1),(1453,'2025-08-09 13:53:57','2025-05-04 12:00:00','2025-05-04 12:00:00',13.27,1,1453,7,12,1),(1454,'2025-08-09 13:53:58','2025-05-03 12:00:00','2025-05-03 12:00:00',62.01,1,1454,7,12,1),(1455,'2025-08-09 13:53:58','2025-05-03 12:00:00','2025-05-03 12:00:00',65.46,1,1455,7,12,1),(1456,'2025-08-09 13:53:58','2025-05-01 12:00:00','2025-05-01 12:00:00',74.45,1,1456,7,12,1),(1457,'2025-08-09 13:53:58','2025-05-01 12:00:00','2025-05-01 12:00:00',68.29,1,1457,7,12,1),(1458,'2025-08-09 13:56:23','2025-05-01 12:00:00','2025-05-01 12:00:00',1549.00,1,1458,7,14,1),(1459,'2025-08-09 13:59:06','2025-05-26 12:00:00','2025-05-26 12:00:00',6.32,1,1459,7,12,1),(1460,'2025-08-09 13:59:41','2025-05-06 12:00:00','2025-05-06 12:00:00',688.79,1,1460,7,12,1),(1461,'2025-08-09 13:59:55','2025-05-11 12:00:00','2025-05-11 12:00:00',99.45,1,1461,7,12,1),(1462,'2025-08-09 14:02:20','2025-05-18 12:00:00','2025-05-18 12:00:00',34.89,1,1462,7,12,1),(1463,'2025-08-09 14:03:53','2025-05-23 12:00:00','2025-05-23 12:00:00',27.98,1,1463,8,13,1),(1464,'2025-08-09 14:03:53','2025-05-23 12:00:00','2025-05-23 12:00:00',8.50,1,1464,8,13,1),(1465,'2025-08-09 14:03:53','2025-05-16 12:00:00','2025-05-16 12:00:00',8.50,1,1465,8,13,1),(1466,'2025-08-09 14:03:53','2025-05-15 12:00:00','2025-05-15 12:00:00',8.50,1,1466,8,13,1),(1467,'2025-08-09 14:03:53','2025-05-14 12:00:00','2025-05-14 12:00:00',37.27,1,1467,8,13,1),(1468,'2025-08-09 14:03:53','2025-05-14 12:00:00','2025-05-14 12:00:00',116.11,1,1468,8,13,1),(1469,'2025-08-09 14:03:53','2025-05-13 12:00:00','2025-05-13 12:00:00',8.50,1,1469,8,13,1),(1470,'2025-08-09 14:03:53','2025-05-10 12:00:00','2025-05-10 12:00:00',44.00,1,1470,8,13,1),(1471,'2025-08-09 14:03:53','2025-05-10 12:00:00','2025-05-10 12:00:00',19.49,1,1471,8,13,1),(1472,'2025-08-09 14:03:54','2025-05-09 12:00:00','2025-05-09 12:00:00',8.50,1,1472,8,13,1),(1473,'2025-08-09 14:03:54','2025-05-08 12:00:00','2025-05-08 12:00:00',26.90,1,1473,8,13,1),(1474,'2025-08-09 14:03:54','2025-05-07 12:00:00','2025-05-07 12:00:00',29.80,1,1474,8,13,1),(1475,'2025-08-09 14:03:54','2025-05-07 12:00:00','2025-05-07 12:00:00',12.90,1,1475,8,13,1),(1476,'2025-08-09 14:03:54','2025-05-06 12:00:00','2025-05-06 12:00:00',49.87,1,1476,8,13,1),(1477,'2025-08-09 14:03:54','2025-05-06 12:00:00','2025-05-06 12:00:00',8.50,1,1477,8,13,1),(1478,'2025-08-09 14:03:54','2025-05-03 12:00:00','2025-05-03 12:00:00',21.23,1,1478,8,13,1),(1479,'2025-08-09 14:03:54','2025-05-03 12:00:00','2025-05-03 12:00:00',3.51,1,1479,8,13,1),(1480,'2025-08-09 14:03:54','2025-05-02 12:00:00','2025-05-02 12:00:00',101.07,1,1480,8,13,1),(1481,'2025-08-09 14:03:54','2025-05-02 12:00:00','2025-05-02 12:00:00',57.20,1,1481,8,13,1),(1482,'2025-08-09 14:03:54','2025-05-02 12:00:00','2025-05-02 12:00:00',61.07,1,1482,8,13,1),(1483,'2025-08-09 14:03:54','2025-05-02 12:00:00','2025-05-02 12:00:00',10.50,1,1483,8,13,1),(1484,'2025-08-09 14:03:54','2025-05-01 12:00:00','2025-05-01 12:00:00',4.50,1,1484,8,13,1),(1485,'2025-08-09 14:03:54','2025-05-01 12:00:00','2025-05-01 12:00:00',41.41,1,1485,8,13,1),(1486,'2025-08-09 14:03:55','2025-05-01 12:00:00','2025-05-01 12:00:00',26.00,1,1486,8,13,1),(1487,'2025-08-09 14:03:55','2025-05-01 12:00:00','2025-05-01 12:00:00',3.74,1,1487,8,13,1),(1488,'2025-08-09 14:03:55','2025-05-01 12:00:00','2025-05-01 12:00:00',8.50,1,1488,8,13,1),(1489,'2025-08-09 14:10:15','2025-05-01 12:00:00','2025-05-01 12:00:00',2629.00,1,1489,8,15,1),(1490,'2025-08-09 14:11:29','2025-05-07 12:00:00','2025-05-07 12:00:00',1374.05,1,1490,8,13,1),(1491,'2025-08-09 14:13:27','2025-05-10 12:00:00','2025-05-10 12:00:00',15.50,1,1491,8,13,1),(1492,'2025-08-09 14:15:22','2025-05-17 12:00:00','2025-05-17 12:00:00',47.29,1,1492,8,13,1),(1493,'2025-08-09 14:17:02','2025-05-01 12:00:00','2025-05-01 12:00:00',15.95,1,1493,8,13,1),(1494,'2025-08-09 14:20:25','2025-05-16 12:00:00','2025-05-16 12:00:00',61.60,1,1494,8,13,1),(1495,'2025-08-09 14:21:01','2025-05-09 12:00:00','2025-05-09 12:00:00',8.54,1,1495,8,13,1),(1496,'2025-08-31 21:12:17','2025-05-05 12:00:00','2025-05-05 12:00:00',33.96,1,1496,8,13,1),(1497,'2025-08-31 21:13:26','2025-05-15 12:00:00','2025-05-15 12:00:00',36.96,1,1497,8,13,1),(1498,'2025-08-31 21:13:53','2025-05-18 12:00:00','2025-05-18 12:00:00',42.96,1,1498,8,13,1),(1499,'2025-08-31 21:14:16','2025-05-01 12:00:00','2025-05-01 12:00:00',35.96,1,1499,8,13,1),(1500,'2025-08-31 21:17:23','2025-05-09 12:00:00','2025-05-09 12:00:00',47.00,1,1500,8,13,1),(1501,'2025-08-31 21:20:30','2025-05-09 12:00:00','2025-05-09 12:00:00',4.50,1,1501,8,13,1),(1502,'2025-08-31 21:20:49','2025-05-09 12:00:00','2025-05-09 12:00:00',8.00,1,1502,8,13,1),(1503,'2025-08-31 21:22:17','2025-05-09 12:00:00','2025-05-09 12:00:00',72.68,1,1503,8,13,1),(1504,'2025-08-31 21:22:57','2025-05-15 12:00:00','2025-05-15 12:00:00',70.00,1,1504,8,13,1),(1508,'2025-09-01 23:02:47','2025-05-12 12:00:00','2025-05-12 12:00:00',200.00,1,1508,3,78,1),(1509,'2025-09-01 23:03:54','2025-05-12 12:00:00','2025-05-12 12:00:00',76.11,1,1509,3,78,1),(1510,'2025-09-01 23:04:51','2025-05-12 12:00:00','2025-05-12 12:00:00',248.05,1,1510,3,78,1),(1511,'2025-09-01 23:06:25','2025-05-12 12:00:00','2025-05-12 12:00:00',55.93,1,1511,3,78,1),(1512,'2025-09-01 23:08:38','2025-05-12 12:00:00','2025-05-12 12:00:00',48.60,1,1512,3,78,1),(1513,'2025-09-01 23:09:05','2025-05-12 12:00:00','2025-05-12 12:00:00',30.84,1,1513,3,78,1),(1514,'2025-09-01 23:09:24','2025-05-12 12:00:00','2025-05-12 12:00:00',36.89,1,1514,3,78,1),(1515,'2025-09-01 23:09:52','2025-05-12 12:00:00','2025-05-12 12:00:00',46.96,1,1515,3,78,1),(1516,'2025-09-01 23:10:07','2025-05-12 12:00:00','2025-05-12 12:00:00',52.48,1,1516,3,78,1),(1517,'2025-09-01 23:10:33','2025-05-12 12:00:00','2025-05-12 12:00:00',13.68,1,1517,3,78,1),(1518,'2025-09-02 00:59:11','2025-05-12 12:00:00','2025-05-12 12:00:00',24.00,1,1518,3,78,1),(1519,'2025-09-02 00:59:33','2025-05-12 12:00:00','2025-05-12 12:00:00',30.63,1,1519,3,78,1),(1520,'2025-09-02 01:00:36','2025-05-12 12:00:00','2025-05-12 12:00:00',60.00,1,1520,3,78,1),(1521,'2025-09-02 01:02:09','2025-05-12 12:00:00','2025-05-12 12:00:00',43.90,1,1521,3,78,1),(1522,'2025-09-02 01:03:01','2025-05-12 12:00:00','2025-05-12 12:00:00',34.99,1,1522,3,78,1),(1523,'2025-09-02 01:03:55','2025-05-12 12:00:00','2025-05-12 12:00:00',99.15,1,1523,3,78,1),(1524,'2025-09-02 01:04:40','2025-05-12 12:00:00','2025-05-12 12:00:00',279.16,1,1524,3,78,1),(1525,'2025-09-02 01:05:25','2025-05-12 12:00:00','2025-05-12 12:00:00',89.90,1,1525,3,78,1),(1526,'2025-09-02 01:05:46','2025-05-12 12:00:00','2025-05-12 12:00:00',89.90,1,1526,3,78,1),(1527,'2025-09-02 01:06:23','2025-05-12 12:00:00','2025-05-12 12:00:00',19.96,1,1527,3,78,1),(1528,'2025-09-02 01:08:54','2025-05-12 12:00:00','2025-05-12 12:00:00',60.00,1,1528,3,78,1),(1529,'2025-09-02 01:10:15','2025-05-12 12:00:00','2025-05-12 12:00:00',76.63,1,1529,3,78,1),(1530,'2025-09-02 01:10:47','2025-05-12 12:00:00','2025-05-12 12:00:00',49.90,1,1530,3,78,1),(1531,'2025-09-02 01:11:07','2025-05-12 12:00:00','2025-05-12 12:00:00',66.00,1,1531,3,78,1),(1532,'2025-09-02 01:12:22','2025-05-12 12:00:00','2025-05-12 12:00:00',51.15,1,1532,3,78,1),(1533,'2025-09-02 01:12:35','2025-05-12 12:00:00','2025-05-12 12:00:00',12.00,1,1533,3,78,1),(1534,'2025-09-02 01:12:51','2025-05-12 12:00:00','2025-05-12 12:00:00',14.98,1,1534,3,78,1),(1535,'2025-09-02 01:13:09','2025-05-12 12:00:00','2025-05-12 12:00:00',8.50,1,1535,3,78,1),(1536,'2025-09-02 01:14:44','2025-05-12 12:00:00','2025-05-12 12:00:00',99.90,1,1536,3,78,1),(1537,'2025-09-02 01:16:38','2025-05-12 12:00:00','2025-05-12 12:00:00',9.38,1,1537,3,78,1),(1538,'2025-09-02 01:17:20','2025-05-12 12:00:00','2025-05-12 12:00:00',24.90,1,1538,3,78,1),(1539,'2025-09-07 21:11:42','2025-05-12 12:00:00','2025-05-12 12:00:00',2.99,1,1539,3,78,1),(1540,'2025-09-07 21:13:24','2025-05-12 12:00:00','2025-05-12 12:00:00',50.43,1,1540,3,78,1),(1541,'2025-09-07 21:17:17','2025-05-12 12:00:00','2025-05-12 12:00:00',8.00,1,1541,3,78,1),(1542,'2025-09-07 21:17:28','2025-05-12 12:00:00','2025-05-12 12:00:00',4.50,1,1542,3,78,1),(1543,'2025-09-07 21:22:02','2025-05-12 12:00:00','2025-05-12 12:00:00',69.90,1,1543,3,78,1),(1544,'2025-09-07 21:22:40','2025-05-12 12:00:00','2025-05-12 12:00:00',69.90,1,1544,3,78,1),(1545,'2025-09-07 21:23:04','2025-05-12 12:00:00','2025-05-12 12:00:00',5.90,1,1545,3,78,1),(1546,'2025-09-07 21:25:20','2025-05-12 12:00:00','2025-05-12 12:00:00',78.25,1,1546,3,78,1),(1547,'2025-09-07 21:25:45','2025-05-12 12:00:00','2025-05-12 12:00:00',65.42,1,1547,3,78,1);
/*!40000 ALTER TABLE `obm_objective_movement` ENABLE KEYS */;
UNLOCK TABLES;

--
-- Table structure for table `pam_payment_method`
--

DROP TABLE IF EXISTS `pam_payment_method`;
/*!40101 SET @saved_cs_client     = @@character_set_client */;
/*!50503 SET character_set_client = utf8mb4 */;
CREATE TABLE `pam_payment_method` (
  `pam_identity` int NOT NULL AUTO_INCREMENT,
  `pan_name` varchar(50) NOT NULL,
  `pan_acronym` varchar(3) NOT NULL,
  `usr_identity` int NOT NULL,
  PRIMARY KEY (`pam_identity`),
  UNIQUE KEY `un_pan_name` (`pan_name`),
  UNIQUE KEY `un_pan_acronym` (`pan_acronym`)
) ENGINE=InnoDB AUTO_INCREMENT=9 DEFAULT CHARSET=utf8mb4 COLLATE=utf8mb4_0900_ai_ci;
/*!40101 SET character_set_client = @saved_cs_client */;

--
-- Dumping data for table `pam_payment_method`
--

LOCK TABLES `pam_payment_method` WRITE;
/*!40000 ALTER TABLE `pam_payment_method` DISABLE KEYS */;
INSERT INTO `pam_payment_method` VALUES (2,'Cartão de Débito','DEB',1),(3,'Cartão de Crédito','CRE',1),(5,'Transferência Bancária','TRB',1),(6,'Transferência PIX','PIX',1),(7,'Cartão Alimentação','ALI',1),(8,'Cartão Flexível','FLX',1);
/*!40000 ALTER TABLE `pam_payment_method` ENABLE KEYS */;
UNLOCK TABLES;

--
-- Table structure for table `sta_statement`
--

DROP TABLE IF EXISTS `sta_statement`;
/*!40101 SET @saved_cs_client     = @@character_set_client */;
/*!50503 SET character_set_client = utf8mb4 */;
CREATE TABLE `sta_statement` (
  `sta_identity` int NOT NULL AUTO_INCREMENT,
  `sta_year` int NOT NULL,
  `sta_month` int NOT NULL,
  `sta_opening_balance` decimal(11,2) NOT NULL,
  `sta_closing_balance` decimal(11,2) NOT NULL,
  `sta_is_closed` varchar(1) NOT NULL,
  `stt_identity` int NOT NULL,
  `usr_identity` int NOT NULL,
  PRIMARY KEY (`sta_identity`),
  UNIQUE KEY `un_sta_statement` (`sta_year`,`sta_month`,`stt_identity`,`usr_identity`),
  KEY `fk_stt_statement_type_sta` (`stt_identity`),
  CONSTRAINT `fk_stt_statement_type_sta` FOREIGN KEY (`stt_identity`) REFERENCES `stt_statement_type` (`stt_identity`),
  CONSTRAINT `sta_statement_chk_1` CHECK ((`sta_is_closed` in (_latin1'0',_latin1'1')))
) ENGINE=InnoDB AUTO_INCREMENT=47 DEFAULT CHARSET=utf8mb4 COLLATE=utf8mb4_0900_ai_ci;
/*!40101 SET character_set_client = @saved_cs_client */;

--
-- Dumping data for table `sta_statement`
--

LOCK TABLES `sta_statement` WRITE;
/*!40000 ALTER TABLE `sta_statement` DISABLE KEYS */;
INSERT INTO `sta_statement` VALUES (12,2024,5,563.12,57.58,'0',1,1),(13,2024,6,57.58,134.78,'0',1,1),(14,2024,4,246.58,563.12,'0',1,1),(15,2024,7,134.78,2309.11,'0',1,1),(16,2024,8,2309.11,69.69,'0',1,1),(17,2024,9,69.69,22.56,'0',1,1),(18,2024,10,22.56,56.20,'0',1,1),(19,2024,11,56.20,0.00,'0',1,1),(20,2024,12,0.00,1592.78,'0',1,1),(21,2025,1,1592.78,54.43,'0',1,1),(22,2025,1,19617.97,24278.78,'0',2,1),(23,2025,1,0.00,0.00,'0',3,1),(24,2025,1,0.00,0.00,'0',4,1),(25,2025,1,0.00,0.00,'0',5,1),(26,2025,2,54.43,306.90,'0',1,1),(27,2025,2,24278.78,24056.14,'0',2,1),(28,2025,2,0.00,1.74,'0',3,1),(29,2025,2,0.00,0.00,'0',4,1),(30,2025,2,0.00,0.00,'0',5,1),(31,2025,3,306.90,407.07,'0',1,1),(32,2025,3,24056.14,24118.15,'0',2,1),(33,2025,3,1.74,0.00,'0',3,1),(34,2025,3,0.00,5.65,'0',4,1),(35,2025,3,0.00,0.00,'0',5,1),(36,2025,4,407.07,2.34,'0',1,1),(37,2025,4,24118.15,23518.68,'0',2,1),(38,2025,4,0.00,0.00,'0',3,1),(39,2025,4,5.65,0.00,'0',4,1),(40,2025,4,0.00,0.00,'0',5,1),(41,2025,5,2.34,0.00,'0',1,1),(42,2025,5,23518.68,22138.92,'0',2,1),(43,2025,5,0.00,0.00,'0',3,1),(44,2025,5,0.00,0.00,'0',4,1),(46,2025,5,0.00,0.00,'0',5,1);
/*!40000 ALTER TABLE `sta_statement` ENABLE KEYS */;
UNLOCK TABLES;

--
-- Table structure for table `sti_statement_item`
--

DROP TABLE IF EXISTS `sti_statement_item`;
/*!40101 SET @saved_cs_client     = @@character_set_client */;
/*!50503 SET character_set_client = utf8mb4 */;
CREATE TABLE `sti_statement_item` (
  `sti_identity` int NOT NULL AUTO_INCREMENT,
  `sti_movement_date` datetime NOT NULL,
  `sti_description` varchar(200) NOT NULL,
  `sti_document_number` varchar(50) NOT NULL,
  `sti_operation_type` varchar(1) NOT NULL,
  `sti_movement_value` decimal(11,2) NOT NULL,
  `sti_is_exported` varchar(1) NOT NULL,
  `sta_identity` int NOT NULL,
  `usr_identity` int NOT NULL,
  PRIMARY KEY (`sti_identity`),
  KEY `fk_sta_statement_sti` (`sta_identity`),
  CONSTRAINT `fk_sta_statement_sti` FOREIGN KEY (`sta_identity`) REFERENCES `sta_statement` (`sta_identity`),
  CONSTRAINT `sti_statement_item_chk_1` CHECK ((`sti_is_exported` in (_latin1'0',_latin1'1')))
) ENGINE=InnoDB AUTO_INCREMENT=2417 DEFAULT CHARSET=utf8mb4 COLLATE=utf8mb4_0900_ai_ci;
/*!40101 SET character_set_client = @saved_cs_client */;

--
-- Dumping data for table `sti_statement_item`
--

LOCK TABLES `sti_statement_item` WRITE;
/*!40000 ALTER TABLE `sti_statement_item` DISABLE KEYS */;
INSERT INTO `sti_statement_item` VALUES (873,'2024-05-01 12:00:00','Saldo Anterior','','C',563.12,'1',12,1),(874,'2024-05-02 12:00:00','Pix - Recebido -> 02/05 07:41 Salário Cast - Adiantamento','20.741.525.691.102','C',2000.00,'1',12,1),(875,'2024-05-02 12:00:00','Aplicação Poupança -> 02/05 07:44 Depósito de saldo anterior para poupança','602.793.510.044.671','D',563.12,'1',12,1),(876,'2024-05-02 12:00:00','Pix - Enviado -> 01/05 10:29 Neucina Pontes Soares','50.201','D',20.00,'1',12,1),(877,'2024-05-03 12:00:00','Telefone Pre-Pago -> 03/05 16:13 (85)98832-6786 Vivo','988.326.786.033.825','D',30.00,'1',12,1),(878,'2024-05-06 12:00:00','Pix - Recebido -> 05/05 13:34 36346192000130 MASCILENE D','149.268.467.542.651','C',6.00,'1',12,1),(879,'2024-05-06 12:00:00','Compra com Cartão -> 04/05 18:52 KALZONE INDUSTRIA E','167.956','D',17.90,'1',12,1),(880,'2024-05-06 12:00:00','Compra com Cartão -> 06/05 17:42 MP*FABRICADOPROFESSO','263.742','D',5.80,'1',12,1),(881,'2024-05-06 12:00:00','Pix - Enviado -> 05/05 11:28 Mascilene Da Silva Me','50.601','D',31.00,'1',12,1),(882,'2024-05-06 12:00:00','Pagamento de Boleto -> UNIMED FORTALEZA SOCIEDADE COO','50.602','D',910.14,'1',12,1),(883,'2024-05-06 12:00:00','Pagamento de Boleto -> UNIODONTO FORTALEZA COOPERATIV','50.603','D',49.68,'1',12,1),(884,'2024-05-06 12:00:00','Pix - Enviado -> 06/05 15:27 Arminda Chagas De Oliveira','50.604','D',13.50,'1',12,1),(885,'2024-05-07 12:00:00','Pix - Enviado -> 07/05 14:16 Secretaria Da Fazenda Do E','50.701','D',259.59,'1',12,1),(886,'2024-05-08 12:00:00','Pix - Recebido -> 08/05 19:18 Salário Cast - Complemento','81.918.467.073.762','C',4035.61,'1',12,1),(887,'2024-05-08 12:00:00','Pix - Enviado -> 08/05 13:52 Alipay/aliexpress - Pix','50.801','D',119.04,'1',12,1),(888,'2024-05-09 12:00:00','Compra com Cartão -> 09/05 23:06 PAG*RaiaDrogasilSA','183.210','D',17.08,'1',12,1),(889,'2024-05-09 12:00:00','Pix - Enviado -> 09/05 17:12 Bolo, doces, cupcakes -> Jessica Elien','50.901','D',310.00,'1',12,1),(890,'2024-05-10 12:00:00','Compra com Cartão -> 10/05 12:38 POSTO TETRA','145.499','D',100.00,'1',12,1),(891,'2024-05-10 12:00:00','Pix - Enviado -> 10/05 13:06 Tiago Queiroz Vidal','51.001','D',564.80,'1',12,1),(892,'2024-05-10 12:00:00','Pagamento de Boleto -> CONDOMINIO DO EDIF  FLAMBOYANT','51.002','D',459.00,'1',12,1),(893,'2024-05-10 12:00:00','Pagamento de Boleto -> COMPAHIA ENERGETICA CE COELCE','51.003','D',289.39,'1',12,1),(894,'2024-05-13 12:00:00','Transferido da poupança -> 13/05 18:05 Salvatore - Poupança para Crédito','2.793.510.044.671','C',258.00,'1',12,1),(895,'2024-05-13 12:00:00','Compra com Cartão -> 11/05 12:45 C A MODAS LJ 380','145.930','D',125.98,'1',12,1),(896,'2024-05-13 12:00:00','Compra com Cartão -> 12/05 13:15 PAG*CasaFreitas','247.713','D',70.76,'1',12,1),(897,'2024-05-13 12:00:00','Pix - Enviado -> 11/05 10:25 Arminda Chagas De Oliveira','51.301','D',13.50,'1',12,1),(898,'2024-05-13 12:00:00','Pix - Enviado -> 11/05 11:54 José Erivaldo Ferreira De','51.302','D',75.00,'1',12,1),(899,'2024-05-13 12:00:00','Pagamento de Boleto -> ITAU UNIBANCO HOLDING S.A.','51.303','D',1237.52,'1',12,1),(900,'2024-05-13 12:00:00','Pagamento de Telefone -> CLARO NE DDD 81 A 89','686','D',71.41,'1',12,1),(901,'2024-05-13 12:00:00','Pagamento de Telefone -> OI SA MOVEL','15.369','D',114.80,'1',12,1),(902,'2024-05-17 12:00:00','Compra com Cartão -> 17/05 06:13 NETFLIX ENTRETENIMEN','122.433','D',39.90,'1',12,1),(903,'2024-05-17 12:00:00','Compra com Cartão -> 17/05 07:25 PANIFICADORA IOLANDA','226.702','D',8.81,'1',12,1),(904,'2024-05-17 12:00:00','Pix - Enviado -> 17/05 10:31 Arminda Chagas De Oliveira','51.701','D',13.50,'1',12,1),(905,'2024-05-20 12:00:00','Pix - Rejeitado -> 19/05 13:57 PIX NAO EFETUADO. ERRO NO','191.357.522.061.092','C',66.97,'1',12,1),(906,'2024-05-20 12:00:00','Compra com Cartão -> 18/05 12:09 POSTO TETRA','143.740','D',100.00,'1',12,1),(907,'2024-05-20 12:00:00','Compra com Cartão -> 20/05 12:34 HNA*OBOTICARIO','145.268','D',12.00,'1',12,1),(908,'2024-05-20 12:00:00','Compra com Cartão -> 20/05 12:48 Monajo bordados','246.092','D',15.00,'1',12,1),(909,'2024-05-20 12:00:00','Compra com Cartão -> 18/05 20:16 FARMACIAS MA DOS REM','272.999','D',16.99,'1',12,1),(910,'2024-05-20 12:00:00','Compra com Cartão -> 20/05 13:55 ASSAI ATACADISTA','350.159','D',24.74,'1',12,1),(911,'2024-05-20 12:00:00','Compra com Cartão -> 19/05 14:21 SUPERM SAO LUIZ','351.679','D',42.54,'1',12,1),(912,'2024-05-20 12:00:00','Compra com Cartão -> 19/05 17:07 PINHEIRO SUPERMERCAD','661.667','D',5.32,'1',12,1),(913,'2024-05-20 12:00:00','Compra com Cartão -> 20/05 07:33 EXTRAFARMA JOSE LEON','727.189','D',18.41,'1',12,1),(914,'2024-05-20 12:00:00','Compra com Cartão -> 20/05 12:10 PAG*ChapaQuente','843.834','D',47.62,'1',12,1),(915,'2024-05-20 12:00:00','Pix - Enviado -> 18/05 13:35 Leandro Fernandes','52.001','D',100.00,'1',12,1),(916,'2024-05-20 12:00:00','Pix - Enviado -> 19/05 13:57 Antonio Alves Da Silva','52.002','D',66.97,'1',12,1),(917,'2024-05-20 12:00:00','Pix - Enviado -> 19/05 13:58 Antonio Alves Da Silva','52.003','D',66.97,'1',12,1),(918,'2024-05-20 12:00:00','Pagamento de Boleto -> UNIODONTO FORTALEZA COOPERATIV','52.004','D',48.60,'1',12,1),(919,'2024-05-20 12:00:00','Pix - Enviado -> 20/05 16:25 Walter Diego De Souza Frei','52.005','D',15.00,'1',12,1),(920,'2024-05-22 12:00:00','Compra com Cartão -> 22/05 07:57 EXTRAFARMA JOSE LEON','128.659','D',31.21,'1',12,1),(921,'2024-05-22 12:00:00','Pix - Enviado -> 22/05 09:18 Débora Almeida Albuquerque','52.201','D',35.00,'1',12,1),(922,'2024-05-23 12:00:00','Compra com Cartão -> 23/05 12:44 PAG*ChapaQuente','145.845','D',32.00,'1',12,1),(923,'2024-05-23 12:00:00','Pix - Enviado -> 23/05 14:35 Arminda Chagas De Oliveira','52.301','D',13.50,'1',12,1),(924,'2024-05-23 12:00:00','Pix - Enviado -> 23/05 22:07 Alimentação - Glauter Carneiro','52.302','D',30.00,'1',12,1),(925,'2024-05-24 12:00:00','Compra com Cartão -> 24/05 07:24 EXTRAFARMA DESEMBARG','126.686','D',37.99,'1',12,1),(926,'2024-05-24 12:00:00','Compra com Cartão -> 24/05 08:40 PANIFICADORA IOLANDA','231.226','D',26.00,'1',12,1),(927,'2024-05-24 12:00:00','Compra com Cartão -> 24/05 08:54 SUPERMERCADO COMETA','332.042','D',34.33,'1',12,1),(928,'2024-05-27 12:00:00','Compra com Cartão -> 25/05 10:42 PORTITALIA','138.573','D',47.27,'1',12,1),(929,'2024-05-27 12:00:00','Compra com Cartão -> 25/05 12:12 PAG*CasaFreitas','243.938','D',100.94,'1',12,1),(930,'2024-05-27 12:00:00','Compra com Cartão -> 25/05 12:57 SUPERMERCADO COMETA','346.624','D',113.27,'1',12,1),(931,'2024-05-27 12:00:00','Compra com Cartão -> 26/05 07:45 SOBRAL E PALACIO COMBUSTIVEL','627.958','D',80.00,'1',12,1),(932,'2024-05-27 12:00:00','Compra com Cartão -> 26/05 10:04 PANIFICADORA IOLANDA','736.265','D',41.30,'1',12,1),(933,'2024-05-27 12:00:00','Pix - Enviado -> 26/05 13:21 Mascilene Da Silva Me','52.701','D',30.00,'1',12,1),(934,'2024-05-27 12:00:00','Tarifa Pacote de Serviços -> Cobrança referente 27/05/24','881.481.100.008.000','D',14.20,'1',12,1),(935,'2024-05-28 12:00:00','Compra com Cartão -> 28/05 18:21 SUPERMERCADO COMETA','166.103','D',86.73,'1',12,1),(936,'2024-05-31 12:00:00','Compra com Cartão -> 31/05 07:36 MP*SJRACOES','127.401','D',7.00,'1',12,1),(937,'2024-06-01 12:00:00','Saldo Anterior','','C',57.58,'1',13,1),(938,'2024-06-03 12:00:00','Pix - Recebido -> 01/06 08:36 84609753391 WALTER DIEGO D','172.418.087.003.861','C',2000.00,'1',13,1),(939,'2024-06-03 12:00:00','Compra com Cartão -> 01/06 12:46 POSTO TETRA','145.989','D',100.00,'1',13,1),(940,'2024-06-03 12:00:00','Aplicação Poupança -> 01/06 08:33 WALTER DIEGO SOUZA FREIR','602.793.510.044.671','D',57.58,'1',13,1),(941,'2024-06-03 12:00:00','Telefone Pre-Pago -> 03/06 13:06 (85)98832-6786 Vivo','988.326.786.526.939','D',30.00,'1',13,1),(942,'2024-06-03 12:00:00','Pix - Enviado -> 01/06 08:38 Arminda Chagas De Oliveira','60.301','D',13.50,'1',13,1),(943,'2024-06-04 12:00:00','Compra com Cartão -> 04/06 07:39 PANIFICADORA IOLANDA','127.554','D',2.32,'1',13,1),(944,'2024-06-04 12:00:00','Compra com Cartão -> 04/06 20:24 BIG MONSTER','273.493','D',39.70,'1',13,1),(945,'2024-06-04 12:00:00','Compra com Cartão -> 04/06 20:41 PAG*RaiaDrogasilSA','374.514','D',101.72,'1',13,1),(946,'2024-06-05 12:00:00','Pix - Enviado -> 05/06 10:04 Magazine Luiza Marketplace','60.501','D',83.80,'1',13,1),(947,'2024-06-07 12:00:00','Pix - Recebido -> 07/06 12:11 00084609753391 WALTER DIEG','71.211.450.159.472','C',3990.92,'1',13,1),(948,'2024-06-07 12:00:00','Pix - Enviado -> 07/06 12:19 Tiago Queiroz Vidal','60.701','D',564.80,'1',13,1),(949,'2024-06-07 12:00:00','Pagamento de Boleto -> UNIMED FORTALEZA SOCIEDADE COO','60.702','D',1034.10,'1',13,1),(950,'2024-06-07 12:00:00','Pagamento de Boleto -> CONDOMINIO DO EDIF  FLAMBOYANT','60.703','D',459.00,'1',13,1),(951,'2024-06-07 12:00:00','Pix - Enviado -> 07/06 12:40 Secretaria Da Fazenda Do E','60.704','D',259.56,'1',13,1),(952,'2024-06-07 12:00:00','Pagamento de Boleto -> COMPAHIA ENERGETICA CE COELCE','60.705','D',306.94,'1',13,1),(953,'2024-06-10 12:00:00','Compra com Cartão -> 08/06 16:23 PG *TON GERISSA DOS','159.011','D',15.00,'1',13,1),(954,'2024-06-10 12:00:00','Compra com Cartão -> 10/06 11:39 PG *TON CIBELLY OLIV','241.991','D',6.00,'1',13,1),(955,'2024-06-10 12:00:00','Compra com Cartão -> 10/06 11:43 PG *TON CIBELLY OLIV','342.227','D',3.00,'1',13,1),(956,'2024-06-10 12:00:00','Pix - Enviado -> 08/06 10:24 Arminda Chagas De Oliveira','61.001','D',13.50,'1',13,1),(957,'2024-06-11 12:00:00','Pagamento de Telefone -> OI SA MOVEL','15.369','D',114.80,'1',13,1),(958,'2024-06-12 12:00:00','Compra com Cartão -> 12/06 18:56 SUPERM SAO LUIZ','168.187','D',31.88,'1',13,1),(959,'2024-06-12 12:00:00','Compra com Cartão -> 12/06 19:06 MP*FABRICADOPROFESSO','268.799','D',9.50,'1',13,1),(960,'2024-06-12 12:00:00','Pagamento de Telefone -> CLARO NE DDD 81 A 89','686','D',66.41,'1',13,1),(961,'2024-06-13 12:00:00','Compra com Cartão -> 13/06 07:33 PANIFICADORA IOLANDA','127.222','D',2.46,'1',13,1),(962,'2024-06-13 12:00:00','Compra com Cartão -> 13/06 12:27 OLIRIO COMERCIO DE D','244.849','D',80.00,'1',13,1),(963,'2024-06-13 12:00:00','Pix - Enviado -> 13/06 09:41 Polly Kids Ltda','61.301','D',75.00,'1',13,1),(964,'2024-06-14 12:00:00','Compra com Cartão -> 14/06 07:19 EXTRAFARMA JOSE LEON','126.351','D',15.98,'1',13,1),(965,'2024-06-14 12:00:00','Pagamento de Boleto -> ITAU UNIBANCO HOLDING S.A.','61.401','D',952.34,'1',13,1),(966,'2024-06-14 12:00:00','Pix - Enviado -> 14/06 12:45 C6 Bank','61.402','D',445.12,'1',13,1),(967,'2024-06-17 12:00:00','Pix - Recebido -> 15/06 17:36 04895209369 JESSICA ELIEN','184.837.927.995.351','C',24.00,'1',13,1),(968,'2024-06-17 12:00:00','Compra com Cartão -> 15/06 08:44 PANIFICADORA IOLANDA','131.482','D',11.98,'1',13,1),(969,'2024-06-17 12:00:00','Compra com Cartão -> 15/06 23:33 HOSP UNIMED FORTALEZ','284.804','D',25.00,'1',13,1),(970,'2024-06-17 12:00:00','Compra com Cartão -> 15/06 23:55 REDBIBIS COMERCIO','386.128','D',33.55,'1',13,1),(971,'2024-06-17 12:00:00','Compra com Cartão -> 16/06 13:12 SUPERMERCADO COMETA','647.532','D',5.69,'1',13,1),(972,'2024-06-17 12:00:00','Compra com Cartão -> 16/06 18:30 FARMACIAS MA DOS REM','766.608','D',31.00,'1',13,1),(973,'2024-06-17 00:00:00','Compra com Cartão -> 17/06 05:24 NETFLIX ENTRETENIMEN','819.489','D',39.90,'1',13,1),(974,'2024-06-17 00:00:00','Pix - Enviado -> 17/06 13:47 Amazon.com.br','61.701','D',78.90,'1',13,1),(975,'2024-06-18 00:00:00','Compra com Cartão -> 18/06 08:39 POSTO TETRA','131.171','D',100.00,'1',13,1),(976,'2024-06-18 00:00:00','Pix - Enviado -> 18/06 06:55 Arminda Chagas De Oliveira','61.801','D',13.50,'1',13,1),(977,'2024-06-18 00:00:00','Pagamento de Boleto -> UNIODONTO FORTALEZA COOPERATIV','61.802','D',48.60,'1',13,1),(978,'2024-06-19 00:00:00','Compra com Cartão -> 19/06 07:24 PAG*Biscoitando','126.654','D',13.00,'1',13,1),(979,'2024-06-19 00:00:00','Compra com Cartão -> 19/06 16:13 FARMACIA MARIA DOS R','258.404','D',10.00,'1',13,1),(980,'2024-06-19 00:00:00','Compra com Cartão -> 19/06 16:15 MP*FABRICADOPROFESSO','358.555','D',10.00,'1',13,1),(981,'2024-06-24 00:00:00','Compra com Cartão -> 22/06 08:21 MP*SJRACOES','130.067','D',7.00,'1',13,1),(982,'2024-06-24 00:00:00','Compra com Cartão -> 24/06 13:08 PAG*ChapaQuente','147.283','D',48.66,'1',13,1),(983,'2024-06-24 00:00:00','Compra com Cartão -> 22/06 08:28 PANIFICADORA IOLANDA','230.512','D',10.72,'1',13,1),(984,'2024-06-24 00:00:00','Compra com Cartão -> 24/06 14:39 ASSAI ATACADISTA','252.796','D',5.99,'1',13,1),(985,'2024-06-24 00:00:00','Compra com Cartão -> 22/06 13:21 SUPERMERCADO COMETA','348.114','D',18.55,'1',13,1),(986,'2024-06-24 00:00:00','Compra com Cartão -> 22/06 19:17 PAG*Biscoitando','669.474','D',60.00,'1',13,1),(987,'2024-06-24 00:00:00','Compra com Cartão -> 23/06 13:07 LEROY MERLIN','747.228','D',104.61,'1',13,1),(988,'2024-06-24 00:00:00','Compra com Cartão -> 23/06 14:26 REDBIBIS COMERCIO','851.973','D',9.46,'1',13,1),(989,'2024-06-24 00:00:00','Pix - Enviado -> 24/06 11:01 Agape Acate Atividades Cul','62.401','D',30.00,'1',13,1),(990,'2024-06-25 00:00:00','Tarifa Pacote de Serviços -> Cobrança referente 25/06/24','821.771.100.489.017','D',14.20,'1',13,1),(991,'2024-06-26 00:00:00','Compra com Cartão -> 26/06 07:18 PAG*Biscoitando','126.323','D',8.50,'1',13,1),(992,'2024-06-26 00:00:00','Compra com Cartão -> 26/06 12:28 SKINA DO BAIAO','244.895','D',14.45,'1',13,1),(993,'2024-06-26 00:00:00','Pix - Enviado -> 26/06 16:30 Arminda Chagas De Oliveira','62.601','D',13.50,'1',13,1),(994,'2024-06-27 00:00:00','Compra com Cartão -> 27/06 13:11 PICANHA DO ALEMAO','147.503','D',58.94,'1',13,1),(995,'2024-06-27 00:00:00','Compra com Cartão -> 27/06 21:30 PADARIA E CONFEITARI','277.452','D',58.60,'1',13,1),(996,'2024-06-27 00:00:00','Compra com Cartão -> 27/06 21:46 SOBRAL E PALACIO - P','378.377','D',80.00,'1',13,1),(997,'2024-06-28 00:00:00','Compra com Cartão -> 28/06 16:38 SUPERMERCADO COMETA','159.911','D',14.38,'1',13,1),(998,'2024-06-28 00:00:00','Compra com Cartão -> 28/06 20:20 SUPERMERCADO COMETA','273.207','D',45.03,'1',13,1),(999,'2024-06-28 00:00:00','Pix - Enviado -> 28/06 16:31 Edinaldo Oliveira Da Silva','62.801','D',30.00,'1',13,1),(1000,'2024-04-01 00:00:00','Saldo Anterior','','C',246.58,'1',14,1),(1001,'2024-04-01 00:00:00','Pix - Recebido -> 01/04 06:54 Salário Cast - Adiantamento','10.654.458.692.582','C',2000.00,'1',14,1),(1002,'2024-04-01 00:00:00','Compra com Cartão -> 29/03 16:53 PG *TON PARDAL SORVE','160.817','D',24.00,'1',14,1),(1003,'2024-04-01 00:00:00','Compra com Cartão -> 30/03 15:01 JUNIOR DA PICANHA','254.095','D',107.00,'1',14,1),(1004,'2024-04-01 00:00:00','Compra com Cartão -> 30/03 18:27 DUTI CAFE','366.429','D',4.00,'1',14,1),(1005,'2024-04-01 00:00:00','Compra com Cartão -> 30/03 18:54 GRAND PARKING','668.041','D',10.00,'1',14,1),(1006,'2024-04-01 00:00:00','Compra com Cartão -> 31/03 10:24 PANIFICADORA IOLANDA','737.465','D',31.53,'1',14,1),(1007,'2024-04-01 00:00:00','Aplicação Poupança -> 01/04 06:52 Depósito de saldo anterior para poupança','602.793.510.044.671','D',40.15,'1',14,1),(1008,'2024-04-01 00:00:00','Telefone Pre-Pago -> 01/04 16:36 (85)98832-6786 Vivo','988.326.786.040.347','D',30.00,'1',14,1),(1009,'2024-04-01 00:00:00','Pix - Enviado -> 30/03 11:17 Demerge','40.101','D',29.90,'1',14,1),(1010,'2024-04-02 00:00:00','Pagamento de Boleto -> CONDOMINIO DO EDIF  FLAMBOYANT','40.201','D',459.00,'1',14,1),(1011,'2024-04-03 00:00:00','Compra com Cartão -> 03/04 11:49 BARROS OLIVEIRA','142.570','D',60.00,'1',14,1),(1012,'2024-04-03 00:00:00','Pix - Enviado -> 03/04 08:10 Arminda Chagas De Oliveira','40.301','D',13.50,'1',14,1),(1013,'2024-04-04 00:00:00','Pix - Enviado -> 04/04 12:47 Alipay/aliexpress - Pix','40.403','D',120.64,'1',14,1),(1014,'2024-04-05 00:00:00','Pagamento de Boleto -> UNIMED FORTALEZA SOCIEDADE COO','40.501','D',963.97,'1',14,1),(1015,'2024-04-08 00:00:00','Pix - Recebido -> 08/04 17:57 Salário Cast - Complemento','126.098.632.734.231','C',4035.61,'1',14,1),(1016,'2024-04-08 00:00:00','Aplicação Poupança -> 08/04 18:01 WALTER DIEGO SOUZA FREIR','602.793.510.044.671','D',564.80,'1',14,1),(1017,'2024-04-08 00:00:00','Pix - Enviado -> 07/04 08:53 Pico.le.le','40.801','D',87.90,'1',14,1),(1018,'2024-04-08 00:00:00','Pix - Enviado -> 08/04 18:03 Secretaria Da Fazenda Do E - IPVA HB20s','40.803','D',259.59,'1',14,1),(1019,'2024-04-10 00:00:00','Pix - Enviado -> 10/04 10:35 Arminda Chagas De Oliveira','41.001','D',13.50,'1',14,1),(1020,'2024-04-10 00:00:00','Pagamento de Boleto -> COMPAHIA ENERGETICA CE COELCE','41.002','D',235.17,'1',14,1),(1021,'2024-04-10 00:00:00','Pagamento de Boleto -> ITAU UNIBANCO HOLDING S.A.','41.003','D',921.09,'1',14,1),(1022,'2024-04-11 00:00:00','Pix - Enviado -> 11/04 14:12 Jessica Elien Olimpio De S','41.101','D',100.00,'1',14,1),(1023,'2024-04-11 00:00:00','Pagamento de Telefone -> OI SA MOVEL','15.369','D',114.80,'1',14,1),(1024,'2024-04-12 00:00:00','Compra com Cartão -> 12/04 10:53 COMERCIAL NOBRE','139.185','D',12.00,'1',14,1),(1025,'2024-04-12 00:00:00','Pagamento de Telefone -> CLARO NE DDD 81 A 89','686','D',71.41,'1',14,1),(1026,'2024-04-15 00:00:00','Compra com Cartão -> 14/04 07:27 PAG*CadventureFor','126.858','D',15.00,'1',14,1),(1027,'2024-04-16 00:00:00','Transferido da poupança -> 16/04 14:46 Poupança Extra - Manutenção geladeira','2.793.510.044.671','C',700.00,'1',14,1),(1028,'2024-04-16 00:00:00','Compra com Cartão -> 16/04 07:52 MP*SJRACOES','128.352','D',7.00,'1',14,1),(1029,'2024-04-16 00:00:00','Pix - Enviado -> 16/04 09:56 Higor Eduardo - Manutenção Geladeira','41.601','D',30.00,'1',14,1),(1030,'2024-04-16 00:00:00','Pix - Enviado -> 16/04 12:38 Higor Eduardo - Manutenção Geladeira','41.602','D',670.00,'1',14,1),(1031,'2024-04-16 00:00:00','Pix - Enviado -> 16/04 14:48 Arminda Chagas De Oliveira','41.603','D',13.50,'1',14,1),(1032,'2024-04-17 00:00:00','Compra com Cartão -> 17/04 04:55 NETFLIX ENTRETENIMEN','117.700','D',39.90,'1',14,1),(1033,'2024-04-17 00:00:00','Pix - Enviado -> 17/04 13:59 Walter Diego De Souza Frei','41.702','D',15.00,'1',14,1),(1034,'2024-04-18 00:00:00','Pix - Recebido Vilde Freir -> 18/04 12:32 Vilde Freire - Precatório','e - Depósito','C',8000.00,'1',14,1),(1035,'2024-04-18 00:00:00','Compra com Cartão -> 18/04 07:31 PAGUE MENOS 491','127.080','D',25.99,'1',14,1),(1036,'2024-04-18 00:00:00','Compra com Cartão -> 18/04 11:59 ASSAI ATACADISTA','243.142','D',106.51,'1',14,1),(1037,'2024-04-18 00:00:00','Pix - Enviado -> 18/04 16:24 Edinaldo Oliveira Da Silva','41.801','D',30.00,'1',14,1),(1038,'2024-04-19 00:00:00','Compra com Cartão -> 19/04 15:02 PG *TON GERISSA DOS','154.147','D',15.00,'1',14,1),(1039,'2024-04-19 00:00:00','Compra com Cartão -> 19/04 16:10 GRAF PRIME','258.251','D',42.00,'1',14,1),(1040,'2024-04-19 00:00:00','Compra com Cartão -> 19/04 16:39 COMERCIAL NOBRE','359.996','D',22.50,'1',14,1),(1041,'2024-04-19 00:00:00','Compra com Cartão -> 19/04 20:14 BIG MONSTER','672.851','D',27.80,'1',14,1),(1042,'2024-04-22 00:00:00','Compra com Cartão -> 20/04 10:17 PAG*MarceloRodrigues','137.076','D',15.00,'1',14,1),(1043,'2024-04-22 00:00:00','Compra com Cartão -> 21/04 21:50 COMPLEXO SALVATORE','178.622','D',124.50,'1',14,1),(1044,'2024-04-22 00:00:00','Compra com Cartão -> 20/04 11:15 ALLEGRO MUNDO','240.510','D',4.99,'1',14,1),(1045,'2024-04-22 00:00:00','Compra com Cartão -> 20/04 18:36 PLANET PARK','367.004','D',50.00,'1',14,1),(1046,'2024-04-22 00:00:00','Compra com Cartão -> 20/04 20:08 JR TERRAZO RESTAURAN','672.531','D',69.80,'1',14,1),(1047,'2024-04-22 00:00:00','Compra com Cartão -> 21/04 13:07 SUPERMERCADO COMETA','747.267','D',26.41,'1',14,1),(1048,'2024-04-22 00:00:00','Compra com Cartão -> 21/04 21:45 NAINI STAKE BURGUER','878.349','D',152.51,'1',14,1),(1049,'2024-04-22 00:00:00','Aplicação Poupança -> 20/04 11:01 Vilde Freire - Precatório','602.793.510.044.671','D',8000.00,'1',14,1),(1050,'2024-04-22 00:00:00','Pix - Enviado -> 21/04 16:05 Pix Marketplace','42.202','D',39.90,'1',14,1),(1051,'2024-04-22 00:00:00','Pix - Enviado -> 22/04 14:22 Alexandre Matos Ltda','42.203','D',23.00,'1',14,1),(1052,'2024-04-23 00:00:00','Compra com Cartão -> 23/04 12:16 SUPERMERCADO COMETA','144.190','D',98.93,'1',14,1),(1053,'2024-04-23 00:00:00','Pix - Enviado -> 23/04 08:07 Arminda Chagas De Oliveira','42.301','D',13.50,'1',14,1),(1054,'2024-04-24 00:00:00','Compra com Cartão -> 24/04 08:59 PANIFICADORA IOLANDA','132.389','D',19.29,'1',14,1),(1055,'2024-04-24 00:00:00','Compra com Cartão -> 24/04 09:04 PAGUE MENOS 491','232.682','D',47.98,'1',14,1),(1056,'2024-04-24 00:00:00','Compra com Cartão -> 24/04 12:52 PAG*ChapaQuente','346.336','D',49.44,'1',14,1),(1057,'2024-04-24 00:00:00','Compra com Cartão -> 24/04 13:09 SO DANCA','647.389','D',35.00,'1',14,1),(1058,'2024-04-25 00:00:00','Compra com Cartão -> 25/04 21:29 OLIRIO COMERCIO D','177.343','D',100.00,'1',14,1),(1059,'2024-04-25 00:00:00','Compra com Cartão -> 25/04 22:30 OPY ACAI','281.018','D',66.00,'1',14,1),(1060,'2024-04-25 00:00:00','Tarifa Pacote de Serviços -> Cobrança referente 25/04/24','821.161.100.527.409','D',14.20,'1',14,1),(1061,'2024-04-26 00:00:00','Compra com Cartão -> 26/04 11:29 CLDO INOVI SHOPPI','141.370','D',120.74,'1',14,1),(1062,'2024-04-26 00:00:00','Compra com Cartão -> 26/04 12:58 KALZONE INDUSTRIA E','246.690','D',18.50,'1',14,1),(1063,'2024-04-26 00:00:00','Compra com Cartão -> 26/04 13:25 DOMINOS PIZZZA','348.348','D',18.80,'1',14,1),(1064,'2024-04-26 00:00:00','Pix - Enviado -> 26/04 12:48 Kalunga Sa','42.601','D',24.70,'1',14,1),(1065,'2024-04-29 00:00:00','Compra com Cartão -> 29/04 12:14 MP*FABRICADOPROFESSO','144.069','D',7.80,'1',14,1),(1066,'2024-04-29 00:00:00','Compra com Cartão -> 27/04 13:44 SUPERMERCADO COMETA','149.479','D',70.48,'1',14,1),(1067,'2024-04-29 00:00:00','Compra com Cartão -> 28/04 14:05 PADARIA E CONFEITARI','250.729','D',59.62,'1',14,1),(1068,'2024-04-29 00:00:00','Compra com Cartão -> 28/04 14:20 ANIMALE PET SHOP','351.623','D',11.80,'1',14,1),(1069,'2024-04-29 00:00:00','Compra com Cartão -> 28/04 14:46 PINHEIRO SUPERMERCAD','653.210','D',53.59,'1',14,1),(1070,'2024-04-29 00:00:00','Compra com Cartão -> 29/04 11:59 FARMACIAS MA DOS REM','743.165','D',5.00,'1',14,1),(1071,'2024-04-29 00:00:00','Compra com Cartão -> 29/04 12:12 SUPERMERCADO COMETA','843.928','D',46.78,'1',14,1),(1072,'2024-04-29 00:00:00','Pix - Enviado -> 27/04 22:32 Alimentação - Sushi - Renato Junior','42.901','D',21.00,'1',14,1),(1073,'2024-04-29 00:00:00','Pix - Enviado -> 27/04 22:34 Alimentação - Sushi - Breno Freire','42.902','D',21.00,'1',14,1),(1074,'2024-04-29 00:00:00','Pix - Enviado -> 29/04 15:49 Arminda Chagas De Oliveira','42.903','D',13.50,'1',14,1),(1075,'2024-04-30 00:00:00','Transferido da poupança -> 30/04 21:30 Poupança Crédito - Aniversário Filha','2.793.510.044.671','C',152.51,'1',14,1),(1076,'2024-04-30 00:00:00','Transferido da poupança -> 30/04 21:31 Poupança Crédito - Aniversário Filha','2.793.510.044.671','C',124.50,'1',14,1),(1077,'2024-04-30 00:00:00','Transferido da poupança -> 30/04 21:32 Poupança Crédito - Aniversário Filha','2.793.510.044.671','C',42.00,'1',14,1),(1078,'2024-04-30 00:00:00','Transferido da poupança -> 30/04 21:33 Poupança Crédito - Aniversário Filha','2.793.510.044.671','C',106.51,'1',14,1),(1079,'2024-04-30 00:00:00','Transferido da poupança -> 30/04 21:34 Poupança Crédito - Aniversário Filha','2.793.510.044.671','C',22.50,'1',14,1),(1080,'2024-04-30 00:00:00','Compra com Cartão -> 30/04 11:20 KALZONE INDUSTRIA E','140.814','D',32.80,'1',14,1),(1081,'2024-04-30 00:00:00','Compra com Cartão -> 30/04 19:08 SUPERMERCADO COMETA','268.904','D',56.38,'1',14,1),(1082,'2024-07-01 12:00:00','Saldo Anterior','','C',134.78,'1',15,1),(1083,'2024-07-01 12:00:00','Pix - Recebido -> 01/07 07:59 00084609753391 WALTER DIEG','198.315.840.455.461','C',2000.00,'1',15,1),(1084,'2024-07-01 12:00:00','Pix - Recebido -> 01/07 09:43 05009456400 MARIA VILDE DE','198.378.233.177.011','C',50.00,'1',15,1),(1085,'2024-07-01 12:00:00','Compra com Cartão -> 29/06 07:36 PAG*RaiaDrogasilSA','127.365','D',12.08,'1',15,1),(1086,'2024-07-01 12:00:00','Compra com Cartão -> 29/06 08:55 PANPANE PADARIA LTDA','232.100','D',41.91,'1',15,1),(1087,'2024-07-01 12:00:00','Compra com Cartão -> 30/06 09:19 PANIFICADORA IOLANDA','333.546','D',7.64,'1',15,1),(1088,'2024-07-01 12:00:00','Compra com Cartão -> 30/06 14:29 PG *TON PALICONE EUS','652.186','D',62.70,'1',15,1),(1089,'2024-07-01 12:00:00','Compra com Cartão -> 30/06 16:19 ESTACIONAMENTO RXN','758.797','D',8.00,'1',15,1),(1090,'2024-07-01 12:00:00','Compra com Cartão -> 01/07 13:05 PICANHA DO ALEMAO','847.133','D',55.21,'1',15,1),(1091,'2024-07-01 12:00:00','Aplicação Poupança -> 01/07 07:57 WALTER DIEGO SOUZA FREIR','602.793.510.044.671','D',2.45,'1',15,1),(1092,'2024-07-01 12:00:00','Pix - Enviado -> 01/07 10:32 Alipay/aliexpress - Pix','70.101','D',121.80,'1',15,1),(1093,'2024-07-02 12:00:00','Transferido da poupança -> 02/07 16:28 WALTER DIEGO SOUZA FREIR','2.793.510.044.671','C',2.45,'1',15,1),(1094,'2024-07-02 12:00:00','Compra com Cartão -> 02/07 15:11 LOJAS AMERICANAS','154.699','D',21.46,'1',15,1),(1095,'2024-07-02 12:00:00','Compra com Cartão -> 02/07 17:45 SANTANA JUNIOR CO','263.912','D',4.00,'1',15,1),(1096,'2024-07-02 12:00:00','Compra com Cartão -> 02/07 17:53 VIA SUL SHOPPING','364.380','D',15.00,'1',15,1),(1097,'2024-07-02 12:00:00','Aplicação Poupança -> 02/07 16:29 WALTER DIEGO SOUZA FREIR','602.793.510.044.671','D',134.78,'1',15,1),(1098,'2024-07-02 12:00:00','Pix - Enviado -> 02/07 20:02 Glauter Carneiro','70.201','D',45.00,'1',15,1),(1099,'2024-07-03 12:00:00','Compra com Cartão -> 03/07 11:20 FARMACIAS MA DOS REM','140.858','D',21.00,'1',15,1),(1100,'2024-07-03 12:00:00','Compra com Cartão -> 03/07 13:03 POSTO SAO DOMINGOS C','247.012','D',100.00,'1',15,1),(1101,'2024-07-04 12:00:00','Telefone Pre-Pago -> 04/07 08:45 (85)98832-6786 Vivo','988.326.786.008.654','D',30.00,'1',15,1),(1102,'2024-07-05 12:00:00','Compra com Cartão -> 05/07 23:15 PICANHA DO ALEMAO','183.735','D',40.00,'1',15,1),(1103,'2024-07-05 12:00:00','Pix - Enviado -> 05/07 09:56 Arminda Chagas De Oliveira','70.501','D',13.50,'1',15,1),(1104,'2024-07-05 12:00:00','Pix - Enviado -> 05/07 15:18 Unimed De Fortaleza','70.502','D',1180.22,'1',15,1),(1105,'2024-07-08 12:00:00','Pix - Recebido -> 08/07 20:38 00005009456400 MARIA VILDE','82.038.593.329.412','C',50.00,'1',15,1),(1106,'2024-07-08 12:00:00','Pix - Recebido -> 06/07 21:35 84609753391 WALTER DIEGO D','203.125.507.477.391','C',3965.41,'1',15,1),(1107,'2024-07-08 12:00:00','Compra com Cartão -> 06/07 19:36 PAG*CasaFreitas','170.617','D',100.80,'1',15,1),(1108,'2024-07-08 12:00:00','Pix - Enviado -> 06/07 21:40 Amazon.com.br','70.801','D',169.90,'1',15,1),(1109,'2024-07-08 12:00:00','Pagamento de Boleto -> CONDOMINIO DO EDIF  FLAMBOYANT','70.802','D',459.00,'1',15,1),(1110,'2024-07-09 12:00:00','Pix - Recebido -> 09/07 12:10 36346192000130 MASCILENE D','205.378.010.506.431','C',8.00,'1',15,1),(1111,'2024-07-09 12:00:00','Compra com Cartão -> 09/07 19:46 EXTRAFARMA DESEMBARG','171.180','D',92.69,'1',15,1),(1112,'2024-07-09 12:00:00','Pix - Enviado -> 09/07 11:15 Mascilene Da Silva Me','70.901','D',39.50,'1',15,1),(1113,'2024-07-09 12:00:00','Pix - Enviado -> 09/07 11:49 Arminda Chagas De Oliveira','70.902','D',5.00,'1',15,1),(1114,'2024-07-10 12:00:00','Pix - Recebido -> 10/07 12:39 01522368000697 BANCO BNP P','101.239.357.040.752','C',30.30,'1',15,1),(1115,'2024-07-11 12:00:00','Pix - Enviado -> 11/07 10:28 Arminda Chagas De Oliveira','71.101','D',13.50,'1',15,1),(1116,'2024-07-11 12:00:00','Pix - Enviado -> 11/07 16:07 Enel Distribuicao Ceara','71.102','D',320.45,'1',15,1),(1117,'2024-07-11 12:00:00','Pagamento de Boleto -> ITAU UNIBANCO HOLDING S.A.','71.103','D',532.54,'1',15,1),(1118,'2024-07-11 12:00:00','Pix - Enviado -> 11/07 16:15 C6 Bank','71.104','D',634.41,'1',15,1),(1119,'2024-07-11 12:00:00','Pix - Enviado -> 11/07 20:33 Walter Diego De Souza Frei','71.105','D',60.00,'1',15,1),(1120,'2024-07-11 12:00:00','Pagamento de Telefone -> OI SA MOVEL','15.369','D',114.80,'1',15,1),(1121,'2024-07-12 12:00:00','Pagamento de Telefone -> CLARO NE DDD 81 A 89','686','D',64.92,'1',15,1),(1122,'2024-07-15 12:00:00','Compra com Cartão -> 13/07 12:17 POSTO SAO DOMINGOS C','144.222','D',80.00,'1',15,1),(1123,'2024-07-15 12:00:00','Compra com Cartão -> 13/07 22:14 OPY ACAI','280.058','D',120.00,'1',15,1),(1124,'2024-07-15 12:00:00','Compra com Cartão -> 14/07 20:11 MK EUSEBIO','372.697','D',33.80,'1',15,1),(1125,'2024-07-15 12:00:00','Compra com Cartão -> 14/07 20:49 ESTACIONAMENTO RXN','674.949','D',8.00,'1',15,1),(1126,'2024-07-15 12:00:00','Compra com Cartão -> 15/07 12:56 MP*SJRACOES','746.590','D',7.00,'1',15,1),(1127,'2024-07-15 12:00:00','Pix - Enviado -> 13/07 15:31 R7 Comercio E Servicos De','71.501','D',76.94,'1',15,1),(1128,'2024-07-15 12:00:00','Pix - Enviado -> 15/07 15:59 Mooz Solucoes Financeiras','71.502','D',67.42,'1',15,1),(1129,'2024-07-16 12:00:00','Compra com Cartão -> 16/07 13:15 SUPERMERCADO COMETA','147.715','D',1.95,'1',15,1),(1130,'2024-07-17 12:00:00','Compra com Cartão -> 17/07 05:56 NETFLIX.COM','121.370','D',44.90,'1',15,1),(1131,'2024-07-22 12:00:00','Pix - Enviado -> 21/07 16:01 Glauter Carneiro','72.201','D',38.35,'1',15,1),(1132,'2024-07-22 12:00:00','Pix - Enviado -> 21/07 16:04 Glauter Carneiro','72.202','D',31.00,'1',15,1),(1133,'2024-07-24 12:00:00','Pix - Enviado -> 24/07 10:43 Arminda Chagas De Oliveira','72.401','D',13.50,'1',15,1),(1134,'2024-07-25 12:00:00','Compra com Cartão -> 25/07 12:56 PICANHA DO ALEMAO','146.601','D',25.37,'1',15,1),(1135,'2024-07-25 12:00:00','Compra com Cartão -> 25/07 19:23 SUPERMERCADO COMETA','269.826','D',105.18,'1',15,1),(1136,'2024-07-25 12:00:00','Tarifa Pacote de Serviços -> Cobrança referente 25/07/24','832.071.100.482.805','D',14.60,'1',15,1),(1137,'2024-07-26 12:00:00','Compra com Cartão -> 26/07 07:23 PANIFICADORA IOLANDA','126.585','D',12.05,'1',15,1),(1138,'2024-07-26 12:00:00','Compra com Cartão -> 26/07 07:28 POSTO SAO DOMINGOS C','226.910','D',80.00,'1',15,1),(1139,'2024-07-29 12:00:00','Compra com Cartão -> 29/07 14:02 SUPERMERCADO COMETA','150.549','D',60.38,'1',15,1),(1140,'2024-07-29 12:00:00','Compra com Cartão -> 29/07 14:05 SUPERMERCADO COMETA','250.758','D',9.99,'1',15,1),(1141,'2024-07-30 12:00:00','Compra com Cartão -> 30/07 21:29 PADARIA E CONFEITARI','177.390','D',43.79,'1',15,1),(1142,'2024-07-31 12:00:00','Restituição de IRPF','102.120.900.057.802','C',1527.65,'1',15,1),(1143,'2024-07-31 12:00:00','Pix - Enviado -> 31/07 13:51 Farmacias Maria Dos Remedi','73.101','D',61.00,'1',15,1),(1144,'2024-08-01 12:00:00','Saldo Anterior','','C',2309.11,'1',16,1),(1145,'2024-08-01 12:00:00','Pix - Recebido -> 01/08 18:31 84609753391 WALTER DIEGO D','225.479.158.802.481','C',2000.00,'1',16,1),(1146,'2024-08-01 12:00:00','Aplicação Poupança -> 01/08 18:39 WALTER DIEGO SOUZA FREIR','602.793.510.044.671','D',781.46,'1',16,1),(1147,'2024-08-01 12:00:00','Aplicação Poupança -> 01/08 18:41 WALTER DIEGO SOUZA FREIR','602.793.510.044.671','D',1527.65,'1',16,1),(1148,'2024-08-01 12:00:00','Pix - Enviado -> 01/08 18:33 Loterias Caixa','80.101','D',36.00,'1',16,1),(1149,'2024-08-01 12:00:00','Pagamento de Boleto -> UNIODONTO FORTALEZA COOPERATIV','80.102','D',49.60,'1',16,1),(1150,'2024-08-05 12:00:00','Compra com Cartão -> 04/08 08:15 POSTO SAO DOMINGOS C','129.714','D',80.00,'1',16,1),(1151,'2024-08-05 12:00:00','Compra com Cartão -> 04/08 10:29 BEACH PARK TEF','237.796','D',13.20,'1',16,1),(1152,'2024-08-05 12:00:00','Compra com Cartão -> 04/08 20:34 HENTS BURG','374.093','D',134.00,'1',16,1),(1153,'2024-08-05 12:00:00','Compra com Cartão -> 04/08 20:35 RosanaFilgueiras','674.107','D',13.40,'1',16,1),(1154,'2024-08-05 12:00:00','Telefone Pre-Pago -> 04/08 08:59 (85)98832-6786 Vivo','988.326.786.505.316','D',30.00,'1',16,1),(1155,'2024-08-05 12:00:00','Pix - Enviado -> 03/08 09:05 Arminda Chagas De Oliveira','80.501','D',13.50,'1',16,1),(1156,'2024-08-05 12:00:00','Pagamento de Boleto -> UNIMED FORTALEZA SOCIEDADE COO','80.502','D',1037.91,'1',16,1),(1157,'2024-08-06 12:00:00','Compra com Cartão -> 06/08 07:28 MP*SJRACOES','126.897','D',7.02,'1',16,1),(1158,'2024-08-07 12:00:00','Pix - Recebido -> 07/08 18:48 84609753391 WALTER DIEGO D','230.673.161.985.551','C',4000.51,'1',16,1),(1159,'2024-08-07 12:00:00','Compra com Cartão -> 07/08 08:11 PANIFICADORA IOLANDA','129.492','D',2.77,'1',16,1),(1160,'2024-08-07 12:00:00','Pagamento de Boleto -> CONDOMINIO DO EDIF  FLAMBOYANT','80.701','D',584.00,'1',16,1),(1161,'2024-08-08 12:00:00','Pagamento de Boleto -> COMPAHIA ENERGETICA CE COELCE','80.801','D',240.50,'1',16,1),(1162,'2024-08-12 12:00:00','Compra com Cartão -> 10/08 12:07 RIACHUELO-FILIAL.','143.629','D',59.90,'1',16,1),(1163,'2024-08-12 12:00:00','Compra com Cartão -> 10/08 12:45 SMS CHOCOLATES','245.913','D',5.00,'1',16,1),(1164,'2024-08-12 12:00:00','Compra com Cartão -> 10/08 13:25 SAL E BRASA','348.326','D',42.00,'1',16,1),(1165,'2024-08-12 12:00:00','Compra com Cartão -> 10/08 14:16 FORTALEZA IGUATEM','651.399','D',48.90,'1',16,1),(1166,'2024-08-12 12:00:00','Compra com Cartão -> 12/08 11:57 POSTO TETRA','743.067','D',100.00,'1',16,1),(1167,'2024-08-12 12:00:00','Pix - Enviado -> 12/08 09:20 Arminda Chagas De Oliveira','81.201','D',13.50,'1',16,1),(1168,'2024-08-12 12:00:00','Pagamento de Boleto -> ITAU UNIBANCO HOLDING S.A.','81.202','D',297.46,'1',16,1),(1169,'2024-08-12 12:00:00','Pix - Enviado -> 12/08 21:41 C6 Bank','81.203','D',729.90,'1',16,1),(1170,'2024-08-12 12:00:00','Pagamento de Telefone -> CLARO NE DDD 81 A 89','686','D',64.92,'1',16,1),(1171,'2024-08-12 12:00:00','Pagamento de Telefone -> OI SA MOVEL','15.369','D',114.80,'1',16,1),(1172,'2024-08-13 12:00:00','Compra com Cartão -> 13/08 07:27 EXTRAFARMA JOSE LEON','126.875','D',37.31,'1',16,1),(1173,'2024-08-13 12:00:00','Pix - Enviado -> 13/08 14:26 Barbara Ingred Santos Rodr','81.301','D',16.50,'1',16,1),(1174,'2024-08-14 12:00:00','Compra com Cartão -> 14/08 18:52 PAG*Santalolla','167.936','D',85.00,'1',16,1),(1175,'2024-08-14 12:00:00','Pix - Enviado -> 14/08 08:55 D.local','81.401','D',29.90,'1',16,1),(1176,'2024-08-16 12:00:00','Compra com Cartão -> 16/08 22:55 VASTO FORTALEZA','182.527','D',240.00,'1',16,1),(1177,'2024-08-16 12:00:00','Pix - Enviado -> 16/08 12:23 Edinaldo Oliveira Da Silva','81.601','D',30.00,'1',16,1),(1178,'2024-08-19 12:00:00','Compra com Cartão -> 17/08 07:31 NETFLIX ENTRETENIMEN','127.081','D',44.90,'1',16,1),(1179,'2024-08-19 12:00:00','Compra com Cartão -> 17/08 14:41 CUCA LEGAL','252.906','D',100.00,'1',16,1),(1180,'2024-08-19 12:00:00','Compra com Cartão -> 17/08 20:03 POSTO SAO DOMINGOS C','372.230','D',80.00,'1',16,1),(1181,'2024-08-19 12:00:00','Compra com Cartão -> 17/08 22:10 MePayFinancial','679.800','D',80.00,'1',16,1),(1182,'2024-08-19 12:00:00','Compra com Cartão -> 18/08 14:14 CAMARADA ADM FORTAL','751.289','D',100.00,'1',16,1),(1183,'2024-08-19 12:00:00','Pix - Enviado -> 17/08 11:23 Joao Jose Dos Santos','81.901','D',8.00,'1',16,1),(1184,'2024-08-20 12:00:00','Pix - Enviado -> 20/08 09:22 Arminda Chagas De Oliveira','82.001','D',13.50,'1',16,1),(1185,'2024-08-20 12:00:00','Pagamento de Boleto -> UNIODONTO FORTALEZA COOPERATIV','82.002','D',48.60,'1',16,1),(1186,'2024-08-21 12:00:00','Compra com Cartão -> 21/08 20:29 LEROY MERLIN','173.773','D',87.70,'1',16,1),(1187,'2024-08-21 12:00:00','Compra com Cartão -> 21/08 20:49 COBASI FORTALEZA','274.977','D',13.80,'1',16,1),(1188,'2024-08-22 12:00:00','Compra com Cartão -> 22/08 12:10 ComidariaSelf','143.841','D',45.92,'1',16,1),(1189,'2024-08-23 12:00:00','Pix - Enviado -> 23/08 20:05 Ifood','82.301','D',33.21,'1',16,1),(1190,'2024-08-26 12:00:00','Pix - Recebido -> 26/08 14:27 00005009456400 MARIA VILDE','261.427.098.263.462','C',7500.00,'1',16,1),(1191,'2024-08-26 12:00:00','Pix - Recebido -> 26/08 14:29 00005009456400 MARIA VILDE','261.429.050.531.972','C',2500.00,'1',16,1),(1192,'2024-08-26 12:00:00','Compra com Cartão -> 24/08 11:36 OLIRIO COMERCIO D','141.815','D',80.00,'1',16,1),(1193,'2024-08-26 12:00:00','Compra com Cartão -> 24/08 14:54 ARRETADO BAR E RESTA','253.666','D',4.50,'1',16,1),(1194,'2024-08-26 12:00:00','Compra com Cartão -> 24/08 14:56 ARRETADO BAR E RESTA','353.761','D',49.03,'1',16,1),(1195,'2024-08-26 12:00:00','Compra com Cartão -> 24/08 15:16 PAYGO*M P DE OLIVEIR','654.970','D',32.15,'1',16,1),(1196,'2024-08-26 12:00:00','Compra com Cartão -> 26/08 12:40 ComidariaSelf','745.634','D',42.40,'1',16,1),(1197,'2024-08-26 12:00:00','Aplicação Poupança -> 26/08 16:49 WALTER DIEGO SOUZA FREIR','602.793.510.044.671','D',10000.00,'1',16,1),(1198,'2024-08-26 12:00:00','Pix - Enviado -> 25/08 19:26 Ifood','82.601','D',36.90,'1',16,1),(1199,'2024-08-26 12:00:00','Pix - Enviado -> 26/08 16:51 Arminda Chagas De Oliveira','82.603','D',13.50,'1',16,1),(1200,'2024-08-26 12:00:00','Tarifa Pacote de Serviços -> Cobrança referente 26/08/24','882.391.100.630.684','D',14.60,'1',16,1),(1201,'2024-08-27 12:00:00','Transferido da poupança -> 27/08 10:16 WALTER DIEGO SOUZA FREIRE','12.793.510.044.671','C',47990.00,'1',16,1),(1202,'2024-08-27 12:00:00','Compra com Cartão -> 27/08 10:25 DUNAS CENTER','137.519','D',9.00,'1',16,1),(1203,'2024-08-27 12:00:00','Compra com Cartão -> 27/08 20:33 CA CHURRASCO IGUATEM','174.006','D',21.90,'1',16,1),(1204,'2024-08-27 12:00:00','Compra com Cartão -> 27/08 11:07 AGAPE ACATE ATIVIDAD','240.025','D',80.00,'1',16,1),(1205,'2024-08-27 12:00:00','Compra com Cartão -> 27/08 11:50 ComidariaSelf','342.630','D',47.62,'1',16,1),(1206,'2024-08-27 12:00:00','TED -> 60746948 03421279000175 BELFORT AUTOMO','563.687','D',47990.00,'1',16,1),(1207,'2024-08-27 12:00:00','Compra com Cartão -> 27/08 19:01 POSTO SAO DOMINGOS M','668.496','D',50.00,'1',16,1),(1208,'2024-08-27 12:00:00','Compra com Cartão -> 27/08 19:53 HNA*OBOTICARIO','771.614','D',149.90,'1',16,1),(1209,'2024-08-27 12:00:00','Compra com Cartão -> 27/08 20:29 KALZONE INDUSTRIA E','873.787','D',21.90,'1',16,1),(1210,'2024-08-27 12:00:00','TEDpessoal -> Cobrança referente 27/08/24','822.401.100.196.259','D',27.50,'1',16,1),(1211,'2024-08-28 12:00:00','Compra com Cartão -> 28/08 12:56 Felipemartinsde','146.572','D',26.80,'1',16,1),(1212,'2024-08-28 12:00:00','Compra com Cartão -> 28/08 13:02 SUPERMERCADO COMETA','246.950','D',13.13,'1',16,1),(1213,'2024-08-28 12:00:00','Compra com Cartão -> 28/08 13:14 MarceloRodrigues','347.695','D',8.00,'1',16,1),(1214,'2024-08-28 12:00:00','Compra com Cartão -> 28/08 22:13 ROBBIT FRIENDS AND F','679.996','D',178.50,'1',16,1),(1215,'2024-08-28 12:00:00','Compra com Cartão -> 28/08 22:13 PG *TON DEPOT MEDIEV','780.021','D',17.80,'1',16,1),(1216,'2024-08-28 12:00:00','Compra com Cartão -> 28/08 22:34 M S PARK ESTACION','881.265','D',20.00,'1',16,1),(1217,'2024-08-28 12:00:00','Pix - Enviado -> 28/08 14:44 Jessica Elien Olimpio De S','82.801','D',140.00,'1',16,1),(1218,'2024-08-30 12:00:00','Compra com Cartão -> 30/08 07:16 Biscoitando','126.167','D',4.50,'1',16,1),(1219,'2024-08-30 12:00:00','Compra com Cartão -> 30/08 07:30 PANIFICADORA IOLANDA','227.004','D',2.57,'1',16,1),(1220,'2024-08-30 12:00:00','Compra com Cartão -> 30/08 11:50 ComidariaSelf','342.646','D',26.00,'1',16,1),(1221,'2024-09-01 12:00:00','Saldo Anterior','','C',69.69,'1',17,1),(1222,'2024-09-02 12:00:00','Pix - Recebido -> 01/09 08:28 00084609753391 WALTER DIEG','10.828.279.459.112','C',2000.00,'1',17,1),(1223,'2024-09-02 12:00:00','Compra com Cartão -> 31/08 20:43 SUPERMERCADO COMETA','174.589','D',5.68,'1',17,1),(1224,'2024-09-02 12:00:00','Compra com Cartão -> 01/09 08:29 POSTO TETRA','230.542','D',40.00,'1',17,1),(1225,'2024-09-02 12:00:00','Compra com Cartão -> 02/09 19:49 KALZONE INDUSTRIA E','371.352','D',18.90,'1',17,1),(1226,'2024-09-02 12:00:00','Pix - Enviado -> 31/08 12:59 Mascilene Da Silva Me','90.201','D',36.00,'1',17,1),(1227,'2024-09-02 12:00:00','Pix - Enviado -> 01/09 09:54 Cassiano Pereira Da Silva','90.202','D',3.00,'1',17,1),(1228,'2024-09-02 12:00:00','Pix - Enviado -> 01/09 10:15 Erinaldo Lucas Da Silva','90.203','D',24.00,'1',17,1),(1229,'2024-09-02 12:00:00','Pix - Enviado -> 02/09 08:42 Leandro Fernandes','90.204','D',105.00,'1',17,1),(1230,'2024-09-02 12:00:00','Pix - Enviado -> 02/09 10:00 Arminda Chagas De Oliveira','90.205','D',13.50,'1',17,1),(1231,'2024-09-02 12:00:00','Pix - Enviado -> 02/09 12:39 Pagarme Pagamentos Sa','90.206','D',82.45,'1',17,1),(1232,'2024-09-04 12:00:00','Telefone Pre-Pago -> 04/09 08:55 (85)98832-6786 Vivo','988.326.786.009.811','D',30.00,'1',17,1),(1233,'2024-09-05 12:00:00','Compra com Cartão -> 05/09 07:26 Biscoitando','126.775','D',9.50,'1',17,1),(1234,'2024-09-05 12:00:00','Pagamento de Boleto -> UNIMED FORTALEZA SOCIEDADE COO','90.501','D',1411.50,'1',17,1),(1235,'2024-09-06 12:00:00','Pix - Recebido -> 06/09 23:39 84609753391 WALTER DIEGO D','256.767.657.974.971','C',4045.85,'1',17,1),(1236,'2024-09-06 12:00:00','Pix - Enviado -> 06/09 17:40 Linard Phones Ltda','90.601','D',250.00,'1',17,1),(1237,'2024-09-09 12:00:00','Compra com Cartão -> 08/09 13:59 POSTO SAO DOMINGOS C','150.391','D',100.00,'1',17,1),(1238,'2024-09-09 12:00:00','Pix - Enviado -> 07/09 17:11 Cassiano Pereira Da Silva','90.901','D',11.00,'1',17,1),(1239,'2024-09-09 12:00:00','Pagamento de Boleto -> CONDOMINIO DO EDIF  FLAMBOYANT','90.902','D',584.00,'1',17,1),(1240,'2024-09-09 12:00:00','Pagamento de Boleto -> COMPAHIA ENERGETICA CE COELCE','90.903','D',227.43,'1',17,1),(1241,'2024-09-09 12:00:00','Pix - Enviado -> 09/09 16:45 C6 Bank','90.904','D',2122.49,'1',17,1),(1242,'2024-09-09 12:00:00','Pagamento de Boleto -> ITAU UNIBANCO HOLDING S.A.','90.905','D',281.52,'1',17,1),(1243,'2024-09-09 12:00:00','Pix - Enviado -> 09/09 17:11 Arminda Chagas De Oliveira','90.906','D',15.50,'1',17,1),(1244,'2024-09-11 12:00:00','Compra com Cartão -> 11/09 11:39 MP*SJRACOES','141.961','D',7.00,'1',17,1),(1245,'2024-09-11 12:00:00','Pagamento de Telefone -> OI SA MOVEL','15.369','D',115.52,'1',17,1),(1246,'2024-09-12 12:00:00','Compra com Cartão -> 12/09 07:31 Biscoitando','127.069','D',5.50,'1',17,1),(1247,'2024-09-12 12:00:00','Compra com Cartão -> 12/09 16:13 SUPERMERCADO PINHEIR','258.425','D',6.00,'1',17,1),(1248,'2024-09-12 12:00:00','Pagamento de Telefone -> CLARO NE DDD 81 A 89','686','D',75.02,'1',17,1),(1249,'2024-09-13 12:00:00','Compra com Cartão -> 13/09 16:58 PANIFICADORA IOLANDA','161.089','D',3.04,'1',17,1),(1250,'2024-09-13 12:00:00','Pix - Enviado -> 13/09 08:39 Marcio Silva De Almeida','91.301','D',30.00,'1',17,1),(1251,'2024-09-16 12:00:00','Compra com Cartão -> 14/09 12:27 POSTO SAO DOMINGOS C','144.833','D',80.00,'1',17,1),(1252,'2024-09-16 12:00:00','Compra com Cartão -> 14/09 16:39 EDSONGOURMET','259.976','D',39.99,'1',17,1),(1253,'2024-09-16 12:00:00','Pix - Enviado -> 14/09 10:24 Francisca Carolina Da Silv','91.601','D',33.00,'1',17,1),(1254,'2024-09-16 12:00:00','Pix - Enviado -> 15/09 21:22 Pix Marketplace','91.602','D',56.99,'1',17,1),(1255,'2024-09-17 12:00:00','Pix - Recebido -> 17/09 19:19 00084609753391 WALTER DIEG','171.919.283.849.142','C',10000.00,'1',17,1),(1256,'2024-09-17 12:00:00','Compra com Cartão -> 17/09 06:47 NETFLIX.COM','124.462','D',44.90,'1',17,1),(1257,'2024-09-17 12:00:00','Pix - Enviado -> 17/09 09:03 Arminda Chagas De Oliveira','91.701','D',14.50,'1',17,1),(1258,'2024-09-23 12:00:00','Transferido da poupança -> 23/09 17:18 WALTER DIEGO SOUZA FREIR','2.793.510.044.671','C',200.00,'1',17,1),(1259,'2024-09-23 12:00:00','Compra com Cartão -> 23/09 13:09 CAFE CULTIVE','147.360','D',32.70,'1',17,1),(1260,'2024-09-23 12:00:00','Compra com Cartão -> 23/09 13:23 CAFE CULTIVE','248.229','D',10.90,'1',17,1),(1261,'2024-09-23 12:00:00','Compra com Cartão -> 23/09 14:04 RaiaDrogasilSA','350.654','D',81.58,'1',17,1),(1262,'2024-09-23 12:00:00','Aplicação Poupança -> 22/09 21:25 WALTER DIEGO SOUZA FREIR','602.793.510.044.671','D',69.69,'1',17,1),(1263,'2024-09-23 12:00:00','Aplicação Poupança -> 22/09 21:33 WALTER DIEGO SOUZA FREIR','602.793.510.044.671','D',10000.00,'1',17,1),(1264,'2024-09-23 12:00:00','Pix - Enviado -> 21/09 12:03 Mascilene Da Silva Me','92.301','D',30.00,'1',17,1),(1265,'2024-09-23 12:00:00','Pix - Enviado -> 23/09 17:19 Arminda Chagas De Oliveira','92.302','D',14.50,'1',17,1),(1266,'2024-09-24 12:00:00','Compra com Cartão -> 24/09 12:05 ComidariaSelf','143.548','D',26.00,'1',17,1),(1267,'2024-09-24 12:00:00','Compra com Cartão -> 24/09 12:10 OLIRIO COMERCIO D','243.826','D',80.00,'1',17,1),(1268,'2024-09-25 12:00:00','Tarifa Pacote de Serviços -> Cobrança referente 25/09/24','822.691.100.480.306','D',14.60,'1',17,1),(1269,'2024-09-26 12:00:00','Compra com Cartão -> 26/09 08:09 PANIFICADORA IOLANDA','129.344','D',9.15,'1',17,1),(1270,'2024-09-26 12:00:00','Pix - Enviado -> 26/09 09:31 Alipay/aliexpress - Pix','92.601','D',26.96,'1',17,1),(1271,'2024-09-27 12:00:00','Transferido da poupança -> 27/09 17:20 WALTER DIEGO SOUZA FREIR','2.793.510.044.671','C',200.00,'1',17,1),(1272,'2024-09-27 12:00:00','Compra com Cartão -> 27/09 07:23 Biscoitando','126.631','D',9.50,'1',17,1),(1273,'2024-09-27 12:00:00','Compra com Cartão -> 27/09 08:14 Biscoitando','229.679','D',11.50,'1',17,1),(1274,'2024-09-27 12:00:00','Compra com Cartão -> 27/09 14:52 IDEALE CAFE','353.544','D',4.00,'1',17,1),(1275,'2024-09-27 12:00:00','Compra com Cartão -> 27/09 21:54 Ilovehotdog','778.863','D',53.00,'1',17,1),(1276,'2024-09-27 12:00:00','Pix - Enviado -> 27/09 17:24 Walter Diego De Souza Frei','92.701','D',51.00,'1',17,1),(1277,'2024-09-30 12:00:00','Transferido da poupança -> 28/09 12:48 WALTER DIEGO SOUZA FREIR','2.793.510.044.671','C',200.00,'1',17,1),(1278,'2024-09-30 12:00:00','Compra com Cartão -> 29/09 10:29 PANIFICADORA IOLANDA','137.765','D',24.00,'1',17,1),(1279,'2024-09-30 12:00:00','Compra com Cartão -> 28/09 13:10 LOJAS RENNER FL 8','147.454','D',59.90,'1',17,1),(1280,'2024-09-30 12:00:00','Compra com Cartão -> 28/09 13:50 KINA IGUATEMI','249.806','D',25.90,'1',17,1),(1281,'2024-09-30 12:00:00','Compra com Cartão -> 29/09 18:00 SUPERMERCADO COMETA','264.847','D',70.68,'1',17,1),(1282,'2024-09-30 12:00:00','Compra com Cartão -> 28/09 13:54 KALZONE INDUSTRIA E','350.048','D',20.50,'1',17,1),(1283,'2024-09-30 12:00:00','Compra com Cartão -> 28/09 14:34 JOHNNY JOY MILKSHAKE','652.480','D',22.00,'1',17,1),(1284,'2024-09-30 12:00:00','Pix - Enviado -> 28/09 14:35 Iap  Cosmeticos','93.001','D',41.99,'1',17,1),(1285,'2024-09-30 12:00:00','Pix - Enviado -> 29/09 01:22 Ana Paula Da Silva Fernand','93.002','D',20.00,'1',17,1),(1286,'2024-10-01 12:00:00','Saldo Anterior','','C',22.56,'1',18,1),(1287,'2024-10-01 12:00:00','Pix - Recebido -> 01/10 07:06 00084609753391 WALTER DIEG','10.706.231.382.572','C',2000.00,'1',18,1),(1288,'2024-10-01 12:00:00','Compra com Cartão -> 01/10 16:33 POSTO TETRA','159.607','D',239.36,'1',18,1),(1289,'2024-10-02 12:00:00','Pix - Enviado -> 02/10 14:42 Arminda Chagas De Oliveira','100.201','D',14.50,'1',18,1),(1290,'2024-10-02 12:00:00','Pagamento de Boleto -> UNIODONTO FORTALEZA COOPERATIV','100.202','D',49.60,'1',18,1),(1291,'2024-10-04 12:00:00','Pix - Recebido -> 04/10 11:11 00066717256320 WALTER BREN','41.111.104.258.832','C',117.00,'1',18,1),(1292,'2024-10-04 12:00:00','Pagamento de Boleto -> UNIMED FORTALEZA SOCIEDADE COO','100.401','D',1227.09,'1',18,1),(1293,'2024-10-04 12:00:00','Pagamento de Boleto -> UNIODONTO FORTALEZA COOPERATIV','100.402','D',48.60,'1',18,1),(1294,'2024-10-07 12:00:00','Pix - Recebido -> 06/10 10:04 00084609753391 WALTER DIEG','61.004.488.454.462','C',10000.00,'1',18,1),(1295,'2024-10-07 12:00:00','Pix - Recebido -> 07/10 14:06 00084609753391 WALTER DIEG','71.406.477.460.092','C',4014.65,'1',18,1),(1296,'2024-10-07 12:00:00','Compra com Cartão -> 05/10 19:45 LOJAS RENNER FL 8','171.120','D',55.90,'1',18,1),(1297,'2024-10-07 12:00:00','Telefone Pre-Pago -> 06/10 12:45 (85)98832-6786 Vivo','988.326.786.021.234','D',30.00,'1',18,1),(1298,'2024-10-07 12:00:00','Pix - Enviado -> 05/10 11:30 Mascilene Da Silva Me','100.701','D',30.00,'1',18,1),(1299,'2024-10-07 12:00:00','Pix - Enviado -> 05/10 18:40 Hans Timur Kretschmer Tava','100.702','D',20.00,'1',18,1),(1300,'2024-10-07 12:00:00','Pix - Enviado -> 06/10 12:21 Mascilene Da Silva Me','100.703','D',20.00,'1',18,1),(1301,'2024-10-07 12:00:00','Pix - Enviado -> 07/10 17:32 Barbara Rafaela E Olimpio','100.704','D',40.00,'1',18,1),(1302,'2024-10-08 12:00:00','Compra com Cartão -> 08/10 07:38 Biscoitando','127.539','D',10.00,'1',18,1),(1303,'2024-10-08 12:00:00','Compra com Cartão -> 08/10 07:50 PANIFICADORA IOLANDA','228.255','D',7.01,'1',18,1),(1304,'2024-10-08 12:00:00','Pagamento de Boleto -> CONDOMINIO DO EDIF  FLAMBOYANT','100.801','D',584.00,'1',18,1),(1305,'2024-10-08 12:00:00','Pix - Enviado -> 08/10 12:21 D&s Sistemas Eletrônicos','100.802','D',50.00,'1',18,1),(1306,'2024-10-09 12:00:00','Compra com Cartão -> 09/10 19:28 PBKIDS 9084','170.096','D',49.99,'1',18,1),(1307,'2024-10-09 12:00:00','Compra com Cartão -> 09/10 20:09 NUTRICEARA PROD NATU','272.585','D',19.50,'1',18,1),(1308,'2024-10-09 12:00:00','Compra com Cartão -> 09/10 20:22 CENTAURO CE47','373.365','D',79.99,'1',18,1),(1309,'2024-10-09 12:00:00','Compra com Cartão -> 09/10 21:00 CEA MODAS    0380','675.601','D',119.98,'1',18,1),(1310,'2024-10-09 12:00:00','Compra com Cartão -> 09/10 21:09 KALZONE INDUSTRIA E','776.172','D',29.40,'1',18,1),(1311,'2024-10-09 12:00:00','Aplicação Poupança -> 09/10 13:32 WALTER DIEGO SOUZA FREIR','602.793.510.044.671','D',10000.00,'1',18,1),(1312,'2024-10-09 12:00:00','Pix - Enviado -> 09/10 10:41 Arminda Chagas De Oliveira','100.901','D',14.50,'1',18,1),(1313,'2024-10-09 12:00:00','Pix - Enviado -> 09/10 13:31 C6 Bank','100.902','D',2125.37,'1',18,1),(1314,'2024-10-10 12:00:00','Compra com Cartão -> 10/10 14:03 MP*SJRACOES','150.586','D',13.50,'1',18,1),(1315,'2024-10-10 12:00:00','Pagamento de Boleto -> COMPAHIA ENERGETICA CE COELCE','101.001','D',234.52,'1',18,1),(1316,'2024-10-11 12:00:00','Compra com Cartão -> 11/10 14:03 MP*FABRICADOPROFESSO','150.588','D',17.30,'1',18,1),(1317,'2024-10-11 12:00:00','Pagamento de Boleto -> ITAU UNIBANCO HOLDING S.A.','101.101','D',109.56,'1',18,1),(1318,'2024-10-11 12:00:00','Pix - Enviado -> 11/10 14:09 Gracineta Maria Serra Roch','101.102','D',65.00,'1',18,1),(1319,'2024-10-11 12:00:00','Pagamento de Telefone -> OI SA MOVEL','15.369','D',115.52,'1',18,1),(1320,'2024-10-14 12:00:00','Pix - Recebido -> 13/10 14:59 00001035422301 BARBARA RAF','131.459.351.339.712','C',250.00,'1',18,1),(1321,'2024-10-14 12:00:00','Compra com Cartão -> 13/10 10:22 VIRA VERAO','137.330','D',20.00,'1',18,1),(1322,'2024-10-14 12:00:00','Pix - Enviado -> 12/10 11:28 Tomodati Food Ltda','101.401','D',76.00,'1',18,1),(1323,'2024-10-14 12:00:00','Pix - Enviado -> 12/10 17:21 Walter Diego De Souza Frei','101.402','D',33.00,'1',18,1),(1324,'2024-10-14 12:00:00','Pix - Enviado -> 13/10 16:56 Okto Tech Ltda.','101.403','D',9.37,'1',18,1),(1325,'2024-10-14 12:00:00','Pagamento de Telefone -> CLARO NE DDD 81 A 89','686','D',79.90,'1',18,1),(1326,'2024-10-15 12:00:00','Pix - Recebido -> 15/10 22:04 84609753391 WALTER DIEGO D','290.406.736.016.401','C',79.03,'1',18,1),(1327,'2024-10-15 12:00:00','Compra com Cartão -> 15/10 07:51 PAGUE MENOS 491','128.261','D',12.34,'1',18,1),(1328,'2024-10-15 12:00:00','Pix - Enviado -> 15/10 09:09 Alipay/aliexpress - Pix','101.501','D',134.72,'1',18,1),(1329,'2024-10-16 12:00:00','Pix - Enviado -> 16/10 16:29 Arminda Chagas De Oliveira','101.601','D',14.50,'1',18,1),(1330,'2024-10-17 12:00:00','Compra com Cartão -> 17/10 06:38 NETFLIX ENTRETENIMEN','123.909','D',44.90,'1',18,1),(1331,'2024-10-17 12:00:00','Compra com Cartão -> 17/10 07:36 PANIFICADORA IOLANDA','227.379','D',3.78,'1',18,1),(1332,'2024-10-18 12:00:00','Compra com Cartão -> 18/10 07:29 Biscoitando','126.976','D',8.50,'1',18,1),(1333,'2024-10-18 12:00:00','Compra com Cartão -> 18/10 12:01 SUPERMERCADO COMETA','243.307','D',13.58,'1',18,1),(1334,'2024-10-21 12:00:00','Compra com Cartão -> 19/10 12:31 AutoCell','145.119','D',40.00,'1',18,1),(1335,'2024-10-21 12:00:00','Compra com Cartão -> 19/10 19:54 WMB SUPERMERCADOS','271.677','D',80.00,'1',18,1),(1336,'2024-10-21 12:00:00','Compra com Cartão -> 20/10 12:20 POSTO TETRA','344.411','D',80.00,'1',18,1),(1337,'2024-10-23 12:00:00','Compra com Cartão -> 23/10 20:53 OPY ACAI','175.229','D',68.09,'1',18,1),(1338,'2024-10-24 12:00:00','Compra com Cartão -> 24/10 07:22 Biscoitando','126.525','D',8.50,'1',18,1),(1339,'2024-10-24 12:00:00','Compra com Cartão -> 24/10 07:54 SUPERMERCADO COMETA','228.480','D',71.16,'1',18,1),(1340,'2024-10-24 12:00:00','Pix - Enviado -> 24/10 09:59 Arminda Chagas De Oliveira','102.401','D',14.50,'1',18,1),(1341,'2024-10-24 12:00:00','Pix - Enviado -> 24/10 12:31 Glauter Carneiro','102.402','D',30.00,'1',18,1),(1342,'2024-10-25 12:00:00','Compra com Cartão -> 25/10 12:05 EXTRAFARMA JOSE LEON','143.503','D',33.70,'1',18,1),(1343,'2024-10-25 12:00:00','Compra com Cartão -> 25/10 20:23 Ilovehotdog','273.438','D',29.00,'1',18,1),(1344,'2024-10-25 12:00:00','Tarifa Pacote de Serviços -> Cobrança referente 25/10/24','822.991.100.506.625','D',14.60,'1',18,1),(1345,'2024-10-28 12:00:00','Transferido da poupança -> 26/10 17:51 WALTER DIEGO SOUZA FREIR','2.793.510.044.671','C',500.00,'1',18,1),(1346,'2024-10-28 12:00:00','Compra com Cartão -> 28/10 11:58 ComidariaSelf','143.083','D',26.00,'1',18,1),(1347,'2024-10-28 12:00:00','Compra com Cartão -> 26/10 17:53 POSTO TETRA','164.390','D',80.00,'1',18,1),(1348,'2024-10-28 12:00:00','Compra com Cartão -> 28/10 12:33 COMERCIAL NOBRE','245.213','D',17.00,'1',18,1),(1349,'2024-10-28 12:00:00','Compra com Cartão -> 26/10 19:26 JR TERRAZO RESTAURAN','270.004','D',27.90,'1',18,1),(1350,'2024-10-28 12:00:00','Compra com Cartão -> 26/10 19:31 COMPANHIA DO CHURRAS','370.303','D',15.30,'1',18,1),(1351,'2024-10-28 12:00:00','Compra com Cartão -> 26/10 20:20 MC DONALDS EOM','673.248','D',29.70,'1',18,1),(1352,'2024-10-28 12:00:00','Compra com Cartão -> 27/10 11:42 ASSAI  ATACADISTA','742.158','D',64.29,'1',18,1),(1353,'2024-10-28 12:00:00','Compra com Cartão -> 27/10 20:57 SUPERMERCADO COMETA','875.425','D',37.27,'1',18,1),(1354,'2024-10-28 12:00:00','Pix - Enviado -> 26/10 10:45 Edinaldo Oliveira Da Silva','102.801','D',30.00,'1',18,1),(1355,'2024-10-28 12:00:00','Pix - Enviado -> 26/10 12:30 Mascilene Da Silva Me','102.802','D',35.00,'1',18,1),(1356,'2024-10-29 12:00:00','Compra com Cartão -> 29/10 07:24 Biscoitando','126.650','D',8.50,'1',18,1),(1357,'2024-10-29 12:00:00','Compra com Cartão -> 29/10 19:08 SANTA PASTELARIA R','168.889','D',18.00,'1',18,1),(1358,'2024-10-29 12:00:00','Compra com Cartão -> 29/10 09:29 PANIFICADORA IOLANDA','234.195','D',5.61,'1',18,1),(1359,'2024-10-29 12:00:00','Compra com Cartão -> 29/10 19:45 SORVETES FROSTY RESE','271.125','D',14.95,'1',18,1),(1360,'2024-10-29 12:00:00','Compra com Cartão -> 29/10 11:59 ComidariaSelf','343.150','D',20.00,'1',18,1),(1361,'2024-10-29 12:00:00','Compra com Cartão -> 29/10 12:23 SUPERMERCADO COMETA','644.627','D',39.99,'1',18,1),(1362,'2024-10-29 12:00:00','Compra com Cartão -> 29/10 15:54 RaiaDrogasilSA','757.256','D',17.45,'1',18,1),(1363,'2024-10-29 12:00:00','Compra com Cartão -> 29/10 19:06 EOS PIZZARIA','868.777','D',23.40,'1',18,1),(1364,'2024-10-30 12:00:00','Compra com Cartão -> 30/10 11:52 ComidariaSelf','142.760','D',20.00,'1',18,1),(1365,'2024-10-30 12:00:00','Pix - Enviado -> 30/10 12:01 Walter Diego De Souza Frei','103.001','D',30.00,'1',18,1),(1366,'2024-10-31 12:00:00','Compra com Cartão -> 31/10 07:17 Biscoitando','126.245','D',8.50,'1',18,1),(1367,'2024-10-31 12:00:00','Compra com Cartão -> 31/10 07:32 PANIFICADORA IOLANDA','227.163','D',3.35,'1',18,1),(1368,'2024-10-31 12:00:00','Pix - Enviado -> 31/10 14:47 Arminda Chagas De Oliveira','103.101','D',14.50,'1',18,1),(1369,'2024-11-01 12:00:00','Saldo Anterior','','C',56.20,'1',19,1),(1370,'2024-11-01 12:00:00','Transferido da poupança -> 01/11 11:59 WALTER DIEGO SOUZA FREIR','2.793.510.044.671','C',1331.37,'1',19,1),(1371,'2024-11-01 12:00:00','Pix - Recebido -> 01/11 08:00 84609753391 WALTER DIEGO D','304.585.534.657.171','C',2000.00,'1',19,1),(1372,'2024-11-01 12:00:00','Compra com Cartão -> 01/11 10:53 PERBOYRE CASTELO 6','239.208','D',95.00,'1',19,1),(1373,'2024-11-01 12:00:00','Compra com Cartão -> 01/11 12:05 COLEGIO AGAPE','343.556','D',1331.37,'1',19,1),(1374,'2024-11-01 12:00:00','Pix - Enviado -> 01/11 19:50 Nuvei Do Brasil Ltda','110.101','D',22.99,'1',19,1),(1375,'2024-11-04 12:00:00','Compra com Cartão -> 02/11 16:21 CasaFreitas','158.888','D',71.91,'1',19,1),(1376,'2024-11-04 12:00:00','Compra com Cartão -> 02/11 19:20 SUPERMERCADO COMETA','269.605','D',15.87,'1',19,1),(1377,'2024-11-04 12:00:00','Pix - Enviado -> 02/11 09:56 Rosimeire Oliveira Da Silv','110.401','D',43.13,'1',19,1),(1378,'2024-11-04 12:00:00','Pix - Enviado -> 03/11 10:48 Zoop Tecnologia E Meios De','110.402','D',89.79,'1',19,1),(1379,'2024-11-04 12:00:00','Pagamento de Boleto -> CONDOMINIO DO EDIF  FLAMBOYANT','110.403','D',584.00,'1',19,1),(1380,'2024-11-05 12:00:00','Pagamento de Boleto -> UNIMED FORTALEZA SOCIEDADE COO','110.501','D',1044.05,'1',19,1),(1381,'2024-11-06 12:00:00','Compra com Cartão -> 06/11 11:54 ComidariaSelf','142.876','D',22.00,'1',19,1),(1382,'2024-11-06 12:00:00','Compra com Cartão -> 06/11 20:26 FARMACIA MARIA DOS R','273.575','D',10.00,'1',19,1),(1383,'2024-11-06 12:00:00','Telefone Pre-Pago -> 06/11 19:48 (85)98832-6786 Vivo','988.326.786.536.456','D',30.00,'1',19,1),(1384,'2024-11-06 12:00:00','Pix - Enviado -> 06/11 16:44 Arminda Chagas De Oliveira','110.601','D',14.50,'1',19,1),(1385,'2024-11-07 12:00:00','Pix - Recebido -> 07/11 21:24 84609753391 WALTER DIEGO D','310.254.468.185.331','C',4106.91,'1',19,1),(1386,'2024-11-07 12:00:00','Pix - Rejeitado -> 07/11 23:55 Ordem rejeitada pelo PSP d','310.345.192.092.771','C',24.34,'1',19,1),(1387,'2024-11-07 12:00:00','Pix - Rejeitado -> 07/11 23:56 Ordem rejeitada pelo PSP d','310.345.677.732.371','C',24.34,'1',19,1),(1388,'2024-11-07 12:00:00','Pix - Enviado -> 07/11 21:26 Correios Sede','110.701','D',24.34,'1',19,1),(1389,'2024-11-07 12:00:00','Pix - Enviado -> 07/11 21:27 Correios Sede','110.702','D',24.34,'1',19,1),(1390,'2024-11-08 12:00:00','Pix - Enviado -> 08/11 09:02 Correios Sede','110.801','D',24.34,'1',19,1),(1391,'2024-11-11 12:00:00','Compra com Cartão -> 09/11 12:46 FREITAS VAREJO','145.986','D',71.98,'1',19,1),(1392,'2024-11-11 12:00:00','Compra com Cartão -> 09/11 14:22 LOJAS RENNER FL 4','251.727','D',79.90,'1',19,1),(1393,'2024-11-11 12:00:00','Compra com Cartão -> 09/11 15:45 PDV*MIAFORMAKEVIASUL','356.717','D',20.00,'1',19,1),(1394,'2024-11-11 12:00:00','Compra com Cartão -> 09/11 15:50 VIA SUL SHOPPING','657.006','D',12.00,'1',19,1),(1395,'2024-11-11 12:00:00','Compra com Cartão -> 10/11 08:45 PAGUE MENOS 491','731.547','D',18.41,'1',19,1),(1396,'2024-11-11 12:00:00','Pix - Enviado -> 10/11 11:44 Mascilene Da Silva Me','111.101','D',29.00,'1',19,1),(1397,'2024-11-11 12:00:00','Pagamento de Boleto -> ITAU UNIBANCO HOLDING S.A.','111.102','D',99.49,'1',19,1),(1398,'2024-11-11 12:00:00','Pagamento de Boleto -> COMPAHIA ENERGETICA CE COELCE','111.103','D',260.73,'1',19,1),(1399,'2024-11-11 12:00:00','Pagamento de Telefone -> OI SA MOVEL','15.369','D',115.52,'1',19,1),(1400,'2024-11-12 12:00:00','Compra com Cartão -> 12/11 22:02 INGRID LORY VIEIR','179.346','D',102.08,'1',19,1),(1401,'2024-11-12 12:00:00','Pix - Enviado -> 12/11 11:25 Jessica Elien Olimpio De S','111.201','D',79.50,'1',19,1),(1402,'2024-11-12 12:00:00','Pagamento de Telefone -> CLARO NE DDD 81 A 89','686','D',79.90,'1',19,1),(1403,'2024-11-13 12:00:00','Compra com Cartão -> 13/11 07:36 EXTRAFARMA JOSE LEON','127.416','D',52.23,'1',19,1),(1404,'2024-11-13 12:00:00','Compra com Cartão -> 13/11 11:41 AGAPE ACATE ATIVIDAD','242.096','D',56.95,'1',19,1),(1405,'2024-11-13 12:00:00','Pix - Enviado -> 13/11 11:57 C6 Bank','111.301','D',2120.98,'1',19,1),(1406,'2024-11-14 12:00:00','Pix - Enviado -> 14/11 09:01 Arminda Chagas De Oliveira','111.401','D',14.50,'1',19,1),(1407,'2024-11-14 12:00:00','Pix - Enviado -> 14/11 19:47 Valclecio Da Silva Paz','111.402','D',100.00,'1',19,1),(1408,'2024-11-18 12:00:00','Compra com Cartão -> 17/11 06:10 NETFLIX ENTRETENIMEN','122.227','D',44.90,'1',19,1),(1409,'2024-11-18 12:00:00','Compra com Cartão -> 18/11 09:13 POSTO TETRA','233.212','D',100.00,'1',19,1),(1410,'2024-11-18 12:00:00','Compra com Cartão -> 18/11 18:25 PARE SEGURO','366.313','D',10.00,'1',19,1),(1411,'2024-11-18 12:00:00','Pix - Enviado -> 17/11 20:05 La Pasta Sul','111.801','D',33.90,'1',19,1),(1412,'2024-11-19 12:00:00','Compra com Cartão -> 19/11 19:52 PAGUE MENOS 491','171.566','D',91.59,'1',19,1),(1413,'2024-11-19 12:00:00','Compra com Cartão -> 19/11 20:53 Ilovehotdog','275.203','D',42.00,'1',19,1),(1414,'2024-11-19 12:00:00','Compra com Cartão -> 19/11 20:57 EXTRAFARMA VIENA WEY','375.472','D',24.50,'1',19,1),(1415,'2024-11-21 12:00:00','Compra com Cartão -> 20/11 18:07 PANIFICADORA IOLANDA','165.248','D',14.36,'1',19,1),(1416,'2024-11-21 12:00:00','Compra com Cartão -> 21/11 07:34 Biscoitando','227.244','D',12.50,'1',19,1),(1417,'2024-11-21 12:00:00','Compra com Cartão -> 21/11 08:07 Biscoitando','329.221','D',5.50,'1',19,1),(1418,'2024-11-21 12:00:00','Compra com Cartão -> 21/11 21:03 OPY ACAI','675.788','D',34.00,'1',19,1),(1419,'2024-11-21 12:00:00','Pix - Enviado -> 20/11 15:08 Antonio Pereira De Sousa','112.101','D',13.00,'1',19,1),(1420,'2024-11-21 12:00:00','Pix - Enviado -> 20/11 15:17 Kelven Elien Olimpio De So','112.102','D',30.00,'1',19,1),(1421,'2024-11-22 12:00:00','Compra com Cartão -> 22/11 07:31 Biscoitando','127.090','D',18.00,'1',19,1),(1422,'2024-11-22 12:00:00','Compra com Cartão -> 22/11 19:01 NORMATEL HOME CEN','268.488','D',89.60,'1',19,1),(1423,'2024-11-22 12:00:00','Compra com Cartão -> 22/11 20:11 PASTEL PRACA','372.707','D',48.00,'1',19,1),(1424,'2024-11-22 12:00:00','Compra com Cartão -> 22/11 21:04 SEBASTIAO MARIANO DA','675.884','D',10.00,'1',19,1),(1425,'2024-11-22 12:00:00','Pix - Enviado -> 22/11 14:47 Antonio Pereira De Sousa','112.201','D',40.00,'1',19,1),(1426,'2024-11-25 12:00:00','Compra com Cartão -> 23/11 09:17 PANIFICADORA IOLANDA','133.440','D',9.42,'1',19,1),(1427,'2024-11-25 12:00:00','Compra com Cartão -> 23/11 11:50 MP*FABRICADOPROFESSO','242.659','D',4.50,'1',19,1),(1428,'2024-11-25 12:00:00','Compra com Cartão -> 23/11 12:12 ELISANGELA FERREI','343.975','D',19.90,'1',19,1),(1429,'2024-11-25 12:00:00','Compra com Cartão -> 25/11 15:37 VBS PARK','656.250','D',11.00,'1',19,1),(1430,'2024-11-25 12:00:00','Pix - Enviado -> 24/11 12:10 Mascilene Da Silva Me','112.501','D',34.00,'1',19,1),(1431,'2024-11-25 12:00:00','Pix - Enviado -> 25/11 10:19 Arminda Chagas De Oliveira','112.502','D',14.50,'1',19,1),(1432,'2024-11-25 12:00:00','Tarifa Pacote de Serviços -> Cobrança referente 25/11/24','883.301.100.401.505','D',14.60,'1',19,1),(1433,'2024-11-26 12:00:00','Transferido da poupança -> 26/11 18:15 WALTER DIEGO SOUZA FREIR','2.793.510.044.671','C',36.01,'1',19,1),(1434,'2024-11-26 12:00:00','Pagamento de Boleto -> UNIODONTO FORTALEZA COOPERATIV','112.601','D',48.60,'1',19,1),(1435,'2024-12-01 12:00:00','Saldo Anterior','','C',0.00,'1',20,1),(1436,'2024-12-02 12:00:00','Pix - Recebido -> 01/12 08:24 84609753391 WALTER DIEGO D','330.522.858.588.841','C',2000.00,'1',20,1),(1437,'2024-12-02 12:00:00','Compra com Cartão -> 01/12 08:43 POSTO SAO DOMINGOS C','131.414','D',227.35,'1',20,1),(1438,'2024-12-02 12:00:00','Compra com Cartão -> 02/12 16:15 PADARIA PAOZITO','258.537','D',2.54,'1',20,1),(1439,'2024-12-02 12:00:00','Pix - Enviado -> 02/12 16:25 Arminda Chagas De Oliveira','120.202','D',14.50,'1',20,1),(1440,'2024-12-02 12:00:00','Pix - Enviado -> 02/12 17:47 Kelven Elien Olimpio De So','120.203','D',65.00,'1',20,1),(1441,'2024-12-03 12:00:00','Pix - Enviado -> 03/12 11:38 Comidaria Selfserv','120.301','D',24.00,'1',20,1),(1442,'2024-12-04 12:00:00','Pix - Recebido -> 04/12 16:54 84609753391 WALTER DIEGO D','333.420.679.229.531','C',1000.00,'1',20,1),(1443,'2024-12-04 12:00:00','Pix - Enviado -> 04/12 11:45 Mascilene Da Silva Me','120.401','D',40.50,'1',20,1),(1444,'2024-12-04 12:00:00','Pix - Enviado -> 04/12 13:42 Jangadeiro Praia Hotel','120.402','D',534.00,'1',20,1),(1445,'2024-12-04 12:00:00','Pix - Enviado -> 04/12 16:28 Antonio Pereira De Sousa','120.403','D',10.00,'1',20,1),(1446,'2024-12-04 12:00:00','Pagamento de Boleto -> UNIMED FORTALEZA SOCIEDADE COO','120.404','D',1098.19,'1',20,1),(1447,'2024-12-04 12:00:00','Pix - Enviado -> 04/12 21:08 Pagseguro Tecnologia Ltda','120.405','D',15.49,'1',20,1),(1448,'2024-12-06 12:00:00','Compra com Cartão -> 06/12 11:14 FARMACIA MARIA DOS R','140.485','D',23.99,'1',20,1),(1449,'2024-12-06 12:00:00','Compra com Cartão -> 06/12 20:08 EOS PIZZARIA','272.516','D',35.00,'1',20,1),(1450,'2024-12-06 12:00:00','Pix - Enviado -> 06/12 16:37 Antonio Pereira De Sousa','120.601','D',100.00,'1',20,1),(1451,'2024-12-09 12:00:00','Compra com Cartão -> 07/12 19:04 DONADEL IMPRENSA FOO','168.660','D',45.90,'1',20,1),(1452,'2024-12-09 12:00:00','Compra com Cartão -> 07/12 21:10 PARKFOR IMPRENSA','276.207','D',24.00,'1',20,1),(1453,'2024-12-09 12:00:00','Compra com Cartão -> 08/12 11:59 BOM DO TRIGO','343.174','D',26.97,'1',20,1),(1454,'2024-12-09 12:00:00','Compra com Cartão -> 09/12 12:24 JANGADEIRO RESTAU','644.692','D',135.63,'1',20,1),(1455,'2024-12-09 12:00:00','Telefone Pre-Pago -> 08/12 08:36 (85)98832-6786 Vivo','988.326.786.505.340','D',30.00,'1',20,1),(1456,'2024-12-09 12:00:00','Pix - Enviado -> 08/12 10:43 Aliny Da Silva Marques','120.901','D',18.00,'1',20,1),(1457,'2024-12-10 12:00:00','Pix - Recebido -> 10/12 19:22 84609753391 WALTER DIEGO D','338.693.382.578.121','C',2888.23,'1',20,1),(1458,'2024-12-10 12:00:00','Pagamento de Boleto','121.001','D',584.00,'1',20,1),(1459,'2024-12-10 12:00:00','Pagamento de Boleto','121.002','D',276.11,'1',20,1),(1460,'2024-12-11 12:00:00','Compra com Cartão -> 11/12 18:27 LIVRARIA D PEDRO','166.425','D',27.62,'1',20,1),(1461,'2024-12-11 12:00:00','Pix - Enviado -> 11/12 10:22 Arminda Chagas De Oliveira','121.101','D',14.50,'1',20,1),(1462,'2024-12-11 12:00:00','Pagamento de Telefone -> OI SA MOVEL','15.369','D',115.52,'1',20,1),(1463,'2024-12-12 12:00:00','Pix - Enviado -> 12/12 09:31 C6 Bank','121.201','D',1776.62,'1',20,1),(1464,'2024-12-12 12:00:00','Pix - Enviado -> 12/12 14:55 Alessandra Da Silva Bezerr','121.202','D',60.00,'1',20,1),(1465,'2024-12-12 12:00:00','Pagamento de Telefone -> CLARO NE DDD 81 A 89','686','D',79.90,'1',20,1),(1466,'2024-12-13 12:00:00','Compra com Cartão -> 13/12 07:48 PAGUE MENOS 491','128.089','D',26.57,'1',20,1),(1467,'2024-12-16 12:00:00','Pix - Recebido -> 16/12 11:36 00084609753391 WALTER DIEG','161.136.587.306.612','C',3053.95,'1',20,1),(1468,'2024-12-16 12:00:00','Compra com Cartão -> 14/12 15:02 FREITAS VAREJO','154.136','D',95.97,'1',20,1),(1469,'2024-12-16 12:00:00','Compra com Cartão -> 15/12 00:29 DISTRIB. DO IMPRENSA','201.778','D',193.70,'1',20,1),(1470,'2024-12-16 12:00:00','Compra com Cartão -> 15/12 00:31 AnaLidiaMesquita','301.890','D',19.37,'1',20,1),(1471,'2024-12-16 12:00:00','Compra com Cartão -> 16/12 13:37 PICANHA DO ALEMAO','649.078','D',47.87,'1',20,1),(1472,'2024-12-16 12:00:00','Compra com Cartão -> 16/12 14:54 MP*FABRICADOPROFESSO','753.692','D',9.50,'1',20,1),(1473,'2024-12-16 12:00:00','Compra com Cartão -> 16/12 19:26 LOJAS RENNER FL 4','870.015','D',49.90,'1',20,1),(1474,'2024-12-16 12:00:00','Pix - Enviado -> 14/12 21:05 Crepitos','121.601','D',22.00,'1',20,1),(1475,'2024-12-16 12:00:00','Pix - Enviado -> 16/12 12:46 Daniela Santana Barros','121.602','D',80.00,'1',20,1),(1476,'2024-12-17 12:00:00','Compra com Cartão -> 17/12 07:57 NETFLIX ENTRETENIMEN','128.670','D',44.90,'1',20,1),(1477,'2024-12-17 12:00:00','Pix - Enviado -> 17/12 09:29 Arminda Chagas De Oliveira','121.701','D',14.50,'1',20,1),(1478,'2024-12-18 12:00:00','Compra com Cartão -> 18/12 08:31 PANIFICADORA IOLANDA','130.686','D',15.47,'1',20,1),(1479,'2024-12-18 12:00:00','Compra com Cartão -> 18/12 08:37 PAGUE MENOS 491','231.043','D',19.26,'1',20,1),(1480,'2024-12-18 12:00:00','Compra com Cartão -> 18/12 13:33 COMIDARIA SELF-SERVI','348.827','D',62.43,'1',20,1),(1481,'2024-12-19 12:00:00','Compra com Cartão -> 19/12 13:20 ABC COMERCIO DE A','148.039','D',41.41,'1',20,1),(1482,'2024-12-19 12:00:00','Compra com Cartão -> 19/12 17:05 LOJAS RENNER FL 8','261.539','D',100.00,'1',20,1),(1483,'2024-12-19 12:00:00','Compra com Cartão -> 19/12 17:11 ESTACIONAMENTO IG FO','361.918','D',12.00,'1',20,1),(1484,'2024-12-20 12:00:00','Compra com Cartão -> 20/12 08:38 SUPERMERCADO COMETA','131.133','D',63.58,'1',20,1),(1485,'2024-12-20 12:00:00','Compra com Cartão -> 20/12 17:13 SUPERMERCADO COMETA','261.986','D',7.29,'1',20,1),(1486,'2024-12-20 12:00:00','Compra com Cartão -> 20/12 20:24 Ilovehotdog','373.487','D',46.00,'1',20,1),(1487,'2024-12-20 12:00:00','Compra com Cartão -> 20/12 20:55 Bellas','675.339','D',9.00,'1',20,1),(1488,'2024-12-20 12:00:00','Compra com Cartão -> 20/12 21:09 M  B ACAITERIA LTDA','776.167','D',24.44,'1',20,1),(1489,'2024-12-20 12:00:00','Compra com Cartão -> 20/12 21:34 EXTRAFARMA VIENA WEY','877.674','D',57.08,'1',20,1),(1490,'2024-12-20 12:00:00','Pix - Enviado -> 20/12 09:13 Edinaldo Oliveira Da Silva','122.001','D',30.00,'1',20,1),(1491,'2024-12-20 12:00:00','Pix - Enviado -> 20/12 20:49 Nathália Ribeiro','122.002','D',12.00,'1',20,1),(1492,'2024-12-23 12:00:00','Compra com Cartão -> 21/12 11:42 ARRETADO BAR E RESTA','142.143','D',94.90,'1',20,1),(1493,'2024-12-23 12:00:00','Compra com Cartão -> 23/12 19:34 NOELIA IGUATEMI','170.447','D',14.90,'1',20,1),(1494,'2024-12-23 12:00:00','Compra com Cartão -> 21/12 22:53 PICANHA DO ALEMAO','182.411','D',91.96,'1',20,1),(1495,'2024-12-23 12:00:00','Compra com Cartão -> 22/12 09:23 POSTO SAO DOMINGOS C','233.815','D',100.00,'1',20,1),(1496,'2024-12-23 12:00:00','Compra com Cartão -> 21/12 12:25 Bicicletando','244.724','D',150.00,'1',20,1),(1497,'2024-12-23 12:00:00','Compra com Cartão -> 23/12 21:46 OPY ACAI','278.395','D',76.67,'1',20,1),(1498,'2024-12-23 12:00:00','Compra com Cartão -> 22/12 12:11 RaiaDrogasilSA','343.874','D',22.47,'1',20,1),(1499,'2024-12-23 12:00:00','Compra com Cartão -> 21/12 13:24 SHOPPING CENTER IGUA','348.258','D',259.98,'1',20,1),(1500,'2024-12-23 12:00:00','Compra com Cartão -> 21/12 13:32 BURGER KING','648.725','D',5.90,'1',20,1),(1501,'2024-12-23 12:00:00','Compra com Cartão -> 22/12 13:55 SUPERMERCADO COMETA','650.129','D',43.71,'1',20,1),(1502,'2024-12-23 12:00:00','Compra com Cartão -> 23/12 09:59 FARMACIA MARIA DOS R','735.992','D',23.99,'1',20,1),(1503,'2024-12-23 12:00:00','Compra com Cartão -> 21/12 14:34 RIACHUELO-FILIAL.','752.456','D',89.90,'1',20,1),(1504,'2024-12-23 12:00:00','Compra com Cartão -> 23/12 13:13 COMIDARIA SELF-SERVI','847.638','D',44.76,'1',20,1),(1505,'2024-12-23 12:00:00','Compra com Cartão -> 21/12 14:48 JOHNNY JOY MILKSHAKE','853.300','D',22.90,'1',20,1),(1506,'2024-12-23 12:00:00','Pagamento de Boleto -> UNIODONTO FORTALEZA COOPERATIV','122.301','D',48.60,'1',20,1),(1507,'2024-12-23 12:00:00','Pix - Enviado -> 21/12 09:01 Walter Diego De Souza Frei','122.302','D',60.00,'1',20,1),(1508,'2024-12-23 12:00:00','Pix - Enviado -> 23/12 07:12 Arminda Chagas De Oliveira','122.303','D',14.50,'1',20,1),(1509,'2024-12-23 12:00:00','Pix - Enviado -> 23/12 19:36 Walter Diego De Souza Frei','122.304','D',40.00,'1',20,1),(1510,'2024-12-24 12:00:00','Compra com Cartão -> 24/12 11:12 MP*FABRICADOPROFESSO','140.372','D',20.00,'1',20,1),(1511,'2024-12-24 12:00:00','Compra com Cartão -> 24/12 11:41 SUPERMERCADO COMETA','242.114','D',146.65,'1',20,1),(1512,'2024-12-24 12:00:00','Compra com Cartão -> 24/12 11:50 MP*FABRICADOPROFESSO','342.616','D',3.00,'1',20,1),(1513,'2024-12-24 12:00:00','Pix - Enviado -> 24/12 12:42 Mascilene Da Silva Me','122.401','D',49.00,'1',20,1),(1514,'2024-12-26 12:00:00','Compra com Cartão -> 25/12 20:44 RaiaDrogasilSA','174.660','D',67.88,'1',20,1),(1515,'2024-12-26 12:00:00','Compra com Cartão -> 26/12 13:24 ChapaQuente','248.263','D',58.16,'1',20,1),(1516,'2024-12-26 12:00:00','Compra com Cartão -> 26/12 14:07 SUPERMERCADO COMETA','350.864','D',146.94,'1',20,1),(1517,'2024-12-26 12:00:00','Pix - Enviado -> 26/12 12:29 Jessica Elien Olimpio De S','122.601','D',81.50,'1',20,1),(1518,'2024-12-26 12:00:00','Tarifa Pacote de Serviços -> Cobrança referente 26/12/24','883.611.200.562.244','D',14.60,'1',20,1),(1519,'2024-12-27 12:00:00','Compra com Cartão -> 27/12 08:47 PANIFICADORA IOLANDA','131.678','D',10.72,'1',20,1),(1520,'2024-12-27 12:00:00','Compra com Cartão -> 27/12 21:32 ACELERADORA GTR PARA','177.557','D',23.90,'1',20,1),(1521,'2024-12-27 12:00:00','Compra com Cartão -> 27/12 17:05 CEA MODAS    0663','261.515','D',79.99,'1',20,1),(1522,'2024-12-27 12:00:00','Compra com Cartão -> 27/12 18:07 LOJAS RENNER FL 4','365.246','D',119.80,'1',20,1),(1523,'2024-12-27 12:00:00','Compra com Cartão -> 27/12 18:29 R MILET COMERCIO DE','666.568','D',149.98,'1',20,1),(1524,'2024-12-27 12:00:00','Compra com Cartão -> 27/12 18:46 SANTANA JUNIOR CO','767.572','D',9.90,'1',20,1),(1525,'2024-12-27 12:00:00','Compra com Cartão -> 27/12 18:58 VIA SUL SHOPPING','868.304','D',15.00,'1',20,1),(1526,'2024-12-30 12:00:00','Pix - Recebido -> 28/12 12:03 00084609753391 WALTER DIEG','281.203.038.259.902','C',2165.61,'1',20,1),(1527,'2024-12-30 12:00:00','Compra com Cartão -> 29/12 08:13 PANIFICADORA IOLANDA','129.632','D',8.82,'1',20,1),(1528,'2024-12-30 12:00:00','Compra com Cartão -> 28/12 12:51 ChapaQuente','146.309','D',48.09,'1',20,1),(1529,'2024-12-30 12:00:00','Compra com Cartão -> 29/12 08:20 POSTO SAO DOMINGOS C','230.002','D',200.00,'1',20,1),(1530,'2024-12-30 12:00:00','Compra com Cartão -> 28/12 13:33 FREITAS VAREJO','248.831','D',73.96,'1',20,1),(1531,'2024-12-30 12:00:00','Compra com Cartão -> 29/12 13:20 CAMARAO GRILL RESTAU','348.048','D',27.88,'1',20,1),(1532,'2024-12-30 12:00:00','Compra com Cartão -> 28/12 14:04 SUPERM SAO LUIZ','350.685','D',116.22,'1',20,1),(1533,'2024-12-30 12:00:00','Compra com Cartão -> 28/12 14:39 ASSAI  ATACADISTA','652.743','D',126.86,'1',20,1),(1534,'2024-12-30 12:00:00','Compra com Cartão -> 30/12 17:57 OUTSIDE','664.677','D',44.00,'1',20,1),(1535,'2024-12-30 12:00:00','Compra com Cartão -> 28/12 16:45 SUPERMERCADO COMETA','760.357','D',22.65,'1',20,1),(1536,'2024-12-30 12:00:00','Compra com Cartão -> 28/12 20:38 EOS PIZZARIA','874.306','D',56.80,'1',20,1),(1537,'2024-12-30 12:00:00','Pix - Enviado -> 28/12 10:38 Ryan Berg Barros Lima','123.001','D',50.00,'1',20,1),(1538,'2024-12-31 12:00:00','Compra com Cartão -> 31/12 09:40 COJFELIXTIBAU','134.829','D',28.00,'1',20,1),(1539,'2025-01-01 12:00:00','Saldo Anterior','','C',1592.78,'1',21,1),(1540,'2025-01-02 12:00:00','Pix - Recebido -> 02/01 10:37 84609753391 WALTER DIEGO D','358.250.783.495.431','C',3000.00,'1',21,1),(1541,'2025-01-02 12:00:00','Compra com Cartão -> 01/01 20:57 ACELERADORA GTR PARA','175.440','D',23.90,'1',21,1),(1542,'2025-01-02 12:00:00','Aplicação Poupança -> 02/01 10:41 WALTER DIEGO SOUZA FREIR','602.793.510.044.671','D',1592.78,'1',21,1),(1543,'2025-01-02 12:00:00','Pix - Enviado -> 02/01 10:43 Arminda Chagas De Oliveira','10.201','D',14.50,'1',21,1),(1544,'2025-01-02 12:00:00','Pix - Enviado -> 02/01 12:21 Comidaria Selfserv','10.202','D',30.00,'1',21,1),(1545,'2025-01-02 12:00:00','Pix - Enviado -> 02/01 20:27 M4 Produtos E Serviços S.a','10.203','D',10.00,'1',21,1),(1546,'2025-01-03 12:00:00','Pagamento de Boleto -> UNIMED FORTALEZA SOCIEDADE COO','10.301','D',1255.75,'1',21,1),(1547,'2025-01-06 12:00:00','Compra com Cartão -> 05/01 21:13 MK IG1','176.404','D',21.00,'1',21,1),(1548,'2025-01-06 12:00:00','Compra com Cartão -> 06/01 13:07 LEAO DO SUL LTDA','247.238','D',29.90,'1',21,1),(1549,'2025-01-06 12:00:00','Compra com Cartão -> 06/01 15:16 LIVRARIA D PEDRO','354.995','D',96.86,'1',21,1),(1550,'2025-01-06 12:00:00','Compra com Cartão -> 06/01 15:18 LIVRARIA D PEDRO','655.080','D',9.25,'1',21,1),(1551,'2025-01-06 12:00:00','Pix - Enviado -> 06/01 13:02 Amv Combustiveis Ltda','10.601','D',80.00,'1',21,1),(1552,'2025-01-06 12:00:00','Pix - Enviado -> 06/01 13:23 Chapa Quente','10.602','D',17.32,'1',21,1),(1553,'2025-01-06 12:00:00','Pix - Enviado -> 06/01 18:58 Alipay/aliexpress - Pix','10.603','D',143.68,'1',21,1),(1554,'2025-01-07 12:00:00','TED-Pag FGTS Trabalhador -> 104 0000 00360305000104 CAIXA ECONOMIC','365.140.952','C',0.14,'1',21,1),(1555,'2025-01-07 12:00:00','TED-Pag FGTS Trabalhador -> 104 0000 00360305000104 CAIXA ECONOMIC','365.140.957','C',3734.77,'1',21,1),(1556,'2025-01-07 12:00:00','Compra com Cartão -> 07/01 20:43 ACELERADORA GTR PARA','174.592','D',37.80,'1',21,1),(1557,'2025-01-07 12:00:00','Aplicação Poupança -> 07/01 09:54 WALTER DIEGO SOUZA FREIR','602.793.510.044.671','D',3734.91,'1',21,1),(1558,'2025-01-07 12:00:00','Pix - Enviado -> 07/01 10:28 Arminda Chagas De Oliveira','10.701','D',14.50,'1',21,1),(1559,'2025-01-07 12:00:00','Pix - Enviado -> 07/01 17:45 Jessica Elien Olimpio De S','10.702','D',196.00,'1',21,1),(1560,'2025-01-08 12:00:00','Telefone Pre-Pago -> 08/01 13:22 (85)98832-6786 Vivo','988.326.786.023.609','D',30.00,'1',21,1),(1561,'2025-01-08 12:00:00','Pagamento de Boleto -> CONDOMINIO DO EDIF  FLAMBOYANT','10.801','D',584.00,'1',21,1),(1562,'2025-01-10 12:00:00','Pix - Recebido -> 10/01 17:37 84609753391 WALTER DIEGO D','365.414.738.275.451','C',3199.64,'1',21,1),(1563,'2025-01-10 12:00:00','Pix - Enviado -> 10/01 17:40 Enel Distribuicao Ceara','11.001','D',276.19,'1',21,1),(1564,'2025-01-13 12:00:00','Pix - Recebido -> 12/01 10:04 00297176390 KELVEN ELIEN O','366.870.752.050.481','C',39.00,'1',21,1),(1565,'2025-01-13 12:00:00','Pix - Recebido -> 12/01 16:44 03272566309 Glauter Carnei','367.110.601.702.681','C',40.00,'1',21,1),(1566,'2025-01-13 12:00:00','Compra com Cartão -> 11/01 17:42 FREITAS VAREJO','163.734','D',86.43,'1',21,1),(1567,'2025-01-13 12:00:00','Pagamento de Telefone -> CLARO NE DDD 81 A 89','686','D',79.90,'1',21,1),(1568,'2025-01-13 12:00:00','Pagamento de Telefone -> OI FIBRA ARBOR','18.508','D',115.52,'1',21,1),(1569,'2025-01-14 12:00:00','Pix - Enviado -> 14/01 14:48 C6 Bank','11.401','D',1755.61,'1',21,1),(1570,'2025-01-15 12:00:00','Pix - Enviado -> 15/01 16:00 Jessica Elien Olimpio De S','11.501','D',46.50,'1',21,1),(1571,'2025-01-16 12:00:00','Compra com Cartão -> 16/01 08:38 PANIFICADORA IOLANDA','131.137','D',10.20,'1',21,1),(1572,'2025-01-16 12:00:00','Compra com Cartão -> 16/01 19:57 PBKIDS 9084','271.826','D',89.90,'1',21,1),(1573,'2025-01-16 12:00:00','Compra com Cartão -> 16/01 19:59 PBKIDS 9084','371.954','D',19.99,'1',21,1),(1574,'2025-01-16 12:00:00','Pix - Enviado -> 16/01 13:32 Barbara Rafaela E Olimpio','11.601','D',140.00,'1',21,1),(1575,'2025-01-16 12:00:00','Pagamento de Boleto -> UNIODONTO FORTALEZA COOPERATIV','11.602','D',48.60,'1',21,1),(1576,'2025-01-17 12:00:00','Compra com Cartão -> 17/01 06:09 NETFLIX.COM','122.156','D',44.90,'1',21,1),(1577,'2025-01-17 12:00:00','Compra com Cartão -> 17/01 14:15 GRAF PRIME','251.352','D',20.00,'1',21,1),(1578,'2025-01-20 12:00:00','Compra com Cartão -> 19/01 20:27 ACELERADORA GTR PARA','173.634','D',23.50,'1',21,1),(1579,'2025-01-20 12:00:00','Pix - Enviado -> 18/01 16:27 Keiliana Pinheiro Rodrigue','12.001','D',200.00,'1',21,1),(1580,'2025-01-20 12:00:00','Pix - Enviado -> 20/01 08:26 Arminda Chagas De Oliveira','12.002','D',14.50,'1',21,1),(1581,'2025-01-21 12:00:00','Compra com Cartão -> 21/01 11:40 LOJA DA CONSTRU','142.057','D',47.12,'1',21,1),(1582,'2025-01-23 12:00:00','Pix - Enviado -> 23/01 13:42 Eduzz Tecnologia Ltda','12.301','D',29.90,'1',21,1),(1583,'2025-01-23 12:00:00','Pix - Enviado -> 23/01 19:10 Tushenka Roldan Tavares','12.302','D',7.00,'1',21,1),(1584,'2025-01-24 12:00:00','Pix - Enviado -> 24/01 15:22 L2 Comercio Varejista De C','12.401','D',94.95,'1',21,1),(1585,'2025-01-27 12:00:00','Compra com Cartão -> 26/01 14:45 CHAMA CAMPEIRA','153.130','D',5.75,'1',21,1),(1586,'2025-01-27 12:00:00','Compra com Cartão -> 27/01 07:36 Biscoitando','227.360','D',8.50,'1',21,1),(1587,'2025-01-27 12:00:00','Compra com Cartão -> 27/01 09:30 PANIFICADORA IOLANDA','334.219','D',23.00,'1',21,1),(1588,'2025-01-27 12:00:00','Compra com Cartão -> 27/01 09:34 FARMACIA MARIA DOS R','634.475','D',23.99,'1',21,1),(1589,'2025-01-27 12:00:00','Compra com Cartão -> 27/01 20:00 SUPERMERCADO COMETA','772.054','D',74.02,'1',21,1),(1590,'2025-01-27 12:00:00','Pix - Enviado -> 25/01 12:34 Mascilene Da Silva Me','12.701','D',38.00,'1',21,1),(1591,'2025-01-27 12:00:00','Pix - Enviado -> 27/01 10:48 Arminda Chagas De Oliveira','12.702','D',14.50,'1',21,1),(1592,'2025-01-27 12:00:00','Tarifa Pacote de Serviços -> Cobrança referente 27/01/25','850.271.100.368.302','D',14.60,'1',21,1),(1593,'2025-01-29 12:00:00','Compra com Cartão -> 29/01 07:23 Biscoitando','126.594','D',8.50,'1',21,1),(1594,'2025-01-29 12:00:00','Compra com Cartão -> 29/01 07:37 PANIFICADORA IOLANDA','227.460','D',3.20,'1',21,1),(1595,'2025-01-29 12:00:00','Compra com Cartão -> 29/01 13:02 ChapaQuente','346.957','D',46.11,'1',21,1),(1596,'2025-01-29 12:00:00','Compra com Cartão -> 29/01 21:11 ACELERADORA GTR PARA','676.262','D',26.90,'1',21,1),(1597,'2025-01-30 12:00:00','Compra com Cartão -> 30/01 07:25 Biscoitando','126.709','D',8.50,'1',21,1),(1598,'2025-01-30 12:00:00','Compra com Cartão -> 30/01 07:40 SUPERMERCADO COMETA','227.651','D',13.97,'1',21,1),(1599,'2025-01-30 12:00:00','Compra com Cartão -> 30/01 13:28 PORTITALIA','348.522','D',44.50,'1',21,1),(1600,'2025-01-30 12:00:00','Pix - Enviado -> 30/01 12:56 Plug Eletro Sul','13.001','D',70.00,'1',21,1),(1601,'2025-01-31 12:00:00','Pix - Enviado -> 31/01 13:09 Plug Eletro Sul','13.102','D',55.00,'1',21,1),(1602,'2025-01-01 12:00:00','Poupança: Saldo anterior','0','C',19617.97,'1',22,1),(1603,'2025-01-02 12:00:00','Poupança: Transferência de Crédito','0','C',1592.78,'1',22,1),(1604,'2025-01-07 12:00:00','Poupança: Transferência de Crédito','0','C',3734.91,'1',22,1),(1605,'2025-01-08 12:00:00','Poupança: Reajuste Monetário - BACEN','0','C',10.58,'1',22,1),(1606,'2025-01-08 12:00:00','Poupança: Juros','0','C',50.64,'1',22,1),(1607,'2025-01-22 12:00:00','Poupança: Reajuste Monetário - BACEN','0','C',12.78,'1',22,1),(1608,'2025-01-22 12:00:00','Poupança: Juros','0','C',44.98,'1',22,1),(1609,'2025-01-31 12:00:00','Poupança: Pix - Enviado','0','D',800.00,'1',22,1),(1610,'2025-01-31 12:00:00','Poupança: Reajuste Monetário - BACEN','0','C',0.88,'1',22,1),(1611,'2025-01-31 12:00:00','Poupança: Juros','0','C',2.59,'1',22,1),(1612,'2025-01-31 12:00:00','Poupança: Reajuste Monetário - BACEN','0','C',2.69,'1',22,1),(1613,'2025-01-31 12:00:00','Poupança: Juros','0','C',7.98,'1',22,1),(1614,'2025-01-01 12:00:00','Previous Balance','0','C',0.00,'1',23,1),(1615,'2025-01-23 12:00:00','SUPERMECADO COMETA','0','D',23.28,'1',23,1),(1616,'2025-01-17 12:00:00','SUPERMECADO COMETA','0','D',10.39,'1',23,1),(1617,'2025-01-17 12:00:00','PANIFICADORA IOLANDA LTDA','0','D',19.00,'1',23,1),(1618,'2025-01-16 12:00:00','PORTITALIA','0','D',74.72,'1',23,1),(1619,'2025-01-14 12:00:00','ASSAI ATACADISTA','0','D',721.85,'1',23,1),(1620,'2025-01-12 12:00:00','LUIZ EDUARDO MAGALHAE','0','D',46.13,'1',23,1),(1621,'2025-01-10 12:00:00','LUIZ EDUARDO MAGALHAE','0','D',18.99,'1',23,1),(1622,'2025-01-09 12:00:00','PANIFICADORA IOLANDA LTDA','0','D',26.08,'1',23,1),(1623,'2025-01-08 12:00:00','SUPERMECADO COMETA','0','D',206.24,'1',23,1),(1624,'2025-01-07 12:00:00','SUPERMECADO COMETA','0','D',18.48,'1',23,1),(1625,'2025-01-07 12:00:00','SUPERMECADO COMETA','0','D',20.18,'1',23,1),(1626,'2025-01-07 12:00:00','PANIFICADORA IOLANDA LTDA','0','D',3.74,'1',23,1),(1627,'2025-01-05 12:00:00','SUPERMECADO COMETA','0','D',33.96,'1',23,1),(1628,'2025-01-05 12:00:00','PANIFICADORA IOLANDA LTDA','0','D',17.67,'1',23,1),(1629,'2025-01-04 12:00:00','SUPERMECADO COMETA','0','D',163.86,'1',23,1),(1630,'2025-01-02 12:00:00','SUPERMECADO COMETA','0','D',198.98,'1',23,1),(1631,'2025-01-01 12:00:00','NONATO SUPERVAREJO','0','D',52.84,'1',23,1),(1632,'2025-01-01 12:00:00','Seu Benefício Caiu','0','C',1656.39,'1',23,1),(1633,'2025-01-01 12:00:00','Previous Balance','0','C',0.00,'1',24,1),(1634,'2025-01-26 12:00:00','CHAMA CAMPEIRA FORTALEZA BRA','0','D',84.20,'1',24,1),(1635,'2025-01-26 12:00:00','PANIFICADORA IOLANDA FORTALEZA BRA','0','D',9.65,'1',24,1),(1636,'2025-01-25 12:00:00','Ifood *IFD*FATIMA DE Vila Yara Osa BRA','0','D',55.90,'1',24,1),(1637,'2025-01-25 12:00:00','PAGUE MENOS 491 FORTALEZA BRA','0','D',26.99,'1',24,1),(1638,'2025-01-25 12:00:00','SUPERMERCADO COMETA FORTALEZA BRA','0','D',53.26,'1',24,1),(1639,'2025-01-24 12:00:00','FRAN PADARIA FORTALEZA BRA','0','D',33.01,'1',24,1),(1640,'2025-01-24 12:00:00','SUPERMERCADO COMETA FORTALEZA BRA','0','D',34.72,'1',24,1),(1641,'2025-01-24 12:00:00','POSTO TETRA FORTALEZA BRA','0','D',100.00,'1',24,1),(1642,'2025-01-24 12:00:00','PANIFICADORA IOLANDA FORTALEZA BRA','0','D',2.73,'1',24,1),(1643,'2025-01-24 12:00:00','Biscoitando FORTALEZA BRA','0','D',8.50,'1',24,1),(1644,'2025-01-23 12:00:00','IFD*TDL COM. DE ALIMENTOS FORTALEZA BRA','0','D',33.00,'1',24,1),(1645,'2025-01-23 12:00:00','IFD*iFood OSASCO BR','0','C',0.00,'1',24,1),(1646,'2025-01-23 12:00:00','SUPERMERCADO COMETA FORTALEZA BRA','0','D',47.01,'1',24,1),(1647,'2025-01-23 12:00:00','Biscoitando FORTALEZA BRA','0','D',5.50,'1',24,1),(1648,'2025-01-22 12:00:00','RaiaDrogasilSA FORTALEZA BRA','0','D',19.91,'1',24,1),(1649,'2025-01-22 12:00:00','RaiaDrogasilSA FORTALEZA BRA','0','D',57.09,'1',24,1),(1650,'2025-01-22 12:00:00','OPY ACAI FORTALEZA BRA','0','D',65.67,'1',24,1),(1651,'2025-01-22 12:00:00','ChapaQuente FORTALEZA BRA','0','D',56.45,'1',24,1),(1652,'2025-01-20 12:00:00','ChapaQuente FORTALEZA BRA','0','D',52.65,'1',24,1),(1653,'2025-01-20 12:00:00','PANIFICADORA IOLANDA FORTALEZA BRA','0','D',24.00,'1',24,1),(1654,'2025-01-20 12:00:00','Biscoitando FORTALEZA BRA','0','D',8.50,'1',24,1),(1655,'2025-01-18 12:00:00','DIVINA PICANHA FORTALEZA BRA','0','D',108.79,'1',24,1),(1656,'2025-01-18 12:00:00','PANIFICADORA IOLANDA FORTALEZA BRA','0','D',3.63,'1',24,1),(1657,'2025-01-17 12:00:00','DIVINA PICANHA FORTALEZA BRA','0','D',104.39,'1',24,1),(1658,'2025-01-17 12:00:00','COMIDARIA SELF-SERVICE FORTALEZA BRA','0','D',47.00,'1',24,1),(1659,'2025-01-17 12:00:00','COMERCIAL NOBRE FORTALEZA BRA','0','D',20.50,'1',24,1),(1660,'2025-01-17 12:00:00','SUPERMERCADO COMETA FORTALEZA BRA','0','D',47.31,'1',24,1),(1661,'2025-01-17 12:00:00','POSTO TETRA FORTALEZA BRA','0','D',80.00,'1',24,1),(1662,'2025-01-16 12:00:00','MK IG1 FORTALEZA BRA','0','D',11.00,'1',24,1),(1663,'2025-01-16 12:00:00','MK IG1 FORTALEZA BRA','0','D',8.00,'1',24,1),(1664,'2025-01-16 12:00:00','KINA IGUATEMI FORTALEZA BRA','0','D',25.10,'1',24,1),(1665,'2025-01-16 12:00:00','MK IG1 FORTALEZA BRA','0','D',22.50,'1',24,1),(1666,'2025-01-16 12:00:00','NUTRICEARA PROD NATUR FORTALEZA BRA','0','D',19.00,'1',24,1),(1667,'2025-01-14 12:00:00','RESTAURANTE ORIENTAL FORTALEZA BRA','0','D',59.27,'1',24,1),(1668,'2025-01-14 12:00:00','SUPERMERCADO COMETA FORTALEZA BRA','0','D',48.65,'1',24,1),(1669,'2025-01-13 12:00:00','Ifood *IFD*FATIMA DE Vila Yara Osa BRA','0','D',46.90,'1',24,1),(1670,'2025-01-11 12:00:00','JUNIOR DA PICANHA FORTALEZA BRA','0','D',215.00,'1',24,1),(1671,'2025-01-10 12:00:00','PG *TON JOSIVAN LANC CHOROZINHO BRA','0','D',117.00,'1',24,1),(1672,'2025-01-09 12:00:00','POSTO TETRA FORTALEZA BRA','0','D',100.00,'1',24,1),(1673,'2025-01-08 12:00:00','PDV*MATTARELLO PIZZA FORTALEZA BRA','0','D',8.00,'1',24,1),(1674,'2025-01-08 12:00:00','PDV*MATTARELLO PIZZA FORTALEZA BRA','0','D',28.00,'1',24,1),(1675,'2025-01-08 12:00:00','SopaComAmor FORTALEZA BRA','0','D',17.00,'1',24,1),(1676,'2025-01-08 12:00:00','SUPERMERCADO COMETA FORTALEZA BRA','0','D',38.55,'1',24,1),(1677,'2025-01-08 12:00:00','COMIDARIA SELF-SERVICE FORTALEZA BRA','0','D',48.58,'1',24,1),(1678,'2025-01-07 12:00:00','IFD*IFOOD CLUB Osasco BRA','0','D',12.90,'1',24,1),(1679,'2025-01-05 12:00:00','KINA IGUATEMI FORTALEZA BRA','0','D',26.90,'1',24,1),(1680,'2025-01-05 12:00:00','FORTALEZA 303 FORTALEZA BRA','0','D',9.00,'1',24,1),(1681,'2025-01-05 12:00:00','FORTALEZA 303 FORTALEZA BRA','0','D',84.00,'1',24,1),(1682,'2025-01-05 12:00:00','MP*OPEREIRAGALET Osasco BRA','0','D',32.00,'1',24,1),(1683,'2025-01-04 12:00:00','SORVETES FROSTY RESERV MARACANAU BRA','0','D',15.97,'1',24,1),(1684,'2025-01-04 12:00:00','EOS PIZZARIA FORTALEZA BRA','0','D',53.90,'1',24,1),(1685,'2025-01-04 12:00:00','COMIDARIA SELF-SERVICE FORTALEZA BRA','0','D',52.47,'1',24,1),(1686,'2025-01-02 12:00:00','LASOPITA FORTALEZA BRA','0','D',38.70,'1',24,1),(1687,'2025-01-02 12:00:00','EXTRAFARMA JOSE LEON FORTALEZA BRA','0','D',141.10,'1',24,1),(1688,'2025-01-02 12:00:00','PANIFICADORA IOLANDA FORTALEZA BRA','0','D',8.63,'1',24,1),(1689,'2025-01-01 12:00:00','Ifood *IFD*EDVANIO O Vila Yara Osa BRA','0','D',39.42,'1',24,1),(1690,'2025-01-01 12:00:00','ROMA LANCHES ARACATI BRA','0','D',7.00,'1',24,1),(1691,'2025-01-01 12:00:00','ROMA LANCHES ARACATI BRA','0','D',38.00,'1',24,1),(1692,'2025-01-01 12:00:00','CASA DOS VENTOS TIBAU Tibau BRA','0','D',47.14,'1',24,1),(1693,'2025-01-01 12:00:00','5 CINCO 4 ATACAREJO ICAPUI BRA','0','D',18.96,'1',24,1),(1694,'2025-01-01 12:00:00','Depósito De Flexível','0','C',2629.00,'1',24,1),(1695,'2025-01-01 12:00:00','Previous Balance','0','C',0.00,'1',25,1),(1696,'2025-01-14 12:00:00','FREITAS VAREJO - Parcela 2/5','0','D',71.99,'1',25,1),(1697,'2025-01-14 12:00:00','ALLIANZ SEGUROS S/A','0','D',248.05,'1',25,1),(1698,'2025-01-14 12:00:00','BICICLETANDO - Parcela 1/2','0','D',75.00,'1',25,1),(1699,'2025-01-14 12:00:00','SUL AMERICA ODONTOLOGI - Parcela 8/12','0','D',43.90,'1',25,1),(1700,'2025-01-14 12:00:00','KALUNGA.COM - Parcela 4/10','0','D',34.99,'1',25,1),(1701,'2025-01-14 12:00:00','HTM*CURSODEDESEN - Parcela 3/3','0','D',88.16,'1',25,1),(1702,'2025-01-14 12:00:00','MERCADOLIVRE*MERCADOL - Parcela 2/6','0','D',99.15,'1',25,1),(1703,'2025-01-14 12:00:00','IFOOD       *IFOOD','0','D',35.90,'1',25,1),(1704,'2025-01-14 12:00:00','UBER UBER *TRIP HELP.U','0','D',22.83,'1',25,1),(1705,'2025-01-14 12:00:00','UBER* TRIP','0','D',16.94,'1',25,1),(1706,'2025-01-14 12:00:00','IFD*FJ LANCHES EXPRESS','0','D',29.85,'1',25,1),(1707,'2025-01-14 12:00:00','UBER UBER *TRIP HELP.U','0','D',37.94,'1',25,1),(1708,'2025-01-14 12:00:00','AMAZON AWS SERVICOS BR','0','D',13.76,'1',25,1),(1709,'2025-01-14 12:00:00','MP *MELIMAIS','0','D',27.99,'1',25,1),(1710,'2025-01-14 12:00:00','ECOMMERCE CARTAO FTD - Parcela 1/6','0','D',279.20,'1',25,1),(1711,'2025-01-14 12:00:00','DONACLOSETS - Parcela 2/2','0','D',109.90,'1',25,1),(1712,'2025-01-14 12:00:00','SANDELLY VIA SUL','0','D',50.00,'1',25,1),(1713,'2025-01-14 12:00:00','MVTCOMERCIODE','0','D',12.99,'1',25,1),(1714,'2025-01-14 12:00:00','RIACHUELO 142 CE FORTA - Parcela 1/2','0','D',59.85,'1',25,1),(1715,'2025-01-14 12:00:00','BIGDADDY','0','D',37.00,'1',25,1),(1716,'2025-01-14 12:00:00','SOPACOMAMOR','0','D',21.00,'1',25,1),(1717,'2025-01-14 12:00:00','BOTECO DO IMPRENSA','0','D',60.00,'1',25,1),(1718,'2025-01-14 12:00:00','PG *TON STUDIO DANIE - Parcela 1/2','0','D',87.90,'1',25,1),(1719,'2025-01-14 12:00:00','PG *TON PAPELARIA FA','0','D',8.00,'1',25,1),(1720,'2025-01-14 12:00:00','PG *TON PAPELARIA FA','0','D',2.10,'1',25,1),(1721,'2025-01-14 12:00:00','MC DONALDS TZM','0','D',9.90,'1',25,1),(1722,'2025-01-14 12:00:00','LOJAS RENNER FL 84','0','D',59.60,'1',25,1),(1723,'2025-01-14 12:00:00','IAP COSMETICOS LTDA','0','D',54.97,'1',25,1),(1724,'2025-01-14 12:00:00','FRAN PADARIA','0','D',28.27,'1',25,1),(1725,'2025-01-14 12:00:00','FREITAS VAREJO','0','D',23.98,'1',25,1),(1726,'2025-01-14 12:00:00','MILK HEROES MILKSHAKES','0','D',4.50,'1',25,1),(1727,'2025-02-01 12:00:00','Saldo Anterior','','C',54.43,'1',26,1),(1728,'2025-02-03 12:00:00','Pix - Recebido -> 01/02 11:50 00084609753391 WALTER DIEG','11.150.274.453.322','C',3000.00,'1',26,1),(1729,'2025-02-03 12:00:00','Pix - Enviado -> 01/02 11:51 Edson Viana Guilherme','20.301','D',17.00,'1',26,1),(1730,'2025-02-03 12:00:00','Pix - Enviado -> 01/02 17:44 Nuvei Do Brasil Ltda','20.302','D',23.70,'1',26,1),(1731,'2025-02-03 12:00:00','Pix - Enviado -> 03/02 08:45 Arminda Chagas De Oliveira','20.303','D',14.50,'1',26,1),(1732,'2025-02-04 12:00:00','Pix - Enviado -> 04/02 12:14 Tushenka Roldan Tavares','20.401','D',10.00,'1',26,1),(1733,'2025-02-04 12:00:00','Pix - Enviado -> 04/02 19:27 Tushenka Roldan Tavares','20.402','D',7.00,'1',26,1),(1734,'2025-02-05 12:00:00','Pix - Enviado -> 05/02 17:35 Unimed De Fortaleza','20.501','D',1141.23,'1',26,1),(1735,'2025-02-06 12:00:00','Pix - Enviado -> 06/02 13:07 Shpp Brasil Instituicao De','20.601','D',49.98,'1',26,1),(1736,'2025-02-07 12:00:00','Pix - Recebido -> 07/02 21:23 00003272566309 GLAUTER CAR','72.123.572.146.702','C',6.00,'1',26,1),(1737,'2025-02-07 12:00:00','Pix - Recebido -> 07/02 21:31 00003272566309 GLAUTER CAR','72.131.535.573.672','C',41.89,'1',26,1),(1738,'2025-02-07 12:00:00','Compra com Cartão -> 07/02 10:45 IMOBILIARIA ALBATROZ','138.746','D',10.00,'1',26,1),(1739,'2025-02-10 12:00:00','Pix - Recebido -> 08/02 16:42 00005009456400 MARIA VILDE','81.642.432.563.812','C',100.00,'1',26,1),(1740,'2025-02-10 12:00:00','Pix - Recebido -> 09/02 16:13 84609753391 WALTER DIEGO D','391.284.005.908.031','C',3143.49,'1',26,1),(1741,'2025-02-10 12:00:00','Compra com Cartão -> 10/02 16:54 PANIFICADORA IOLANDA','160.844','D',4.76,'1',26,1),(1742,'2025-02-10 12:00:00','Compra com Cartão -> 10/02 19:11 BARRACA DE COMIDAS T','269.088','D',3.00,'1',26,1),(1743,'2025-02-10 12:00:00','Pix - Enviado -> 08/02 16:47 Barato Coletivo Comunic E','21.001','D',89.78,'1',26,1),(1744,'2025-02-10 12:00:00','Pix - Enviado -> 10/02 09:25 Arminda Chagas De Oliveira','21.002','D',14.50,'1',26,1),(1745,'2025-02-10 12:00:00','Net Serviços de Comunicaç -> NET SERVIçOS','41.843','D',75.92,'1',26,1),(1746,'2025-02-11 12:00:00','Telefone Pre-Pago -> 11/02 06:57 (85)98832-6786 Vivo','988.326.786.003.753','D',30.00,'1',26,1),(1747,'2025-02-11 12:00:00','Pagamento de Boleto -> CONDOMINIO DO EDIF  FLAMBOYANT','21.101','D',598.43,'1',26,1),(1748,'2025-02-11 12:00:00','Pagamento de Boleto -> COMPAHIA ENERGETICA CE COELCE','21.102','D',315.64,'1',26,1),(1749,'2025-02-12 12:00:00','Compra com Cartão -> 12/02 13:06 ChapaQuente','147.186','D',43.50,'1',26,1),(1750,'2025-02-13 12:00:00','Compra com Cartão -> 13/02 19:29 CENTAURO CE97','170.155','D',89.99,'1',26,1),(1751,'2025-02-13 12:00:00','Compra com Cartão -> 13/02 21:33 OPY ACAI','277.613','D',61.38,'1',26,1),(1752,'2025-02-13 12:00:00','Pix - Enviado -> 13/02 10:49 Valclécio Da Silva Paz','21.301','D',2.00,'1',26,1),(1753,'2025-02-14 12:00:00','Pix - Enviado -> 14/02 19:27 Deborah Dos Santos Freire','21.401','D',37.50,'1',26,1),(1754,'2025-02-14 12:00:00','Pagamento de Telefone -> CLARO NE DDD 81 A 89','686','D',79.90,'1',26,1),(1755,'2025-02-17 12:00:00','Compra com Cartão -> 15/02 13:58 COMIDARIA SELF-SERVI','150.282','D',10.04,'1',26,1),(1756,'2025-02-17 12:00:00','Compra com Cartão -> 15/02 19:03 OPY ACAI','268.615','D',34.00,'1',26,1),(1757,'2025-02-17 12:00:00','Compra com Cartão -> 15/02 20:03 SUPERMERCADO COMETA','372.193','D',11.98,'1',26,1),(1758,'2025-02-17 12:00:00','Compra com Cartão -> 16/02 10:25 ANTONIO FRANCISCO BE','637.557','D',6.00,'1',26,1),(1759,'2025-02-17 12:00:00','Compra com Cartão -> 17/02 06:34 NETFLIX.COM','723.688','D',44.90,'1',26,1),(1760,'2025-02-17 12:00:00','Compra com Cartão -> 17/02 11:51 COMIDARIA SELF-SERVI','842.702','D',22.00,'1',26,1),(1761,'2025-02-17 12:00:00','Pix - Enviado -> 15/02 12:45 C6 Bank','21.701','D',1724.88,'1',26,1),(1762,'2025-02-17 12:00:00','Pix - Enviado -> 16/02 10:52 Erinaldo Lucas Da Silva','21.702','D',18.00,'1',26,1),(1763,'2025-02-17 12:00:00','Pix - Enviado -> 16/02 12:04 Nathalia Vilde Freire Krin','21.703','D',265.00,'1',26,1),(1764,'2025-02-17 12:00:00','Pix - Enviado -> 17/02 09:00 Arminda Chagas De Oliveira','21.704','D',14.50,'1',26,1),(1765,'2025-02-18 12:00:00','Pix - Recebido -> 18/02 13:27 00005009456400 MARIA VILDE','181.327.130.452.062','C',180.00,'1',26,1),(1766,'2025-02-18 12:00:00','Compra com Cartão -> 18/02 11:41 POSTO TETRA','142.069','D',100.00,'1',26,1),(1767,'2025-02-18 12:00:00','Compra com Cartão -> 18/02 11:47 COMERCIAL ROCHA','242.478','D',7.50,'1',26,1),(1768,'2025-02-18 12:00:00','Compra com Cartão -> 18/02 21:11 EvandroSoares','376.268','D',15.00,'1',26,1),(1769,'2025-02-18 12:00:00','Pix - Enviado -> 18/02 19:49 Tushenka Roldan Tavares','21.801','D',7.00,'1',26,1),(1770,'2025-02-19 12:00:00','Compra com Cartão -> 19/02 07:15 Biscoitando','126.113','D',8.50,'1',26,1),(1771,'2025-02-19 12:00:00','Compra com Cartão -> 19/02 20:19 CEA MODAS    0380','173.163','D',7.98,'1',26,1),(1772,'2025-02-19 12:00:00','Compra com Cartão -> 19/02 07:35 SUPERMERCADO COMETA','227.313','D',31.26,'1',26,1),(1773,'2025-02-19 12:00:00','Compra com Cartão -> 19/02 20:25 LOJAS RENNER FL 8','273.555','D',79.90,'1',26,1),(1774,'2025-02-19 12:00:00','Compra com Cartão -> 19/02 12:56 COMIDARIA SELF-SERVI','346.612','D',48.00,'1',26,1),(1775,'2025-02-19 12:00:00','Compra com Cartão -> 19/02 20:36 MK IG1','374.212','D',21.00,'1',26,1),(1776,'2025-02-19 12:00:00','Compra com Cartão -> 19/02 13:14 XEREBELE','647.665','D',5.90,'1',26,1),(1777,'2025-02-19 12:00:00','Compra com Cartão -> 19/02 14:03 SUPERMERCADO COMETA','750.606','D',13.98,'1',26,1),(1778,'2025-02-19 12:00:00','Compra com Cartão -> 19/02 14:05 ELISANGELA FERREI','850.719','D',4.00,'1',26,1),(1779,'2025-02-19 12:00:00','Pix - Enviado -> 19/02 21:29 Walter Diego De Souza Frei','21.901','D',20.00,'1',26,1),(1780,'2025-02-20 12:00:00','Compra com Cartão -> 20/02 19:26 ELISANGELA FERREI','169.975','D',14.00,'1',26,1),(1781,'2025-02-21 12:00:00','Compra com Cartão -> 21/02 07:05 PAGUE MENOS 491','125.525','D',62.71,'1',26,1),(1782,'2025-02-21 12:00:00','Compra com Cartão -> 21/02 07:10 PANIFICADORA IOLANDA','225.830','D',8.89,'1',26,1),(1783,'2025-02-21 12:00:00','Compra com Cartão -> 21/02 20:24 SUPERMERCADO COMETA','373.497','D',56.32,'1',26,1),(1784,'2025-02-21 12:00:00','Compra com Cartão -> 21/02 20:31 MP*ACAIROXEDO','673.887','D',10.10,'1',26,1),(1785,'2025-02-24 12:00:00','Compra com Cartão -> 22/02 13:30 COMIDARIA SELF-SERVI','148.632','D',44.78,'1',26,1),(1786,'2025-02-24 12:00:00','Compra com Cartão -> 22/02 21:28 OPY ACAI','277.319','D',74.83,'1',26,1),(1787,'2025-02-24 12:00:00','Compra com Cartão -> 23/02 11:43 SUPERMERCADO COMETA','342.181','D',65.32,'1',26,1),(1788,'2025-02-24 12:00:00','Compra com Cartão -> 23/02 11:44 FARMACIA MARIA DOS R','642.283','D',9.00,'1',26,1),(1789,'2025-02-24 12:00:00','Compra com Cartão -> 24/02 11:52 COMIDARIA SELF-SERVI','742.769','D',22.00,'1',26,1),(1790,'2025-02-24 12:00:00','Pagamento de Boleto -> UNIODONTO FORTALEZA COOPERATIV','22.401','D',48.60,'1',26,1),(1791,'2025-02-24 12:00:00','Pix - Enviado -> 24/02 10:47 Arminda Chagas De Oliveira','22.402','D',14.50,'1',26,1),(1792,'2025-02-25 12:00:00','Compra com Cartão -> 25/02 07:25 Biscoitando','126.706','D',10.50,'1',26,1),(1793,'2025-02-25 12:00:00','Compra com Cartão -> 25/02 19:53 Ilovehotdog','171.632','D',28.00,'1',26,1),(1794,'2025-02-25 12:00:00','Compra com Cartão -> 25/02 07:37 PANIFICADORA IOLANDA','227.427','D',2.61,'1',26,1),(1795,'2025-02-25 12:00:00','Compra com Cartão -> 25/02 20:01 UNIVERSO DO ACAI LAG','272.108','D',20.60,'1',26,1),(1796,'2025-02-25 12:00:00','Compra com Cartão -> 25/02 12:47 ChapaQuente','346.036','D',48.22,'1',26,1),(1797,'2025-02-25 12:00:00','Compra com Cartão -> 25/02 20:23 POSTO SAO DOMINGOS C','373.397','D',50.00,'1',26,1),(1798,'2025-02-25 12:00:00','Compra com Cartão -> 25/02 12:52 MP*SJRACOES','646.325','D',13.50,'1',26,1),(1799,'2025-02-25 12:00:00','Compra com Cartão -> 25/02 12:57 XEREBELE','746.626','D',35.80,'1',26,1),(1800,'2025-02-25 12:00:00','Compra com Cartão -> 25/02 19:27 PedroJosenildoDe','870.026','D',3.00,'1',26,1),(1801,'2025-02-25 12:00:00','Tarifa Pacote de Serviços -> Cobrança referente 25/02/25','890.561.200.002.731','D',14.90,'1',26,1),(1802,'2025-02-26 12:00:00','Pix - Recebido -> 26/02 07:59 05009456400 MARIA VILDE DE','405.675.421.849.841','C',50.00,'1',26,1),(1803,'2025-02-26 12:00:00','Compra com Cartão -> 26/02 07:26 Biscoitando','126.787','D',8.50,'1',26,1),(1804,'2025-02-26 12:00:00','Compra com Cartão -> 26/02 12:51 ChapaQuente','246.262','D',34.65,'1',26,1),(1805,'2025-02-26 12:00:00','Compra com Cartão -> 26/02 13:47 SUPERMERCADO COMETA','349.647','D',204.25,'1',26,1),(1806,'2025-02-27 12:00:00','Compra com Cartão -> 27/02 21:20 OPY ACAI','176.809','D',82.50,'1',26,1),(1807,'2025-02-27 12:00:00','Pix - Enviado -> 27/02 19:20 Edinaldo Oliveira Da Silva','22.701','D',30.00,'1',26,1),(1808,'2025-02-28 12:00:00','Compra com Cartão -> 28/02 07:26 Biscoitando','126.784','D',9.80,'1',26,1),(1809,'2025-02-01 12:00:00','Poupança: Saldo anterior','0','C',24278.78,'1',27,1),(1810,'2025-02-06 12:00:00','Poupança: Reajuste Monetário - BACEN','0','C',6.38,'1',27,1),(1811,'2025-02-06 12:00:00','Poupança: Juros','0','C',18.71,'1',27,1),(1812,'2025-02-07 12:00:00','Poupança: Reajuste Monetário - BACEN','0','C',17.22,'1',27,1),(1813,'2025-02-07 12:00:00','Poupança: Juros','0','C',50.97,'1',27,1),(1814,'2025-02-21 12:00:00','Poupança: Reajuste Monetário - BACEN','0','C',13.97,'1',27,1),(1815,'2025-02-21 12:00:00','Poupança: Juros','0','C',41.28,'1',27,1),(1816,'2025-02-28 12:00:00','Poupança: Reajuste Monetário - BACEN','0','C',2.12,'1',27,1),(1817,'2025-02-28 12:00:00','Poupança: Juros','0','C',8.03,'1',27,1),(1818,'2025-02-28 12:00:00','Poupança: Pix - Enviado','0','D',384.62,'1',27,1),(1819,'2025-02-28 12:00:00','Poupança: Reajuste Monetário - BACEN','0','C',0.69,'1',27,1),(1820,'2025-02-28 12:00:00','Poupança: Juros','0','C',2.61,'1',27,1),(1821,'2025-02-01 12:00:00','Previous Balance','0','C',0.00,'1',28,1),(1822,'2025-02-19 12:00:00','SUPERMECADO COMETA','0','D',170.00,'1',28,1),(1823,'2025-02-16 12:00:00','SUPERMECADO COMETA','0','D',24.58,'1',28,1),(1824,'2025-02-15 12:00:00','EMPORIO RIBEIRA DO PO','0','D',23.62,'1',28,1),(1825,'2025-02-13 12:00:00','PANIFICADORA IOLANDA LTDA','0','D',23.00,'1',28,1),(1826,'2025-02-12 12:00:00','ASSAI ATACADISTA','0','D',391.49,'1',28,1),(1827,'2025-02-08 12:00:00','SUPERMECADO COMETA','0','D',64.52,'1',28,1),(1828,'2025-02-04 12:00:00','ASSAI ATACADISTA','0','D',654.98,'1',28,1),(1829,'2025-02-02 12:00:00','SUPERMECADO COMETA','0','D',43.20,'1',28,1),(1830,'2025-02-01 12:00:00','SUPERMECADO COMETA','0','D',224.33,'1',28,1),(1831,'2025-02-01 12:00:00','PANIFICADORA IOLANDA LTDA','0','D',34.93,'1',28,1),(1832,'2025-02-01 12:00:00','Seu Benefício Caiu','0','C',1656.39,'1',28,1),(1833,'2025-02-01 12:00:00','Previous Balance','0','C',0.00,'1',29,1),(1834,'2025-02-16 12:00:00','SUPERMERCADO COMETA FORTALEZA BRA','0','D',10.00,'1',29,1),(1835,'2025-02-15 12:00:00','COMIDARIA SELF-SERVICE FORTALEZA BRA','0','D',38.90,'1',29,1),(1836,'2025-02-10 12:00:00','Ilovehotdog FORTALEZA BRA','0','D',44.00,'1',29,1),(1837,'2025-02-10 12:00:00','Biscoitando FORTALEZA BRA','0','D',10.50,'1',29,1),(1838,'2025-02-09 12:00:00','PAGUE MENOS FORTALEZA BRA','0','D',34.80,'1',29,1),(1839,'2025-02-09 12:00:00','SUPERMERCADO COMETA FORTALEZA BRA','0','D',2.99,'1',29,1),(1840,'2025-02-09 12:00:00','IFOOD *IFD*EMPREENDI Vila Yara Osa BRA','0','D',37.47,'1',29,1),(1841,'2025-02-09 12:00:00','IFD*FJ LANCHES EXPRESSO B FORTALEZA BRA','0','D',29.85,'1',29,1),(1842,'2025-02-08 12:00:00','SANTA PASTELARIA R FORTALEZA BRA','0','D',10.50,'1',29,1),(1843,'2025-02-08 12:00:00','MP*VIOLETTAACAI Osasco BRA','0','D',4.00,'1',29,1),(1844,'2025-02-08 12:00:00','SANTA PASTELARIA R FORTALEZA BRA','0','D',41.00,'1',29,1),(1845,'2025-02-08 12:00:00','BS PRODUCOES ITAGUAI BRA','0','D',20.00,'1',29,1),(1846,'2025-02-08 12:00:00','MP*FABRICADOPROFESSOR Osasco BRA','0','D',29.40,'1',29,1),(1847,'2025-02-07 12:00:00','SORVETES FROSTY RESERV MARACANAU BRA','0','D',3.49,'1',29,1),(1848,'2025-02-07 12:00:00','SORVETES FROSTY RESERV MARACANAU BRA','0','D',63.89,'1',29,1),(1849,'2025-02-07 12:00:00','EOS PIZZARIA FORTALEZA BRA','0','D',13.00,'1',29,1),(1850,'2025-02-07 12:00:00','EOS PIZZARIA FORTALEZA BRA','0','D',49.90,'1',29,1),(1851,'2025-02-07 12:00:00','TEREZINHA BOLOS FORTALEZA BRA','0','D',29.00,'1',29,1),(1852,'2025-02-07 12:00:00','RESTAURANTE ORIENTAL FORTALEZA BRA','0','D',64.37,'1',29,1),(1853,'2025-02-07 12:00:00','LAB CLEMENTINO FRAGA FORTALEZA BRA','0','D',94.00,'1',29,1),(1854,'2025-02-07 12:00:00','IFD*IFOOD CLUB Osasco BRA','0','D',12.90,'1',29,1),(1855,'2025-02-05 12:00:00','MARIA PITANGA FORTALEZA BRA','0','D',12.62,'1',29,1),(1856,'2025-02-05 12:00:00','BISTRO DO SERPA FORTALEZA BRA','0','D',26.00,'1',29,1),(1857,'2025-02-04 12:00:00','FARMACIAS MA DOS REMEDIOS FORTALEZA BRA','0','D',25.00,'1',29,1),(1858,'2025-02-04 12:00:00','ChapaQuente FORTALEZA BRA','0','D',54.67,'1',29,1),(1859,'2025-02-04 12:00:00','COLEGIO AGAPE FORTALEZA BRA','0','D',1374.05,'1',29,1),(1860,'2025-02-04 12:00:00','Biscoitando FORTALEZA BRA','0','D',8.50,'1',29,1),(1861,'2025-02-01 12:00:00','MP*VIOLETTAACAI Osasco BRA','0','D',16.17,'1',29,1),(1862,'2025-02-01 12:00:00','SANTA PASTELARIA R FORTALEZA BRA','0','D',23.50,'1',29,1),(1863,'2025-02-01 12:00:00','EOS PIZZARIA FORTALEZA BRA','0','D',23.40,'1',29,1),(1864,'2025-02-01 12:00:00','FARMACIA MARIA DOS REM FORTALEZA BRA','0','D',9.99,'1',29,1),(1865,'2025-02-01 12:00:00','IFD*FJ LANCHES EXPRESSO B FORTALEZA BRA','0','D',20.34,'1',29,1),(1866,'2025-02-01 12:00:00','MARIA PITANGA _ 03 FORTALEZA BRA','0','D',23.11,'1',29,1),(1867,'2025-02-01 12:00:00','SORVETES FROSTY RESERV MARACANAU BRA','0','D',24.99,'1',29,1),(1868,'2025-02-01 12:00:00','PORTITALIA FORTALEZA BRA','0','D',29.78,'1',29,1),(1869,'2025-02-01 12:00:00','POSTO TETRA FORTALEZA BRA','0','D',252.92,'1',29,1),(1870,'2025-02-01 12:00:00','IMOBILIARIA ALBATROZ LT FORTALEZA BRA','0','D',20.00,'1',29,1),(1871,'2025-02-01 12:00:00','PANIFICADORA IOLANDA FORTALEZA BRA','0','D',19.00,'1',29,1),(1872,'2025-02-01 12:00:00','FARMACIAS MA DOS REMEDIOS FORTALEZA BRA','0','D',21.00,'1',29,1),(1873,'2025-02-01 12:00:00','Depósito De Flexível','0','C',2629.00,'1',29,1),(1874,'2025-02-01 12:00:00','Previous Balance','0','C',0.00,'1',30,1),(1875,'2025-02-17 12:00:00','FREITAS VAREJO - Parcela 3/5','0','D',71.99,'1',30,1),(1876,'2025-02-17 12:00:00','BICICLETANDO - Parcela 2/2','0','D',75.00,'1',30,1),(1877,'2025-02-17 12:00:00','ALLIANZ SEGUROS S/A','0','D',248.05,'1',30,1),(1878,'2025-02-17 12:00:00','S3 ODONTO - Parcela 1/5','0','D',200.00,'1',30,1),(1879,'2025-02-17 12:00:00','SUL AMERICA ODONTOLOGI - Parcela 9/12','0','D',43.90,'1',30,1),(1880,'2025-02-17 12:00:00','KALUNGA.COM - Parcela 5/10','0','D',34.99,'1',30,1),(1881,'2025-02-17 12:00:00','MERCADOLIVRE*MERCADOL - Parcela 3/6','0','D',99.15,'1',30,1),(1882,'2025-02-17 12:00:00','ECOMMERCE CARTAO FTD - Parcela 2/6','0','D',279.16,'1',30,1),(1883,'2025-02-17 12:00:00','WELLHUB GYMPASS BR GYM','0','D',89.90,'1',30,1),(1884,'2025-02-17 12:00:00','RAPPI *RAPPI RAPPI BR','0','D',83.96,'1',30,1),(1885,'2025-02-17 12:00:00','IFD*FJ LANCHES EXPRESS','0','D',29.85,'1',30,1),(1886,'2025-02-17 12:00:00','JUSBRASIL','0','D',1.90,'1',30,1),(1887,'2025-02-17 12:00:00','IFD*FJ LANCHES EXPRESS','0','D',16.79,'1',30,1),(1888,'2025-02-17 12:00:00','MP *MELIMAIS','0','D',27.99,'1',30,1),(1889,'2025-02-17 12:00:00','RIACHUELO 142 CE FORTA - Parcela 2/2','0','D',59.85,'1',30,1),(1890,'2025-02-17 12:00:00','PG *TON STUDIO DANIE - Parcela 2/2','0','D',87.90,'1',30,1),(1891,'2025-02-17 12:00:00','PG *TON','0','D',29.90,'1',30,1),(1892,'2025-02-17 12:00:00','RENARASOBRANCELHAS','0','D',25.00,'1',30,1),(1893,'2025-02-17 12:00:00','PG *TON PAPELARIA FA','0','D',18.50,'1',30,1),(1894,'2025-02-17 12:00:00','PG *TON ELLAHFITNESS','0','D',52.00,'1',30,1),(1895,'2025-02-17 12:00:00','SUPERMERCADO COMETA','0','D',73.10,'1',30,1),(1896,'2025-02-17 12:00:00','BE HAPPY','0','D',76.00,'1',30,1),(1897,'2025-03-01 12:00:00','Saldo Anterior','','C',306.90,'1',31,1),(1898,'2025-03-05 12:00:00','Compra com Cartão -> 01/03 19:14 TOP BURGER','169.293','D',20.00,'1',31,1),(1899,'2025-03-05 12:00:00','Compra com Cartão -> 02/03 22:31 TOP BURGER','281.074','D',51.00,'1',31,1),(1900,'2025-03-05 12:00:00','Compra com Cartão -> 03/03 14:10 LitoraneaFarmacia','351.031','D',21.00,'1',31,1),(1901,'2025-03-05 12:00:00','Compra com Cartão -> 05/03 11:50 FARMACIA MAIS SAUDE','642.622','D',76.50,'1',31,1),(1902,'2025-03-05 12:00:00','Compra com Cartão -> 05/03 11:52 MARIA REGIANE DOS','742.740','D',50.00,'1',31,1),(1903,'2025-03-05 12:00:00','Pix - Enviado -> 02/03 14:05 Maurino Araujo De Medeiros','30.501','D',5.00,'1',31,1),(1904,'2025-03-07 12:00:00','Pix - Recebido -> 07/03 18:44 00000297176390 KELVEN ELIE','71.844.265.587.522','C',77.50,'1',31,1),(1905,'2025-03-07 12:00:00','Compra com Cartão -> 07/03 11:15 MERCADINHO TRIANG','140.515','D',38.00,'1',31,1),(1906,'2025-03-10 12:00:00','Pix - Recebido -> 10/03 11:21 00084609753391 WALTER DIEG','101.121.299.647.032','C',5889.16,'1',31,1),(1907,'2025-03-10 12:00:00','Compra com Cartão -> 10/03 21:14 ACELERADORA GTR PARA','176.468','D',26.90,'1',31,1),(1908,'2025-03-10 12:00:00','Aplicação Poupança -> 10/03 11:25 WALTER DIEGO SOUZA FREIR','602.793.510.044.671','D',306.90,'1',31,1),(1909,'2025-03-10 12:00:00','Pix - Enviado -> 10/03 11:10 Arminda Chagas De Oliveira','31.001','D',14.50,'1',31,1),(1910,'2025-03-10 12:00:00','Pagamento de Boleto -> CONDOMINIO DO EDIF  FLAMBOYANT','31.002','D',527.85,'1',31,1),(1911,'2025-03-10 12:00:00','Pagamento de Boleto -> COMPAHIA ENERGETICA CE COELCE','31.003','D',288.65,'1',31,1),(1912,'2025-03-10 12:00:00','Pagamento de Boleto -> UNIMED FORTALEZA SOCIEDADE COO','31.005','D',1032.62,'1',31,1),(1913,'2025-03-10 12:00:00','Net Serviços de Comunicaç -> NET SERVIçOS','41.843','D',94.90,'1',31,1),(1914,'2025-03-11 12:00:00','Compra com Cartão -> 11/03 12:54 ChapaQuente','146.492','D',58.05,'1',31,1),(1915,'2025-03-11 12:00:00','Compra com Cartão -> 11/03 16:47 PANIFICADORA IOLANDA','260.462','D',3.63,'1',31,1),(1916,'2025-03-12 12:00:00','Pagamento de Telefone -> CLARO NE DDD 81 A 89','686','D',79.90,'1',31,1),(1917,'2025-03-13 12:00:00','Compra com Cartão -> 13/03 11:54 POSTO TETRA','142.870','D',248.05,'1',31,1),(1918,'2025-03-13 12:00:00','Pix - Enviado -> 13/03 16:15 C6 Bank','31.301','D',1657.15,'1',31,1),(1919,'2025-03-13 12:00:00','Pix - Enviado -> 13/03 18:29 Boacompra.com','31.302','D',20.78,'1',31,1),(1920,'2025-03-17 12:00:00','Compra com Cartão -> 15/03 08:42 Biscoitando','131.324','D',10.50,'1',31,1),(1921,'2025-03-17 12:00:00','Compra com Cartão -> 15/03 08:51 PANIFICADORA IOLANDA','231.886','D',8.27,'1',31,1),(1922,'2025-03-17 12:00:00','Compra com Cartão -> 15/03 23:03 MOTOPIZZA','383.001','D',101.09,'1',31,1),(1923,'2025-03-17 12:00:00','Telefone Pre-Pago -> 15/03 21:00 (85)98832-6786 Vivo','988.326.786.028.298','D',30.00,'1',31,1),(1924,'2025-03-17 12:00:00','Pix - Enviado -> 15/03 08:26 Walter Diego De Souza Frei','31.701','D',60.00,'1',31,1),(1925,'2025-03-17 12:00:00','Pix - Enviado -> 16/03 14:54 Alipay Brasil Meios De Pag','31.702','D',146.23,'1',31,1),(1926,'2025-03-17 12:00:00','Pix - Enviado -> 17/03 16:08 Arminda Chagas De Oliveira','31.703','D',14.50,'1',31,1),(1927,'2025-03-20 12:00:00','Compra com Cartão -> 20/03 19:05 NETFLIX.COM','168.738','D',44.90,'1',31,1),(1928,'2025-03-21 12:00:00','Compra com Cartão -> 21/03 07:30 Biscoitando','127.056','D',8.50,'1',31,1),(1929,'2025-03-21 12:00:00','Compra com Cartão -> 21/03 17:03 PADARIA PAOZITO','261.399','D',2.04,'1',31,1),(1930,'2025-03-21 12:00:00','Pix - Enviado -> 21/03 18:29 Academia De Ballet G','32.101','D',135.00,'1',31,1),(1931,'2025-03-24 12:00:00','Compra com Cartão -> 23/03 13:11 SUPERMERCADO COMETA','147.482','D',27.76,'1',31,1),(1932,'2025-03-24 12:00:00','Compra com Cartão -> 24/03 07:29 Biscoitando','226.959','D',8.50,'1',31,1),(1933,'2025-03-24 12:00:00','Compra com Cartão -> 24/03 20:26 PBKIDS 9084','373.605','D',69.99,'1',31,1),(1934,'2025-03-24 12:00:00','Compra com Cartão -> 24/03 20:51 PAGUE MENOS 61','675.073','D',4.49,'1',31,1),(1935,'2025-03-24 12:00:00','Compra com Cartão -> 24/03 21:18 RIACHUELO-FILIAL.','776.736','D',40.00,'1',31,1),(1936,'2025-03-24 12:00:00','Pix - Enviado -> 24/03 09:40 Arminda Chagas De Oliveira','32.401','D',14.50,'1',31,1),(1937,'2025-03-25 12:00:00','Compra DBT','765.202','C',44.90,'1',31,1),(1938,'2025-03-25 12:00:00','Compra com Cartão -> 25/03 11:26 FRANCISCA DAS CHA','141.191','D',58.30,'1',31,1),(1939,'2025-03-25 12:00:00','Tarifa Pacote de Serviços -> Cobrança referente 25/03/25','880.841.200.457.207','D',14.90,'1',31,1),(1940,'2025-03-26 12:00:00','Compra com Cartão -> 26/03 07:38 SUPERMERCADO COMETA','127.507','D',30.89,'1',31,1),(1941,'2025-03-27 12:00:00','Compra com Cartão -> 27/03 07:31 Biscoitando','127.116','D',10.50,'1',31,1),(1942,'2025-03-27 12:00:00','Compra com Cartão -> 27/03 12:21 COMIDARIA SELF-SERVI','244.475','D',48.96,'1',31,1),(1943,'2025-03-27 12:00:00','Compra com Cartão -> 27/03 13:04 SUPERMERCADO COMETA','347.085','D',48.46,'1',31,1),(1944,'2025-03-27 12:00:00','Pagamento de Boleto -> UNIODONTO FORTALEZA COOPERATIV','32.701','D',48.60,'1',31,1),(1945,'2025-03-28 12:00:00','Compra com Cartão -> 28/03 13:13 FILE GOURMET','147.596','D',68.14,'1',31,1),(1946,'2025-03-28 12:00:00','Pix - Enviado -> 28/03 20:05 Deborah Dos Santos Freire','32.801','D',27.50,'1',31,1),(1947,'2025-03-31 12:00:00','Compra com Cartão -> 29/03 16:42 SANTANA JUNIOR CO','160.127','D',4.00,'1',31,1),(1948,'2025-03-31 12:00:00','Compra com Cartão -> 29/03 17:01 CEA FVS 663 ECPC','261.302','D',79.99,'1',31,1),(1949,'2025-03-31 12:00:00','Compra com Cartão -> 29/03 17:30 RIACHUELO FILIAL','363.017','D',80.00,'1',31,1),(1950,'2025-03-31 12:00:00','Pix - Enviado -> 29/03 10:17 Arminda Chagas De Oliveira','33.101','D',14.50,'1',31,1),(1951,'2025-03-31 12:00:00','Pix - Enviado -> 29/03 11:49 Mascilene Da Silva Me','33.102','D',29.00,'1',31,1),(1952,'2025-03-01 12:00:00','Poupança: Saldo anterior','0','C',24056.14,'1',32,1),(1953,'2025-03-06 12:00:00','Poupança: Reajuste Monetário - BACEN','0','C',2.77,'1',32,1),(1954,'2025-03-06 12:00:00','Poupança: Juros','0','C',18.81,'1',32,1),(1955,'2025-03-07 12:00:00','Poupança: Reajuste Monetário - BACEN','0','C',7.57,'1',32,1),(1956,'2025-03-07 12:00:00','Poupança: Juros','0','C',51.27,'1',32,1),(1957,'2025-03-10 12:00:00','Poupança: Pix - Enviado','0','D',373.99,'1',32,1),(1958,'2025-03-10 12:00:00','Poupança: Transferência de Crédito','0','C',306.90,'1',32,1),(1959,'2025-03-21 12:00:00','Poupança: Reajuste Monetário - BACEN','0','C',5.89,'1',32,1),(1960,'2025-03-21 12:00:00','Poupança: Juros','0','C',39.59,'1',32,1),(1961,'2025-03-31 12:00:00','Poupança: Reajuste Monetário - BACEN','0','C',0.57,'1',32,1),(1962,'2025-03-31 12:00:00','Poupança: Juros','0','C',2.63,'1',32,1),(1963,'2025-03-01 12:00:00','Previous Balance','0','C',1.74,'1',33,1),(1964,'2025-03-26 12:00:00','SUPERMECADO COMETA','0','D',43.59,'1',33,1),(1965,'2025-03-23 12:00:00','PADARIA E CONFEITARIA','0','D',58.47,'1',33,1),(1966,'2025-03-19 12:00:00','SUPERMECADO COMETA','0','D',151.28,'1',33,1),(1967,'2025-03-15 12:00:00','PORTITALIA','0','D',51.57,'1',33,1),(1968,'2025-03-14 12:00:00','SUPERMECADO COMETA','0','D',10.78,'1',33,1),(1969,'2025-03-13 12:00:00','PANIFICADORA IOLANDA LTDA','0','D',3.47,'1',33,1),(1970,'2025-03-12 12:00:00','PORTITALIA','0','D',57.10,'1',33,1),(1971,'2025-03-11 12:00:00','ASSAI ATACADISTA','0','D',634.69,'1',33,1),(1972,'2025-03-10 12:00:00','SUPERMECADO COMETA','0','D',46.75,'1',33,1),(1973,'2025-03-09 12:00:00','BOM VIZINHO DISTRIBUID','0','D',27.12,'1',33,1),(1974,'2025-03-09 12:00:00','SUPERMECADO COMETA','0','D',61.14,'1',33,1),(1975,'2025-03-01 12:00:00','MERCADINHO MINI MAX','0','D',188.96,'1',33,1),(1976,'2025-03-01 12:00:00','NONATO SUPERVAREJO','0','D',158.80,'1',33,1),(1977,'2025-03-01 12:00:00','SUPERM SAO LUIZ','0','D',141.41,'1',33,1),(1978,'2025-03-01 12:00:00','PANIFICADORA IOLANDA LTDA','0','D',23.00,'1',33,1),(1979,'2025-03-01 12:00:00','Seu Benefício Caiu','0','C',1656.39,'1',33,1),(1980,'2025-03-01 12:00:00','Previous Balance','0','C',0.00,'1',34,1),(1981,'2025-03-21 12:00:00','Ifood *IFD*REDBIBIS Vila Yara Osa BRA','0','D',38.91,'1',34,1),(1982,'2025-03-21 12:00:00','ChapaQuente FORTALEZA BRA','0','D',56.24,'1',34,1),(1983,'2025-03-19 12:00:00','COMIDARIA SELF-SERVICE FORTALEZA BRA','0','D',58.58,'1',34,1),(1984,'2025-03-19 12:00:00','SUPERMERCADO COMETA FORTALEZA BRA','0','D',36.20,'1',34,1),(1985,'2025-03-18 12:00:00','IFD*HOLY PIZZAS SUL LIMIT FORTALEZA BRA','0','D',45.93,'1',34,1),(1986,'2025-03-18 12:00:00','COMIDARIA SELF-SERVICE FORTALEZA BRA','0','D',23.00,'1',34,1),(1987,'2025-03-17 12:00:00','Ifood *IFD*FONTENELL Vila Yara Osa BRA','0','D',23.59,'1',34,1),(1988,'2025-03-17 12:00:00','FARMACIAS MA DOS REMEDIOS FORTALEZA BRA','0','D',26.00,'1',34,1),(1989,'2025-03-17 12:00:00','PANIFICADORA IOLANDA FORTALEZA BRA','0','D',9.59,'1',34,1),(1990,'2025-03-16 12:00:00','FARMACIA NATURALL FORTALEZA BRA','0','D',83.47,'1',34,1),(1991,'2025-03-16 12:00:00','PAGUE MENOS 649 FORTALEZA BRA','0','D',48.99,'1',34,1),(1992,'2025-03-16 12:00:00','FARMACIA NATURALL FORTALEZA BRA','0','D',51.48,'1',34,1),(1993,'2025-03-15 12:00:00','TERR HOSP UNIMED SUL F Fortaleza BRA','0','D',20.00,'1',34,1),(1994,'2025-03-14 12:00:00','Ifood *IFD*FATIMA DE Vila Yara Osa BRA','0','D',56.89,'1',34,1),(1995,'2025-03-14 12:00:00','IFD*iFood OSASCO BR','0','C',0.00,'1',34,1),(1996,'2025-03-13 12:00:00','FARMACIAS MA DOS REMEDIOS FORTALEZA BRA','0','D',35.00,'1',34,1),(1997,'2025-03-13 12:00:00','Ifood *IFD*FJ LANCHE Vila Yara Osa BRA','0','D',26.34,'1',34,1),(1998,'2025-03-12 12:00:00','FARMACIAS MA DOS REMEDIOS FORTALEZA BRA','0','D',52.99,'1',34,1),(1999,'2025-03-11 12:00:00','Biscoitando FORTALEZA BRA','0','D',8.50,'1',34,1),(2000,'2025-03-10 12:00:00','Biscoitando FORTALEZA BRA','0','D',8.50,'1',34,1),(2001,'2025-03-09 12:00:00','Ifood *IFD*PASTELARI Vila Yara Osa BRA','0','D',38.89,'1',34,1),(2002,'2025-03-09 12:00:00','RaiaDrogasilSA FORTALEZA BRA','0','D',55.86,'1',34,1),(2003,'2025-03-07 12:00:00','JOSIVAN LANCHES CHOROZINHO BRA','0','D',93.00,'1',34,1),(2004,'2025-03-07 12:00:00','TRIPHARMA CHOROZINHO BRA','0','D',23.00,'1',34,1),(2005,'2025-03-07 12:00:00','IFD*IFOOD CLUB Osasco BRA','0','D',12.90,'1',34,1),(2006,'2025-03-03 12:00:00','E DE CASA MOSSORO BRA','0','D',30.80,'1',34,1),(2007,'2025-03-01 12:00:00','PIZZARIA NOLASCO TIBAU BRA','0','D',70.00,'1',34,1),(2008,'2025-03-01 12:00:00','5 CINCO 4 ATACAREJO ICAPUI BRA','0','D',20.00,'1',34,1),(2009,'2025-03-01 12:00:00','TOP BURGER MOSSORO BRA','0','D',20.00,'1',34,1),(2010,'2025-03-01 12:00:00','PIZZARIA NOLASCO TIBAU BRA','0','D',54.29,'1',34,1),(2011,'2025-03-01 12:00:00','BOM DO TRIGO EUSEBIO BRA','0','D',30.00,'1',34,1),(2012,'2025-03-01 12:00:00','COLEGIO AGAPE FORTALEZA BRA','0','D',1374.05,'1',34,1),(2013,'2025-03-01 12:00:00','COMIDARIA SELF-SERVICE FORTALEZA BRA','0','D',43.36,'1',34,1),(2014,'2025-03-01 12:00:00','GERISSA DOS REIS SOUSA FORTALEZA BRA','0','D',47.00,'1',34,1),(2015,'2025-03-01 12:00:00','Depósito De Flexível','0','C',2629.00,'1',34,1),(2016,'2025-03-01 12:00:00','Previous Balance','0','C',0.00,'1',35,1),(2017,'2025-03-13 12:00:00','FREITAS VAREJO - Parcela 4/5','0','D',71.99,'1',35,1),(2018,'2025-03-13 12:00:00','S3 ODONTO - Parcela 2/5','0','D',200.00,'1',35,1),(2019,'2025-03-13 12:00:00','ALLIANZ SEGUROS S/A','0','D',248.05,'1',35,1),(2020,'2025-03-13 12:00:00','SUL AMERICA ODONTOLOGI - Parcela 10/12','0','D',43.90,'1',35,1),(2021,'2025-03-13 12:00:00','KALUNGA.COM - Parcela 6/10','0','D',34.99,'1',35,1),(2022,'2025-03-13 12:00:00','MERCADOLIVRE\'MERCADOL - Parcela 4/6','0','D',99.15,'1',35,1),(2023,'2025-03-13 12:00:00','ECOMMERCE CARTAO FTD - Parcela 3/6','0','D',279.16,'1',35,1),(2024,'2025-03-13 12:00:00','WELLHUB GYMPASS BR GYM','0','D',62.93,'1',35,1),(2025,'2025-03-13 12:00:00','MP *BARATOCOLETIVOCOM','0','D',124.67,'1',35,1),(2026,'2025-03-13 12:00:00','IFD*FJ LANCHES EXPRESS','0','D',25.59,'1',35,1),(2027,'2025-03-13 12:00:00','WELLHUB GYMPASS BR GYM','0','D',89.90,'1',35,1),(2028,'2025-03-13 12:00:00','IFOOD *IFOOD','0','D',29.58,'1',35,1),(2029,'2025-03-13 12:00:00','UBER UBER *TRIP HELP.U','0','D',32.84,'1',35,1),(2030,'2025-03-13 12:00:00','JUSBRASIL','0','D',29.90,'1',35,1),(2031,'2025-03-13 12:00:00','MP *MELIMAIS','0','D',27.99,'1',35,1),(2032,'2025-03-13 12:00:00','MANDAME LOLO','0','D',67.50,'1',35,1),(2033,'2025-03-13 12:00:00','FREITAS VAREJO','0','D',69.98,'1',35,1),(2034,'2025-03-13 12:00:00','FREITAS VAREJO','0','D',34.13,'1',35,1),(2035,'2025-03-13 12:00:00','KINA IGUATEMI','0','D',26.90,'1',35,1),(2036,'2025-03-13 12:00:00','KINA IGUATEMI','0','D',8.00,'1',35,1),(2037,'2025-03-13 12:00:00','GERISSA DOS REIS SOUSA','0','D',35.00,'1',35,1),(2038,'2025-03-13 12:00:00','MARIADASGRACASDOS','0','D',15.00,'1',35,1),(2039,'2025-04-01 12:00:00','Saldo Anterior','','C',407.07,'1',36,1),(2040,'2025-04-01 12:00:00','Pix - Recebido -> 01/04 16:16 84609753391 WALTER DIEGO D','435.349.887.437.661','C',3000.00,'1',36,1),(2041,'2025-04-01 12:00:00','Aplicação Poupança -> 01/04 16:18 WALTER DIEGO SOUZA FREIR','602.793.510.044.671','D',407.07,'1',36,1),(2042,'2025-04-01 12:00:00','Pix - Enviado -> 01/04 16:19 Amazon Serviços De Varejo','40.101','D',26.93,'1',36,1),(2043,'2025-04-01 12:00:00','Pix - Enviado -> 01/04 19:51 Tushenka Roldan Tavares','40.102','D',7.00,'1',36,1),(2044,'2025-04-02 12:00:00','Compra com Cartão -> 02/04 07:32 PANIFICADORA IOLANDA','127.129','D',2.50,'1',36,1),(2045,'2025-04-02 12:00:00','Compra com Cartão -> 02/04 07:39 SUPERMERCADO COMETA','227.554','D',19.29,'1',36,1),(2046,'2025-04-03 12:00:00','Compra com Cartão -> 03/04 08:55 POSTO TETRA','132.133','D',256.17,'1',36,1),(2047,'2025-04-03 12:00:00','Compra com Cartão -> 03/04 15:20 SILAS LIBERATO SA','255.238','D',100.00,'1',36,1),(2048,'2025-04-03 12:00:00','Compra com Cartão -> 03/04 17:09 PANIFICADORA IOLANDA','361.776','D',15.92,'1',36,1),(2049,'2025-04-03 12:00:00','Pix - Enviado -> 03/04 16:39 Arminda Chagas De Oliveira','40.301','D',14.50,'1',36,1),(2050,'2025-04-04 12:00:00','Compra com Cartão -> 04/04 12:31 GERISSA DOS REIS SOU','145.110','D',47.00,'1',36,1),(2051,'2025-04-04 12:00:00','Compra com Cartão -> 04/04 22:09 FORNERIA CORIOLANO','279.793','D',150.00,'1',36,1),(2052,'2025-04-04 12:00:00','Compra com Cartão -> 04/04 22:13 FORNERIA CORIOLANO','380.003','D',10.00,'1',36,1),(2053,'2025-04-04 12:00:00','Pix - Enviado -> 04/04 12:09 Ryan Berg Barros Lima','40.401','D',50.00,'1',36,1),(2054,'2025-04-04 12:00:00','Pix - Enviado -> 04/04 16:55 Daniela Santana Barros','40.402','D',80.00,'1',36,1),(2055,'2025-04-07 12:00:00','Pix - Recebido -> 07/04 18:38 84609753391 WALTER DIEGO D','440.618.954.909.741','C',3126.99,'1',36,1),(2056,'2025-04-07 12:00:00','Compra com Cartão -> 06/04 00:11 THE BRIKYNN PUB','100.671','D',125.62,'1',36,1),(2057,'2025-04-07 12:00:00','Compra com Cartão -> 07/04 07:37 Biscoitando','227.432','D',8.50,'1',36,1),(2058,'2025-04-07 12:00:00','Pagamento de Boleto -> UNIMED FORTALEZA SOCIEDADE COO','40.701','D',1216.54,'1',36,1),(2059,'2025-04-07 12:00:00','Pix - Enviado -> 07/04 18:16 Academia De Ballet G','40.702','D',230.00,'1',36,1),(2060,'2025-04-08 12:00:00','Compra com Cartão -> 08/04 07:25 Biscoitando','126.727','D',8.50,'1',36,1),(2061,'2025-04-09 12:00:00','Compra com Cartão -> 09/04 12:04 RESTAURANTE ORIENTAL','143.460','D',50.25,'1',36,1),(2062,'2025-04-09 12:00:00','Pix - Enviado -> 09/04 11:13 Tatiana Oliveira Falcao Qu','40.901','D',64.80,'1',36,1),(2063,'2025-04-10 12:00:00','Pix - Enviado -> 10/04 12:27 Leandro Fernandes','41.001','D',112.00,'1',36,1),(2064,'2025-04-10 12:00:00','Pagamento de Boleto -> CONDOMINIO DO EDIF  FLAMBOYANT','41.002','D',527.85,'1',36,1),(2065,'2025-04-10 12:00:00','Pix - Enviado -> 10/04 20:38 Enel Distribuicao Ceara','41.003','D',238.29,'1',36,1),(2066,'2025-04-10 12:00:00','Net Serviços de Comunicaç -> NET SERVIçOS','41.843','D',94.90,'1',36,1),(2067,'2025-04-11 12:00:00','Pix - Enviado -> 11/04 09:26 Arminda Chagas De Oliveira','41.101','D',14.50,'1',36,1),(2068,'2025-04-11 12:00:00','Pix - Enviado -> 11/04 16:41 Barbara Ingred Santos Rodr','41.102','D',33.65,'1',36,1),(2069,'2025-04-14 12:00:00','Compra com Cartão -> 12/04 20:48 PAYGO*LUCCO BURGER R','174.911','D',66.00,'1',36,1),(2070,'2025-04-14 12:00:00','Compra com Cartão -> 14/04 11:51 LOJA DA CONSTRU','242.688','D',65.70,'1',36,1),(2071,'2025-04-14 12:00:00','Pix - Enviado -> 12/04 12:40 Mascilene Da Silva Me','41.401','D',38.00,'1',36,1),(2072,'2025-04-14 12:00:00','Pix - Enviado -> 13/04 10:12 Neucina Pontes Soares','41.402','D',20.00,'1',36,1),(2073,'2025-04-14 12:00:00','Pix - Enviado -> 14/04 18:05 C6 Bank','41.403','D',2131.27,'1',36,1),(2074,'2025-04-14 12:00:00','Pix - Enviado -> 14/04 21:32 Valdenia Silva','41.404','D',30.00,'1',36,1),(2075,'2025-04-14 12:00:00','CLARO S/A - MÓVEL -> CLARO NE DDD 81 A 89','686','D',86.20,'1',36,1),(2076,'2025-04-15 12:00:00','Transferido da poupança -> 15/04 12:52 WALTER DIEGO SOUZA FREIR','2.793.510.044.671','C',500.00,'1',36,1),(2077,'2025-04-15 12:00:00','Compra com Cartão -> 15/04 12:07 EXTRAFARMA JOSE LEON','143.640','D',32.62,'1',36,1),(2078,'2025-04-15 12:00:00','Compra com Cartão -> 15/04 12:33 COMIDARIA SELF-SERVI','245.184','D',59.96,'1',36,1),(2079,'2025-04-15 12:00:00','Telefone Pre-Pago -> 15/04 07:51 (85)98832-6786 Vivo','988.326.786.506.012','D',30.00,'1',36,1),(2080,'2025-04-16 12:00:00','Pix - Enviado -> 16/04 11:40 Arminda Chagas De Oliveira','41.601','D',14.50,'1',36,1),(2081,'2025-04-16 12:00:00','Pix - Enviado -> 16/04 14:32 Gerda Maria Da Silva Mota','41.602','D',40.00,'1',36,1),(2082,'2025-04-17 12:00:00','Compra com Cartão -> 17/04 16:05 AMERICANAS SA','157.901','D',64.00,'1',36,1),(2083,'2025-04-22 12:00:00','Compra com Cartão -> 18/04 07:26 POSTO TETRA','126.818','D',150.00,'1',36,1),(2084,'2025-04-22 12:00:00','Compra com Cartão -> 18/04 07:45 PADARIA E CONFEITARI','227.956','D',59.80,'1',36,1),(2085,'2025-04-22 12:00:00','Compra com Cartão -> 22/04 07:26 Biscoitando','326.769','D',8.50,'1',36,1),(2086,'2025-04-22 12:00:00','Compra com Cartão -> 22/04 07:52 SUPERMERCADO COMETA','628.354','D',51.79,'1',36,1),(2087,'2025-04-23 12:00:00','Pix - Enviado -> 23/04 09:17 Valdenia Silva','42.301','D',30.00,'1',36,1),(2088,'2025-04-23 12:00:00','Pix - Enviado -> 23/04 11:04 Cpay Solucoes Em Pagamento','42.302','D',8.98,'1',36,1),(2089,'2025-04-24 12:00:00','Pix - Enviado -> 24/04 16:20 Arminda Chagas De Oliveira','42.401','D',14.50,'1',36,1),(2090,'2025-04-25 12:00:00','Transferido da poupança -> 25/04 09:18 WALTER DIEGO SOUZA FREIR','2.793.510.044.671','C',183.06,'1',36,1),(2091,'2025-04-25 12:00:00','Compra com Cartão -> 25/04 08:54 PANIFICADORA IOLANDA','132.042','D',23.00,'1',36,1),(2092,'2025-04-25 12:00:00','Compra com Cartão -> 25/04 17:05 COMERCIAL NOBRE','161.529','D',8.50,'1',36,1),(2093,'2025-04-25 12:00:00','Compra com Cartão -> 25/04 09:50 GRAF PRIME','235.439','D',30.50,'1',36,1),(2094,'2025-04-25 12:00:00','Compra com Cartão -> 25/04 12:48 COMIDARIA SELF-SERVI','346.137','D',44.77,'1',36,1),(2095,'2025-04-25 12:00:00','Compra com Cartão -> 25/04 15:14 STUDIO DANIELA SANTA','654.864','D',51.62,'1',36,1),(2096,'2025-04-25 12:00:00','Compra com Cartão -> 25/04 16:05 MarceloRodrigues','757.943','D',25.00,'1',36,1),(2097,'2025-04-25 12:00:00','Compra com Cartão -> 25/04 16:47 ASSAI ATACADISTA','860.425','D',38.39,'1',36,1),(2098,'2025-04-25 12:00:00','Pix - Enviado -> 25/04 09:57 Padaria E Confeitaria Bom','42.501','D',50.00,'1',36,1),(2099,'2025-04-25 12:00:00','Tarifa Pacote de Serviços -> Cobrança referente 25/04/25','881.151.200.478.095','D',14.90,'1',36,1),(2100,'2025-04-30 12:00:00','Pix - Enviado -> 30/04 17:00 Arminda Chagas De Oliveira','43.001','D',14.50,'1',36,1),(2101,'2025-04-01 12:00:00','Poupança: Saldo anterior','0','C',24118.15,'1',37,1),(2102,'2025-04-01 12:00:00','Poupança: Reajuste Monetário - BACEN','0','C',2.31,'1',37,1),(2103,'2025-04-01 12:00:00','Poupança: Juros','0','C',8.08,'1',37,1),(2104,'2025-04-01 12:00:00','Poupança: Transferência de Crédito','0','C',407.07,'1',37,1),(2105,'2025-04-04 12:00:00','Poupança: Reajuste Monetário - BACEN','0','C',6.40,'1',37,1),(2106,'2025-04-04 12:00:00','Poupança: Juros','0','C',18.94,'1',37,1),(2107,'2025-04-08 12:00:00','Poupança: Reajuste Monetário - BACEN','0','C',17.54,'1',37,1),(2108,'2025-04-08 12:00:00','Poupança: Juros','0','C',51.28,'1',37,1),(2109,'2025-04-15 12:00:00','Poupança: Transferencia Para Conta','0','D',500.00,'1',37,1),(2110,'2025-04-22 12:00:00','Poupança: Reajuste Monetário - BACEN','0','C',13.44,'1',37,1),(2111,'2025-04-22 12:00:00','Poupança: Juros','0','C',39.85,'1',37,1),(2112,'2025-04-25 12:00:00','Poupança: Transferencia Para Conta','0','D',183.06,'1',37,1),(2113,'2025-04-28 12:00:00','Poupança: Pix - Enviado','0','D',468.00,'1',37,1),(2114,'2025-04-28 12:00:00','Poupança: Pix - Enviado','0','D',30.00,'1',37,1),(2115,'2025-04-30 12:00:00','Poupança: Reajuste Monetário - BACEN','0','C',1.58,'1',37,1),(2116,'2025-04-30 12:00:00','Poupança: Juros','0','C',4.68,'1',37,1),(2117,'2025-04-30 12:00:00','Poupança: Reajuste Monetário - BACEN','0','C',2.29,'1',37,1),(2118,'2025-04-30 12:00:00','Poupança: Juros','0','C',8.13,'1',37,1),(2119,'2025-04-01 12:00:00','Previous Balance','0','C',0.00,'1',38,1),(2120,'2025-04-22 12:00:00','SUPERMERCADO COMETA','0','D',42.33,'1',38,1),(2121,'2025-04-20 12:00:00','LUIZ EDUARDO MAGALHAES','0','D',36.01,'1',38,1),(2122,'2025-04-18 12:00:00','SUPERMERCADO COMETA','0','D',14.72,'1',38,1),(2123,'2025-04-18 12:00:00','SUPERMERCADO COMETA','0','D',55.91,'1',38,1),(2124,'2025-04-18 12:00:00','PADARIA E CONFEITARIA','0','D',5.11,'1',38,1),(2125,'2025-04-17 12:00:00','ASSAI ATACADISTA','0','D',60.75,'1',38,1),(2126,'2025-04-15 12:00:00','ASSAI ATACADISTA','0','D',440.45,'1',38,1),(2127,'2025-04-15 12:00:00','ASSAI ATACADISTA','0','D',3.00,'1',38,1),(2128,'2025-04-12 12:00:00','SUPERMERCADO COMETA','0','D',35.82,'1',38,1),(2129,'2025-04-12 12:00:00','PANIFICADORA IOLANDA LTDA','0','D',9.47,'1',38,1),(2130,'2025-04-10 12:00:00','SUPERMERCADO COMETA','0','D',93.88,'1',38,1),(2131,'2025-04-10 12:00:00','PANIFICADORA IOLANDA LTDA','0','D',37.50,'1',38,1),(2132,'2025-04-09 12:00:00','PANIFICADORA IOLANDA LTDA','0','D',27.01,'1',38,1),(2133,'2025-04-06 12:00:00','SUPERMERCADO COMETA','0','D',34.89,'1',38,1),(2134,'2025-04-05 12:00:00','SUPERMERCADO COMETA','0','D',25.79,'1',38,1),(2135,'2025-04-02 12:00:00','SUPERMERCADO COMETA','0','D',132.87,'1',38,1),(2136,'2025-04-01 12:00:00','ASSAI ATACADISTA','0','D',600.88,'1',38,1),(2137,'2025-04-01 12:00:00','Seu Benefício Caiu','0','C',1656.39,'1',38,1),(2138,'2025-04-01 12:00:00','Previous Balance','0','C',5.65,'1',39,1),(2139,'2025-04-27 12:00:00','SUPERMERCADO COMETA FORTALEZA BRA','0','D',3.23,'1',39,1),(2140,'2025-04-24 12:00:00','SUPERMERCADO COMETA FORTALEZA BRA','0','D',60.00,'1',39,1),(2141,'2025-04-24 12:00:00','Biscoitando FORTALEZA BRA','0','D',8.50,'1',39,1),(2142,'2025-04-23 12:00:00','PICANHA DO ALEMAO FORTALEZA BRA','0','D',57.68,'1',39,1),(2143,'2025-04-19 12:00:00','TEREZINHA BOLOS FORTALEZA BRA','0','D',39.75,'1',39,1),(2144,'2025-04-19 12:00:00','PANIFICADORA IOLANDA FORTALEZA BRA','0','D',38.00,'1',39,1),(2145,'2025-04-18 12:00:00','XIGUN ACAITERIA FORTALEZA BRA','0','D',11.78,'1',39,1),(2146,'2025-04-18 12:00:00','BIGDADDY FORTALEZA BRA','0','D',81.40,'1',39,1),(2147,'2025-04-17 12:00:00','PADARIA E CONFEITARIA T FORTALEZA BRA','0','D',112.30,'1',39,1),(2148,'2025-04-16 12:00:00','NOELIA DOCES E SALGADOS FORTALEZA BRA','0','D',64.50,'1',39,1),(2149,'2025-04-13 12:00:00','4986 SAM S WASHINGTON FORTALEZA BRA','0','D',112.54,'1',39,1),(2150,'2025-04-12 12:00:00','ACAI BROTHERS LTDA FORTALEZA BRA','0','D',21.00,'1',39,1),(2151,'2025-04-12 12:00:00','ESPETARI SUL LTDA FORTALEZA BRA','0','D',8.00,'1',39,1),(2152,'2025-04-12 12:00:00','PAYGO*LUCCO BURGER Fortaleza BRA','0','D',10.00,'1',39,1),(2153,'2025-04-09 12:00:00','Biscoitando FORTALEZA BRA','0','D',6.00,'1',39,1),(2154,'2025-04-07 12:00:00','IFD*IFOOD CLUB Osasco BRA','0','D',12.90,'1',39,1),(2155,'2025-04-05 12:00:00','OPY ACAI FORTALEZA BRA','0','D',17.00,'1',39,1),(2156,'2025-04-05 12:00:00','VIA SUL SHOPPING FORTALEZA BRA','0','D',12.00,'1',39,1),(2157,'2025-04-05 12:00:00','BRAIN FORTALEZA FORTALEZA BRA','0','D',5.00,'1',39,1),(2158,'2025-04-05 12:00:00','FARMACIA NATURALL FORTALEZA BRA','0','D',67.48,'1',39,1),(2159,'2025-04-04 12:00:00','FILE GOURMET FORTALEZA BRA','0','D',61.79,'1',39,1),(2160,'2025-04-04 12:00:00','Biscoitando FORTALEZA BRA','0','D',8.00,'1',39,1),(2161,'2025-04-04 12:00:00','COLEGIO AGAPE FORTALEZA BRA','0','D',1374.05,'1',39,1),(2162,'2025-04-03 12:00:00','BEL COSMETICOS FORTALEZA BRA','0','D',41.90,'1',39,1),(2163,'2025-04-03 12:00:00','HAVANNA-IGUATZ@LINAPAR FORTALEZA BRA','0','D',7.90,'1',39,1),(2164,'2025-04-03 12:00:00','MILKY MOO IGUATEMI FORTALEZA BRA','0','D',24.00,'1',39,1),(2165,'2025-04-03 12:00:00','KINA IGUATEMI FORTALEZA BRA','0','D',34.90,'1',39,1),(2166,'2025-04-03 12:00:00','IAP COSMETICOS LT FORTALEZA BRA','0','D',62.87,'1',39,1),(2167,'2025-04-02 12:00:00','COMIDARIA SELF-SERVICE FORTALEZA BRA','0','D',29.00,'1',39,1),(2168,'2025-04-02 12:00:00','RaiaDrogasilSA FORTALEZA BRA','0','D',75.03,'1',39,1),(2169,'2025-04-01 12:00:00','Biscoitando FORTALEZA BRA','0','D',25.50,'1',39,1),(2170,'2025-04-01 12:00:00','RESTAURANTE ORIENTAL FORTALEZA BRA','0','D',45.05,'1',39,1),(2171,'2025-04-01 12:00:00','Biscoitando FORTALEZA BRA','0','D',26.50,'1',39,1),(2172,'2025-04-01 12:00:00','NOELIA DOCES E SALGADOS FORTALEZA BRA','0','D',69.10,'1',39,1),(2173,'2025-04-01 12:00:00','Depósito De Flexível','0','C',2629.00,'1',39,1),(2174,'2025-04-01 12:00:00','Previous Balance','0','C',0.00,'1',40,1),(2175,'2025-04-14 12:00:00','FREITAS VAREJO - Parcela 5/5','0','D',71.99,'1',40,1),(2176,'2025-04-14 12:00:00','S3 ODONTO - Parcela 3/5','0','D',200.00,'1',40,1),(2177,'2025-04-14 12:00:00','ALLIANZ SEGUROS S/A','0','D',248.05,'1',40,1),(2178,'2025-04-14 12:00:00','FREITAS VAREJO - Parcela 1/2','0','D',76.12,'1',40,1),(2179,'2025-04-14 12:00:00','AGAPE ACATE ATIVIDADES','0','D',70.00,'1',40,1),(2180,'2025-04-14 12:00:00','LOJAS RENNER FL 444','0','D',49.90,'1',40,1),(2181,'2025-04-14 12:00:00','SAL E BRASA CHURRASCAR','0','D',176.55,'1',40,1),(2182,'2025-04-14 12:00:00','SUL AMERICA ODONTOLOGI - Parcela 11/12','0','D',43.90,'1',40,1),(2183,'2025-04-14 12:00:00','KALUNGA.COM - Parcela 7/10','0','D',34.99,'1',40,1),(2184,'2025-04-14 12:00:00','MERCADOLIVRE\'MERCADOL - Parcela 5/6','0','D',99.15,'1',40,1),(2185,'2025-04-14 12:00:00','ECOMMERCE CARTAO FTD - Parcela 4/6','0','D',279.16,'1',40,1),(2186,'2025-04-14 12:00:00','WELLHUB GYMPASS BR GYM','0','D',89.90,'1',40,1),(2187,'2025-04-14 12:00:00','GOOGLE AVATAR WORLD','0','D',6.49,'1',40,1),(2188,'2025-04-14 12:00:00','GOOGLE AVATAR WORLD','0','D',28.99,'1',40,1),(2189,'2025-04-14 12:00:00','UBER* TRIP','0','D',10.96,'1',40,1),(2190,'2025-04-14 12:00:00','WELLHUB GYMPASS BR GYM','0','D',89.90,'1',40,1),(2191,'2025-04-14 12:00:00','IFOOD *IFOOD','0','D',41.89,'1',40,1),(2192,'2025-04-14 12:00:00','IFOOD *IFOOD','0','D',38.79,'1',40,1),(2193,'2025-04-14 12:00:00','UBER UBER *TRIP HELP.U','0','D',13.95,'1',40,1),(2194,'2025-04-14 12:00:00','UBER UBER *TRIP HELP.U','0','D',4.20,'1',40,1),(2195,'2025-04-14 12:00:00','UBER UBER *TRIP HELP.U','0','D',17.12,'1',40,1),(2196,'2025-04-14 12:00:00','MP *MELIMAIS','0','D',24.90,'1',40,1),(2197,'2025-04-14 12:00:00','IFOOD *IFD*SARAH SAM','0','D',53.89,'1',40,1),(2198,'2025-04-14 12:00:00','WELLHUB GYMPASS BR GYM','0','D',89.90,'1',40,1),(2199,'2025-04-14 12:00:00','KINA IGUATEMI','0','D',61.80,'1',40,1),(2200,'2025-04-14 12:00:00','FREITAS VAREJO','0','D',42.24,'1',40,1),(2201,'2025-04-14 12:00:00','SILAS LIBERATO SALES','0','D',89.90,'1',40,1),(2202,'2025-04-14 12:00:00','LALILO KIDS E TEENS - Parcela 1/3','0','D',76.64,'1',40,1),(2203,'2025-05-01 12:00:00','Saldo Anterior','','C',2.34,'1',41,1),(2204,'2025-05-02 12:00:00','Pix - Recebido -> 02/05 06:57 00084609753391 WALTER DIEG','20.657.424.408.472','C',3000.00,'1',41,1),(2205,'2025-05-02 12:00:00','Compra com Cartão -> 02/05 07:43 POSTO TETRA','127.836','D',268.82,'1',41,1),(2206,'2025-05-02 12:00:00','Compra com Cartão -> 02/05 20:31 LEROY MERLIN','273.864','D',17.48,'1',41,1),(2207,'2025-05-02 12:00:00','Pix - Enviado -> 02/05 18:58 Academia De Ballet G','50.201','D',95.00,'1',41,1),(2208,'2025-05-05 12:00:00','Compra com Cartão -> 03/05 12:16 SUPERMERCADO COMETA','144.190','D',30.00,'1',41,1),(2209,'2025-05-05 12:00:00','Compra com Cartão -> 03/05 19:13 SUPERMERCADO COMETA','269.201','D',9.99,'1',41,1),(2210,'2025-05-05 12:00:00','Compra com Cartão -> 04/05 20:17 PAGUE MENOS','373.032','D',60.98,'1',41,1),(2211,'2025-05-05 12:00:00','Pix - Enviado -> 03/05 11:30 Mascilene Da Silva Me','50.501','D',29.00,'1',41,1),(2212,'2025-05-05 12:00:00','Pix - Enviado -> 04/05 16:45 Ht','50.502','D',99.90,'1',41,1),(2213,'2025-05-05 12:00:00','Pix - Enviado -> 05/05 09:18 Glauter Carneiro','50.503','D',64.00,'1',41,1),(2214,'2025-05-05 12:00:00','Pix - Enviado -> 05/05 20:29 Academia De Ballet G','50.504','D',230.00,'1',41,1),(2215,'2025-05-06 12:00:00','Pix - Enviado -> 06/05 10:56 Arminda Chagas De Oliveira','50.601','D',14.50,'1',41,1),(2216,'2025-05-06 12:00:00','Pix - Enviado -> 06/05 17:51 Barbara Rafaela E O De Sou','50.602','D',1158.76,'1',41,1),(2217,'2025-05-08 12:00:00','Compra com Cartão -> 08/05 20:06 RIACHUELO-FILIAL.','172.372','D',59.99,'1',41,1),(2218,'2025-05-08 12:00:00','Compra com Cartão -> 08/05 20:35 LOJAS RENNER FL 8','274.105','D',89.90,'1',41,1),(2219,'2025-05-08 12:00:00','Compra com Cartão -> 08/05 21:28 MK IG1','377.314','D',23.00,'1',41,1),(2220,'2025-05-08 12:00:00','Pix - Enviado -> 08/05 16:54 Jessica Elien Olimpio De S','50.801','D',280.00,'1',41,1),(2221,'2025-05-08 12:00:00','Pix - Enviado -> 08/05 22:00 Walter Diego De Souza Frei','50.802','D',40.00,'1',41,1),(2222,'2025-05-09 12:00:00','Pix - Recebido -> 09/05 15:14 00084609753391 WALTER DIEG','91.514.123.067.402','C',3116.08,'1',41,1),(2223,'2025-05-09 12:00:00','Compra com Cartão -> 09/05 20:03 PAYGO*LUCCO BURGER R','172.226','D',74.00,'1',41,1),(2224,'2025-05-09 12:00:00','Pagamento de Boleto -> UNIODONTO FORTALEZA COOPERATIV','50.901','D',53.98,'1',41,1),(2225,'2025-05-09 12:00:00','Pagamento de Boleto -> CONDOMINIO DO EDIF  FLAMBOYANT','50.902','D',527.85,'1',41,1),(2226,'2025-05-12 12:00:00','Compra com Cartão -> 10/05 12:22 NATURA PAY*0053 - IG','144.567','D',79.90,'1',41,1),(2227,'2025-05-12 12:00:00','Pix - Enviado -> 12/05 09:54 D.local','51.201','D',29.90,'1',41,1),(2228,'2025-05-12 12:00:00','Pix - Enviado -> 12/05 16:53 C6 Bank','51.202','D',2409.76,'1',41,1),(2229,'2025-05-12 12:00:00','CLARO S/A - MÓVEL -> CLARO NE DDD 81 A 89','686','D',86.20,'1',41,1),(2230,'2025-05-12 12:00:00','CLARO RESIDENCIAL -> NET SERVIçOS','41.843','D',94.90,'1',41,1),(2231,'2025-05-13 12:00:00','Pix - Enviado -> 13/05 15:41 Arminda Chagas De Oliveira','51.301','D',14.50,'1',41,1),(2232,'2025-05-14 12:00:00','Compra com Cartão -> 14/05 13:50 RcConstrucoes','149.801','D',48.90,'1',41,1),(2233,'2025-05-14 12:00:00','Pix - Enviado -> 14/05 08:44 Supermercado Guara','51.401','D',3.97,'1',41,1),(2234,'2025-05-15 12:00:00','Compra com Cartão -> 15/05 07:48 COMERCIAL ROCHA','128.138','D',20.00,'1',41,1),(2235,'2025-05-15 12:00:00','Pix - Enviado -> 15/05 11:39 Galeteria','51.501','D',38.00,'1',41,1),(2236,'2025-05-16 12:00:00','Compra com Cartão -> 16/05 19:47 LEROY MERLIN','171.238','D',43.59,'1',41,1),(2237,'2025-05-19 12:00:00','Transferido da poupança -> 19/05 07:31 WALTER DIEGO SOUZA FREIR','2.793.510.044.671','C',100.00,'1',41,1),(2238,'2025-05-19 12:00:00','Compra com Cartão -> 17/05 15:54 MS PRINTSOLUTIONS','157.284','D',19.90,'1',41,1),(2239,'2025-05-19 12:00:00','Compra com Cartão -> 19/05 07:31 POSTO TETRA','227.096','D',100.00,'1',41,1),(2240,'2025-05-26 12:00:00','Tarifa Pacote de Serviços -> Cobrança referente 26/05/25','861.461.104.325.050','D',1.75,'1',41,1),(2241,'2025-05-01 12:00:00','Poupança: Saldo anterior','0','C',23518.68,'1',42,1),(2242,'2025-05-06 12:00:00','Poupança: Reajuste Monetário - BACEN','0','C',5.39,'1',42,1),(2243,'2025-05-06 12:00:00','Poupança: Juros','0','C',19.06,'1',42,1),(2244,'2025-05-08 12:00:00','Poupança: Reajuste Monetário - BACEN','0','C',14.07,'1',42,1),(2245,'2025-05-08 12:00:00','Poupança: Juros','0','C',49.10,'1',42,1),(2246,'2025-05-12 12:00:00','Poupança: Pix - Enviado','0','D',397.05,'1',42,1),(2247,'2025-05-12 12:00:00','Poupança: Pix - Enviado','0','D',275.14,'1',42,1),(2248,'2025-05-12 12:00:00','Poupança: Pagamento Impostos','0','D',342.50,'1',42,1),(2249,'2025-05-19 12:00:00','Poupança: Transferencia Para Conta','0','D',100.00,'1',42,1),(2250,'2025-05-19 12:00:00','Poupança: Recarga de Celular Vivo','0','D',30.00,'1',42,1),(2251,'2025-05-19 12:00:00','Poupança: Pix - Enviado','0','D',14.50,'1',42,1),(2252,'2025-05-21 12:00:00','Poupança: Pix - Enviado','0','D',50.00,'1',42,1),(2253,'2025-05-22 12:00:00','Poupança: Juros','0','C',36.71,'1',42,1),(2254,'2025-05-22 12:00:00','Poupança: Pix - Enviado','0','D',24.29,'1',42,1),(2255,'2025-05-22 12:00:00','Poupança: Reajuste Monetário - BACEN','0','C',12.54,'1',42,1),(2256,'2025-05-26 12:00:00','Poupança: Pix - Enviado','0','D',24.00,'1',42,1),(2257,'2025-05-26 12:00:00','Poupança: Pix - Enviado','0','D',14.50,'1',42,1),(2258,'2025-05-27 12:00:00','Poupança: Pix - Enviado','0','D',60.00,'1',42,1),(2259,'2025-05-28 12:00:00','Poupança: Pix - Enviado','0','D',84.99,'1',42,1),(2260,'2025-05-28 12:00:00','Poupança: Pix - Enviado','0','D',40.00,'1',42,1),(2261,'2025-05-28 12:00:00','Poupança: Pix - Enviado','0','D',24.20,'1',42,1),(2262,'2025-05-30 12:00:00','Poupança: Juros','0','C',4.71,'1',42,1),(2263,'2025-05-30 12:00:00','Poupança: Pagamento Titulos','0','D',52.77,'1',42,1),(2264,'2025-05-30 12:00:00','Poupança: Reajuste Monetário - BACEN','0','C',1.61,'1',42,1),(2265,'2025-05-30 12:00:00','Poupança: Reajuste Monetário - BACEN','0','C',2.80,'1',42,1),(2266,'2025-05-30 12:00:00','Poupança: Juros','0','C',8.19,'1',42,1),(2267,'2025-05-01 12:00:00','Previous Balance','0','C',0.00,'1',43,1),(2268,'2025-05-26 12:00:00','ASSAÍ ATACADISTA','0','D',6.32,'1',43,1),(2269,'2025-05-25 12:00:00','SUPERMERCADO COMETA','0','D',18.86,'1',43,1),(2270,'2025-05-23 12:00:00','PANIFICADORA IOLANDA LTDA','0','D',10.90,'1',43,1),(2271,'2025-05-23 12:00:00','SUPERMERCADO COMETA','0','D',10.02,'1',43,1),(2272,'2025-05-22 12:00:00','SUPERMERCADO COMETA','0','D',19.97,'1',43,1),(2273,'2025-05-21 12:00:00','SUPERMERCADO COMETA','0','D',176.86,'1',43,1),(2274,'2025-05-20 12:00:00','PANIFICADORA IOLANDA LTDA','0','D',29.21,'1',43,1),(2275,'2025-05-19 12:00:00','SUPERMERCADO COMETA','0','D',10.68,'1',43,1),(2276,'2025-05-18 12:00:00','BOM VIZINHO DISTRIBUID','0','D',34.89,'1',43,1),(2277,'2025-05-17 12:00:00','PANIFICADORA IOLANDA LTDA','0','D',31.78,'1',43,1),(2278,'2025-05-16 12:00:00','SUPERMERCADO COMETA','0','D',38.10,'1',43,1),(2279,'2025-05-12 12:00:00','SUPERMERCADO COMETA','0','D',68.26,'1',43,1),(2280,'2025-05-11 12:00:00','ASSAÍ ATACADISTA','0','D',99.45,'1',43,1),(2281,'2025-05-10 12:00:00','SUPERMERCADO COMETA','0','D',13.97,'1',43,1),(2282,'2025-05-06 12:00:00','ASSAÍ ATACADISTA','0','D',688.79,'1',43,1),(2283,'2025-05-05 12:00:00','PANIFICADORA IOLANDA LTDA','0','D',7.46,'1',43,1),(2284,'2025-05-04 12:00:00','SUPERMERCADO COMETA','0','D',13.27,'1',43,1),(2285,'2025-05-03 12:00:00','SUPERMERCADO COMETA','0','D',62.01,'1',43,1),(2286,'2025-05-03 12:00:00','SUPERMERCADO COMETA','0','D',65.46,'1',43,1),(2287,'2025-05-01 12:00:00','SUPERMERCADO COMETA','0','D',74.45,'1',43,1),(2288,'2025-05-01 12:00:00','SUPERMERCADO COMETA','0','D',68.29,'1',43,1),(2289,'2025-05-01 12:00:00','Seu Benefício Caiu','0','C',1549.00,'1',43,1),(2290,'2025-05-01 12:00:00','Previous Balance','0','C',0.00,'1',44,1),(2291,'2025-05-23 12:00:00','SUPERMERCADO COMETA FORTALEZA BRA','0','D',27.98,'1',44,1),(2292,'2025-05-23 12:00:00','Biscoitando FORTALEZA BRA','0','D',8.50,'1',44,1),(2293,'2025-05-18 12:00:00','IFD*P1 ALIMENTOS LTDA FORTALEZA BRA','0','D',42.96,'1',44,1),(2294,'2025-05-17 12:00:00','MeuCantinho FORTALEZA BRA','0','D',47.29,'1',44,1),(2295,'2025-05-16 12:00:00','SUPER GUARA AGUA FRIA FORTALEZA BRA','0','D',61.60,'1',44,1),(2296,'2025-05-16 12:00:00','Biscoitando FORTALEZA BRA','0','D',8.50,'1',44,1),(2297,'2025-05-15 12:00:00','IFD*P1 ALIMENTOS LTDA FORTALEZA BRA','0','D',36.96,'1',44,1),(2298,'2025-05-15 12:00:00','AGAPE ACATE ATIVIDADES FORTALEZA BRA','0','D',70.00,'1',44,1),(2299,'2025-05-15 12:00:00','Biscoitando FORTALEZA BRA','0','D',8.50,'1',44,1),(2300,'2025-05-14 12:00:00','COMIDARIA SELF-SERVICE FORTALEZA BRA','0','D',37.27,'1',44,1),(2301,'2025-05-14 12:00:00','EXTRAFARMA JOSE LEON FORTALEZA BRA','0','D',116.11,'1',44,1),(2302,'2025-05-13 12:00:00','Biscoitando FORTALEZA BRA','0','D',8.50,'1',44,1),(2303,'2025-05-10 12:00:00','Ilovehotdog FORTALEZA BRA','0','D',44.00,'1',44,1),(2304,'2025-05-10 12:00:00','SUPERMERCADO COMETA FORTALEZA BRA','0','D',19.49,'1',44,1),(2305,'2025-05-10 12:00:00','ASSAI ATACADISTA FORTALEZA BRA','0','D',15.50,'1',44,1),(2306,'2025-05-09 12:00:00','53662853Suzana FORTALEZA BRA','0','D',4.50,'1',44,1),(2307,'2025-05-09 12:00:00','53662853Suzana FORTALEZA BRA','0','D',8.00,'1',44,1),(2308,'2025-05-09 12:00:00','STUDIO DANIELA SANTANA FORTALEZA BRA','0','D',72.68,'1',44,1),(2309,'2025-05-09 12:00:00','GERISSA DOS REIS SOUSA FORTALEZA BRA','0','D',47.00,'1',44,1),(2310,'2025-05-09 12:00:00','SUPER GUARA AGUA FRIA FORTALEZA BRA','0','D',8.54,'1',44,1),(2311,'2025-05-09 12:00:00','Biscoitando FORTALEZA BRA','0','D',8.50,'1',44,1),(2312,'2025-05-08 12:00:00','KINA IGUATEMI FORTALEZA BRA','0','D',26.90,'1',44,1),(2313,'2025-05-07 12:00:00','LASOPITA FORTALEZA BRA','0','D',29.80,'1',44,1),(2314,'2025-05-07 12:00:00','COLEGIO AGAPE FORTALEZA BRA','0','D',1374.05,'1',44,1),(2315,'2025-05-07 12:00:00','IFD*IFOOD CLUB Osasco BRA','0','D',12.90,'1',44,1),(2316,'2025-05-06 12:00:00','COMIDARIA SELF-SERVICE FORTALEZA BRA','0','D',49.87,'1',44,1),(2317,'2025-05-06 12:00:00','Biscoitando FORTALEZA BRA','0','D',8.50,'1',44,1),(2318,'2025-05-05 12:00:00','IFD*P1 ALIMENTOS LTDA FORTALEZA BRA','0','D',33.96,'1',44,1),(2319,'2025-05-03 12:00:00','PANIFICADORA IOLANDA FORTALEZA BRA','0','D',21.23,'1',44,1),(2320,'2025-05-03 12:00:00','PANIFICADORA IOLANDA FORTALEZA BRA','0','D',3.51,'1',44,1),(2321,'2025-05-02 12:00:00','RaiaDrogasilSA FORTALEZA BRA','0','D',101.07,'1',44,1),(2322,'2025-05-02 12:00:00','OPY ACAI FORTALEZA BRA','0','D',57.20,'1',44,1),(2323,'2025-05-02 12:00:00','COMIDARIA SELF-SERVICE FORTALEZA BRA','0','D',61.07,'1',44,1),(2324,'2025-05-02 12:00:00','Biscoitando FORTALEZA BRA','0','D',10.50,'1',44,1),(2325,'2025-05-01 12:00:00','IFD*P1 ALIMENTOS LTDA FORTALEZA BRA','0','D',35.96,'1',44,1),(2326,'2025-05-01 12:00:00','PAYGO*LUCCO BURGER Fortaleza BRA','0','D',4.50,'1',44,1),(2327,'2025-05-01 12:00:00','ACAI BROTHERS LTDA FORTALEZA BRA','0','D',15.95,'1',44,1),(2328,'2025-05-01 12:00:00','PAYGO*LUCCO BURGER Fortaleza BRA','0','D',41.41,'1',44,1),(2329,'2025-05-01 12:00:00','FARMACIA MARIA DOS REM FORTALEZA BRA','0','D',26.00,'1',44,1),(2330,'2025-05-01 12:00:00','PANIFICADORA IOLANDA FORTALEZA BRA','0','D',3.74,'1',44,1),(2331,'2025-05-01 12:00:00','Biscoitando FORTALEZA BRA','0','D',8.50,'1',44,1),(2332,'2025-05-01 12:00:00','Depósito De Flexível','0','C',2629.00,'1',44,1),(2376,'2025-05-01 12:00:00','Previous Balance','0','C',0.00,'1',46,1),(2377,'2025-05-12 12:00:00','S3 ODONTO - Parcela 4/5','0','D',200.00,'1',46,1),(2378,'2025-05-12 12:00:00','FREITAS VAREJO - Parcela 2/2','0','D',76.11,'1',46,1),(2379,'2025-05-12 12:00:00','ALLIANZ SEGUROS S/A','0','D',248.05,'1',46,1),(2380,'2025-05-12 12:00:00','PORTITALIA','0','D',55.93,'1',46,1),(2381,'2025-05-12 12:00:00','PADARIA E CONFEITARIA','0','D',49.90,'1',46,1),(2382,'2025-05-12 12:00:00','PAYGO*LUCCO BURGER RES','0','D',66.00,'1',46,1),(2383,'2025-05-12 12:00:00','ESPETARI SUL LTDA','0','D',51.15,'1',46,1),(2384,'2025-05-12 12:00:00','ESPETARI SUL LTDA','0','D',12.00,'1',46,1),(2385,'2025-05-12 12:00:00','ESPETARI SUL LTDA','0','D',14.98,'1',46,1),(2386,'2025-05-12 12:00:00','FARMACIA MARIA DOS REM','0','D',24.00,'1',46,1),(2387,'2025-05-12 12:00:00','SUPERMERCADO COMETA','0','D',30.63,'1',46,1),(2388,'2025-05-12 12:00:00','POSTO SAO DOMINGOS CID','0','D',60.00,'1',46,1),(2389,'2025-05-12 12:00:00','BISCOITANDO','0','D',8.50,'1',46,1),(2390,'2025-05-12 12:00:00','SUPERMERCADO COMETA','0','D',48.60,'1',46,1),(2391,'2025-05-12 12:00:00','FREITAS VAREJO - Parcela 1/4','0','D',78.25,'1',46,1),(2392,'2025-05-12 12:00:00','SUL AMERICA ODONTOLOGI - Parcela 12/12','0','D',43.90,'1',46,1),(2393,'2025-05-12 12:00:00','KALUNGA.COM - Parcela 8/10','0','D',34.99,'1',46,1),(2394,'2025-05-12 12:00:00','MERCADOLIVRE*MERCADOL - Parcela 6/6','0','D',99.15,'1',46,1),(2395,'2025-05-12 12:00:00','ECOMMERCE CARTAO FTD - Parcela 5/6','0','D',279.16,'1',46,1),(2396,'2025-05-12 12:00:00','IFOOD *IFD*FJ LANCHE','0','D',30.84,'1',46,1),(2397,'2025-05-12 12:00:00','DL*GOOGLE BUBBLE LEVE','0','D',2.99,'1',46,1),(2398,'2025-05-12 12:00:00','AMAZON BR','0','D',99.90,'1',46,1),(2399,'2025-05-12 12:00:00','IFOOD *IFD*REDBIBIS','0','D',36.89,'1',46,1),(2400,'2025-05-12 12:00:00','WELLHUB GYMPASS BR GYM','0','D',89.90,'1',46,1),(2401,'2025-05-12 12:00:00','UBER UBER*TRIP HELP.U','0','D',9.38,'1',46,1),(2402,'2025-05-12 12:00:00','AMAZONMKTPLC*VKONLINES - Parcela 1/5','0','D',50.43,'1',46,1),(2403,'2025-05-12 12:00:00','IFD*P1 ALIMENTOS LTDA','0','D',46.96,'1',46,1),(2404,'2025-05-12 12:00:00','IFOOD *IFD*FONTENELL','0','D',52.48,'1',46,1),(2405,'2025-05-12 12:00:00','MP*MELIMAIS','0','D',24.90,'1',46,1),(2406,'2025-05-12 12:00:00','WELLHUB GYMPASS BR GYM','0','D',89.90,'1',46,1),(2407,'2025-05-12 12:00:00','LALILO KIDS E TEENS - Parcela 2/3','0','D',76.63,'1',46,1),(2408,'2025-05-12 12:00:00','XEREBELE','0','D',69.90,'1',46,1),(2409,'2025-05-12 12:00:00','XEREBELE','0','D',5.90,'1',46,1),(2410,'2025-05-12 12:00:00','AMERICANAS SA','0','D',65.42,'1',46,1),(2411,'2025-05-12 12:00:00','SUPERMERCADO COMETA','0','D',19.96,'1',46,1),(2412,'2025-05-12 12:00:00','XEREBELE','0','D',69.90,'1',46,1),(2413,'2025-05-12 12:00:00','ASSAI ATACADISTA LJ189 - Parcela 1/2','0','D',60.00,'1',46,1),(2414,'2025-05-12 12:00:00','5366285S3SUZANA','0','D',8.00,'1',46,1),(2415,'2025-05-12 12:00:00','5366285S3SUZANA','0','D',4.50,'1',46,1),(2416,'2025-05-12 12:00:00','ACAI BROTHERS LTDA','0','D',13.68,'1',46,1);
/*!40000 ALTER TABLE `sti_statement_item` ENABLE KEYS */;
UNLOCK TABLES;

--
-- Table structure for table `stp_statement_pattern`
--

DROP TABLE IF EXISTS `stp_statement_pattern`;
/*!40101 SET @saved_cs_client     = @@character_set_client */;
/*!50503 SET character_set_client = utf8mb4 */;
CREATE TABLE `stp_statement_pattern` (
  `stp_identity` int NOT NULL AUTO_INCREMENT,
  `stp_comparator` varchar(100) NOT NULL,
  `stp_description` varchar(100) NOT NULL,
  `acc_identity_source` int NOT NULL,
  `acc_identity_target` int NOT NULL,
  `loc_identity` int DEFAULT NULL,
  `pam_identity` int NOT NULL,
  `stt_identity` int NOT NULL,
  `usr_identity` int NOT NULL,
  PRIMARY KEY (`stp_identity`),
  KEY `fk_acc_account_target_stp` (`acc_identity_target`),
  KEY `fk_loc_location_stp` (`loc_identity`),
  KEY `fk_acc_account_source_stp` (`acc_identity_source`),
  KEY `fk_pam_payment_method_stp` (`pam_identity`),
  KEY `fk_stt_statement_type_stp` (`stt_identity`),
  CONSTRAINT `fk_acc_account_source_stp` FOREIGN KEY (`acc_identity_source`) REFERENCES `acc_account` (`acc_identity`),
  CONSTRAINT `fk_acc_account_target_stp` FOREIGN KEY (`acc_identity_target`) REFERENCES `acc_account` (`acc_identity`),
  CONSTRAINT `fk_loc_location_stp` FOREIGN KEY (`loc_identity`) REFERENCES `loc_location` (`loc_identity`),
  CONSTRAINT `fk_pam_payment_method_stp` FOREIGN KEY (`pam_identity`) REFERENCES `pam_payment_method` (`pam_identity`),
  CONSTRAINT `fk_stt_statement_type_stp` FOREIGN KEY (`stt_identity`) REFERENCES `stt_statement_type` (`stt_identity`)
) ENGINE=InnoDB AUTO_INCREMENT=184 DEFAULT CHARSET=utf8mb4 COLLATE=utf8mb4_0900_ai_ci;
/*!40101 SET character_set_client = @saved_cs_client */;

--
-- Dumping data for table `stp_statement_pattern`
--

LOCK TABLES `stp_statement_pattern` WRITE;
/*!40000 ALTER TABLE `stp_statement_pattern` DISABLE KEYS */;
INSERT INTO `stp_statement_pattern` VALUES (67,'Arminda Chagas De Oliveira','Água mineral',5,25,32,6,1,1),(68,'SUPERMECADO COMETA','Supermercado',12,19,13,7,3,1),(69,'PANIFICADORA IOLANDA LTDA','Alimentação',12,17,3,7,3,1),(70,'PORTITALIA','Alimentação',12,17,75,7,3,1),(71,'ASSAI ATACADISTA','Supermercado',12,19,2,7,3,1),(72,'CHAMA CAMPEIRA FORTALEZA BRA','Alimentação',13,17,140,8,4,1),(73,'PANIFICADORA IOLANDA FORTALEZA BRA','Alimentação',13,17,3,8,4,1),(74,'SUPERMERCADO COMETA FORTALEZA BRA','Supermercado',13,19,13,8,4,1),(75,'Biscoitando FORTALEZA BRA','Alimentação',13,17,80,8,4,1),(76,'POSTO TETRA FORTALEZA BRA','Combustível',13,23,60,8,4,1),(77,'ChapaQuente FORTALEZA BRA','Alimentação',13,17,41,8,4,1),(78,'PAGUE MENOS 491 FORTALEZA BRA','Medicamentos',13,33,23,8,4,1),(79,'COMIDARIA SELF-SERVICE FORTALEZA BRA','Alimentação',13,17,96,8,4,1),(80,'RaiaDrogasilSA FORTALEZA BRA','Medicamentos',13,33,30,8,4,1),(81,'EXTRAFARMA JOSE LEON FORTALEZA BRA','Medicamentos',13,33,48,8,4,1),(82,'OPY ACAI FORTALEZA BRA','Alimentação',13,17,43,8,4,1),(83,'MK IG1 FORTALEZA BRA','Alimentação',13,17,9,8,4,1),(84,'DIVINA PICANHA FORTALEZA BRA','Alimentação',13,17,143,8,4,1),(85,'KINA IGUATEMI FORTALEZA BRA','Alimentação',13,17,28,8,4,1),(86,'Ifood *IFD*FATIMA DE Vila Yara Osa BRA','Alimentação',13,17,104,8,4,1),(87,'IFD*iFood OSASCO BR','Alimentação',13,17,104,8,4,1),(88,'JUNIOR DA PICANHA FORTALEZA BRA','Alimentação',13,17,31,8,4,1),(89,'PDV*MATTARELLO PIZZA FORTALEZA BRA','Alimentação',13,17,145,8,4,1),(90,'IFD*IFOOD CLUB Osasco BRA','Alimentação',13,17,104,8,4,1),(91,'Ifood *IFD*EDVANIO O Vila Yara Osa BRA','Alimentação',13,17,104,8,4,1),(92,'LASOPITA FORTALEZA BRA','Alimentação',13,17,57,8,4,1),(93,'MP*OPEREIRAGALET Osasco BRA','Alimentação',13,17,68,8,4,1),(94,'RESTAURANTE ORIENTAL FORTALEZA BRA','Alimentação',13,17,147,8,4,1),(96,'SORVETES FROSTY RESERV MARACANAU BRA','Alimentação',13,17,112,8,4,1),(97,'EOS PIZZARIA FORTALEZA BRA','Alimentação',13,17,110,8,4,1),(98,'BIGDADDY','Alimentação',78,17,53,3,5,1),(99,'IFOOD       *IFOOD','Alimentação',78,17,104,3,5,1),(100,'UBER UBER *TRIP HELP.U','Uber',78,41,58,3,5,1),(101,'UBER* TRIP','Uber',78,41,58,3,5,1),(102,'MP *MELIMAIS','Assinatura Melimais',78,31,54,3,5,1),(103,'MC DONALDS TZM','Alimentação',78,17,8,3,5,1),(104,'SOPACOMAMOR','Alimentação',78,17,148,3,5,1),(105,'BOTECO DO IMPRENSA','Alimentação',78,17,134,3,5,1),(106,'AMAZON AWS SERVICOS BR','Serviços AWS',78,39,149,3,5,1),(107,'MILK HEROES MILKSHAKES','Alimentação',78,17,150,3,5,1),(108,'PANIFICADORA IOLANDA','Alimentação',5,17,3,2,1,1),(109,'ChapaQuente','Alimentação',5,17,41,2,1,1),(110,'SUPERMERCADO COMETA','Supermercado',5,19,13,2,1,1),(111,'COMIDARIA SELF-SERVI','Alimentação',5,17,96,2,1,1),(112,'POSTO TETRA','Combustível',5,23,60,2,1,1),(113,'Biscoitando','Alimentação',5,17,80,2,1,1),(114,'CONDOMINIO DO EDIF  FLAMBOYANT','Condomínio',5,20,5,2,1,1),(115,'COMPAHIA ENERGETICA CE COELCE','Energia elétrica',5,21,34,2,1,1),(116,'OPY ACAI','Alimentação',5,17,43,2,1,1),(117,'PAGUE MENOS 491','Medicamentos',5,33,23,2,1,1),(118,'FARMACIA MARIA DOS R','Medicamentos',5,33,47,2,1,1),(119,'POSTO SAO DOMINGOS C','Combustível',5,23,90,2,1,1),(120,'Unimed De Fortaleza','Unimed',5,34,33,2,1,1),(121,'NETFLIX.COM','Netflix',5,31,37,2,1,1),(122,'MK IG1','Alimentação',5,17,9,2,1,1),(123,'UNIODONTO FORTALEZA COOPERATIV','Uniodonto',5,35,62,2,1,1),(124,'Ilovehotdog','Alimentação',5,17,108,2,1,1),(125,'Edinaldo Oliveira Da Silva','Corte de cabelo',5,41,91,2,1,1),(126,'MP*ACAIROXEDO','Alimentação',5,17,155,2,1,1),(127,'UNIVERSO DO ACAI LAG','Alimentação',5,17,156,2,1,1),(128,'C6 Bank','Pagamento de Fatura :: Cartão C6',5,78,84,2,1,1),(129,'CLARO NE DDD 81 A 89','Claro móvel',5,42,36,2,1,1),(130,'(85)98832-6786 Vivo','Crédito para celular',5,42,76,2,1,1),(131,'NET SERVIçOS','Internet residencial',5,31,36,2,1,1),(132,'Deborah Dos Santos Freire','Alimentação',5,17,157,6,1,1),(133,'Reajuste Monetário - BACEN','Juros',61,7,82,5,2,1),(134,'Juros','Juros',61,7,82,5,2,1),(135,'Ilovehotdog FORTALEZA BRA','Alimentação',13,17,108,8,4,1),(136,'PAGUE MENOS FORTALEZA BRA','Medicamentos',13,33,23,8,4,1),(137,'IFOOD *IFD*EMPREENDI Vila Yara Osa BRA','Alimentação',13,17,104,8,4,1),(138,'SANTA PASTELARIA R FORTALEZA BRA','Alimentação',13,17,113,8,4,1),(139,'FARMACIAS MA DOS REMEDIOS FORTALEZA BRA','Medicamentos',13,17,47,8,4,1),(140,'PORTITALIA FORTALEZA BRA','Alimentação',13,17,75,8,4,1),(141,'MP*VIOLETTAACAI Osasco BRA','Alimentação',13,17,159,8,4,1),(142,'TEREZINHA BOLOS FORTALEZA BRA','Alimentação',13,17,160,8,4,1),(143,'FARMACIA MARIA DOS REM FORTALEZA BRA','Medicamentos',13,33,47,8,4,1),(144,'MARIA PITANGA FORTALEZA BRA','Alimentação',13,17,161,8,4,1),(145,'MARIA PITANGA _ 03 FORTALEZA BRA','Alimentação',13,17,161,8,4,1),(146,'TOP BURGER','Alimentação',5,17,164,2,1,1),(147,'LitoraneaFarmacia','Medicamentos',5,33,165,2,1,1),(148,'FARMACIA MAIS SAUDE','Medicamentos',5,33,166,2,1,1),(149,'UNIMED FORTALEZA SOCIEDADE COO','Unimed',5,34,33,2,1,1),(150,'PADARIA PAOZITO','Alimentação',5,17,123,2,1,1),(151,'Academia De Ballet G','Aulas de balet',5,85,167,2,1,1),(152,'PAGUE MENOS 61','Medicamentos',5,33,23,2,1,1),(153,'FILE GOURMET','Alimentação',5,17,168,2,1,1),(154,'SUPERM SAO LUIZ','Supermercado',12,19,61,7,3,1),(155,'BOM DO TRIGO EUSEBIO BRA','Alimentação',13,17,22,8,4,1),(156,'Ifood *IFD*PASTELARI Vila Yara Osa BRA','Alimentação',13,17,104,8,4,1),(157,'Ifood *IFD*FJ LANCHE Vila Yara Osa BRA','Alimentação',13,17,104,8,4,1),(158,'PAGUE MENOS 649 FORTALEZA BRA','Medicamentos',13,33,23,8,4,1),(159,'Ifood *IFD*FONTENELL Vila Yara Osa BRA','Alimentação',13,17,104,8,4,1),(160,'IFD*HOLY PIZZAS SUL LIMIT FORTALEZA BRA','Alimentação',13,17,170,8,4,1),(161,'Ifood *IFD*REDBIBIS Vila Yara Osa BRA','Alimentação',13,17,104,8,4,1),(162,'KINA IGUATEMI','Alimentação',78,17,28,3,5,1),(163,'RESTAURANTE ORIENTAL','Alimentação',5,17,147,2,1,1),(164,'Enel Distribuicao Ceara','Energia elétrica',5,21,34,2,1,1),(165,'EXTRAFARMA JOSE LEON','Medicamentos',5,33,48,2,1,1),(166,'ASSAI ATACADISTA','Supermercado',5,19,2,2,1,1),(167,'GERISSA DOS REIS SOU','Salão de beleza',5,41,175,2,1,1),(168,'SUPERMERCADO COMETA','Supermercado',12,19,13,7,3,1),(169,'NOELIA DOCES E SALGADOS FORTALEZA BRA','Alimentação',13,17,127,8,4,1),(170,'MILKY MOO IGUATEMI FORTALEZA BRA','Alimentação',13,17,177,8,4,1),(171,'FILE GOURMET FORTALEZA BRA','Alimentação',13,17,168,8,4,1),(172,'PAYGO*LUCCO BURGER Fortaleza BRA','Alimentação',13,17,174,8,4,1),(173,'BIGDADDY FORTALEZA BRA','Alimentação',13,17,53,8,4,1),(174,'PICANHA DO ALEMAO FORTALEZA BRA','Alimentação',13,17,79,8,4,1),(175,'Mascilene Da Silva Me','Alimentação',5,17,68,6,1,1),(176,'Supermercado Guara','Supermercado',5,19,179,2,1,1),(177,'ASSAÍ ATACADISTA','Supermercado',12,19,2,7,3,1),(178,'ASSAI ATACADISTA FORTALEZA BRA','Supermercado',13,19,2,8,4,1),(179,'GERISSA DOS REIS SOUSA FORTALEZA BRA','Salão de beleza',13,41,175,8,4,1),(180,'SUPERMERCADO COMETA','Supermercado',78,19,13,3,5,1),(181,'FARMACIA MARIA DOS REM','Medicamentos',78,33,47,3,5,1),(182,'POSTO SAO DOMINGOS CID','Combustível',78,23,90,3,5,1),(183,'UBER UBER*TRIP HELP.U','Uber',78,41,58,3,5,1);
/*!40000 ALTER TABLE `stp_statement_pattern` ENABLE KEYS */;
UNLOCK TABLES;

--
-- Table structure for table `stt_statement_type`
--

DROP TABLE IF EXISTS `stt_statement_type`;
/*!40101 SET @saved_cs_client     = @@character_set_client */;
/*!50503 SET character_set_client = utf8mb4 */;
CREATE TABLE `stt_statement_type` (
  `stt_identity` int NOT NULL AUTO_INCREMENT,
  `stt_name` varchar(200) NOT NULL,
  `ban_identity` int NOT NULL,
  `acc_identity_source` int NOT NULL,
  `usr_identity` int NOT NULL,
  PRIMARY KEY (`stt_identity`),
  UNIQUE KEY `un_stt_statement_type` (`stt_name`,`ban_identity`,`usr_identity`),
  KEY `fk_ban_bank_stt` (`ban_identity`),
  KEY `fk_acc_account_source_stt` (`acc_identity_source`),
  CONSTRAINT `fk_acc_account_source_stt` FOREIGN KEY (`acc_identity_source`) REFERENCES `acc_account` (`acc_identity`),
  CONSTRAINT `fk_ban_bank_stt` FOREIGN KEY (`ban_identity`) REFERENCES `ban_bank` (`ban_identity`)
) ENGINE=InnoDB AUTO_INCREMENT=7 DEFAULT CHARSET=utf8mb4 COLLATE=utf8mb4_0900_ai_ci;
/*!40101 SET character_set_client = @saved_cs_client */;

--
-- Dumping data for table `stt_statement_type`
--

LOCK TABLES `stt_statement_type` WRITE;
/*!40000 ALTER TABLE `stt_statement_type` DISABLE KEYS */;
INSERT INTO `stt_statement_type` VALUES (1,'Conta Corrente',1,5,1),(2,'Poupança',1,7,1),(3,'Cartão Alimentação',2,12,1),(4,'Cartão Flexível',3,13,1),(5,'Banco C6 :: Cartão de Crédito',4,78,1),(6,'Banco Itaú :: Cartão de Crédito',5,73,1);
/*!40000 ALTER TABLE `stt_statement_type` ENABLE KEYS */;
UNLOCK TABLES;
/*!40103 SET TIME_ZONE=@OLD_TIME_ZONE */;

/*!40101 SET SQL_MODE=@OLD_SQL_MODE */;
/*!40014 SET FOREIGN_KEY_CHECKS=@OLD_FOREIGN_KEY_CHECKS */;
/*!40014 SET UNIQUE_CHECKS=@OLD_UNIQUE_CHECKS */;
/*!40101 SET CHARACTER_SET_CLIENT=@OLD_CHARACTER_SET_CLIENT */;
/*!40101 SET CHARACTER_SET_RESULTS=@OLD_CHARACTER_SET_RESULTS */;
/*!40101 SET COLLATION_CONNECTION=@OLD_COLLATION_CONNECTION */;
/*!40111 SET SQL_NOTES=@OLD_SQL_NOTES */;

-- Dump completed on 2025-09-20 14:36:55
