-- MySQL dump 10.13  Distrib 8.0.36, for Linux (x86_64)
--
-- Host: localhost    Database: sisfin_transaction
-- ------------------------------------------------------
-- Server version	8.0.36

/*!40101 SET @OLD_CHARACTER_SET_CLIENT=@@CHARACTER_SET_CLIENT */;
/*!40101 SET @OLD_CHARACTER_SET_RESULTS=@@CHARACTER_SET_RESULTS */;
/*!40101 SET @OLD_COLLATION_CONNECTION=@@COLLATION_CONNECTION */;
/*!50503 SET NAMES utf8mb4 */;
/*!40103 SET @OLD_TIME_ZONE=@@TIME_ZONE */;
/*!40103 SET TIME_ZONE='+00:00' */;
/*!40014 SET @OLD_UNIQUE_CHECKS=@@UNIQUE_CHECKS, UNIQUE_CHECKS=0 */;
/*!40014 SET @OLD_FOREIGN_KEY_CHECKS=@@FOREIGN_KEY_CHECKS, FOREIGN_KEY_CHECKS=0 */;
/*!40101 SET @OLD_SQL_MODE=@@SQL_MODE, SQL_MODE='NO_AUTO_VALUE_ON_ZERO' */;
/*!40111 SET @OLD_SQL_NOTES=@@SQL_NOTES, SQL_NOTES=0 */;

--
-- Table structure for table `acc_account`
--

DROP TABLE IF EXISTS `acc_account`;
/*!40101 SET @saved_cs_client     = @@character_set_client */;
/*!50503 SET character_set_client = utf8mb4 */;
CREATE TABLE `acc_account` (
  `acc_identity` int NOT NULL AUTO_INCREMENT,
  `acc_name` varchar(50) NOT NULL,
  `acc_level` varchar(9) NOT NULL,
  `acc_note` varchar(200) DEFAULT NULL,
  `acc_icon` varchar(50) NOT NULL,
  `acc_is_inactive` varchar(1) NOT NULL,
  `acc_identity_parent` int DEFAULT NULL,
  `usr_identity` int NOT NULL,
  PRIMARY KEY (`acc_identity`),
  UNIQUE KEY `un_acc_level_by_user` (`acc_level`,`usr_identity`),
  UNIQUE KEY `un_acc_name_by_parent` (`acc_name`,`acc_identity_parent`),
  CONSTRAINT `acc_account_chk_1` CHECK ((`acc_is_inactive` in (_latin1'0',_latin1'1')))
) ENGINE=InnoDB AUTO_INCREMENT=68 DEFAULT CHARSET=utf8mb4 COLLATE=utf8mb4_0900_ai_ci;
/*!40101 SET character_set_client = @saved_cs_client */;

--
-- Dumping data for table `acc_account`
--

LOCK TABLES `acc_account` WRITE;
/*!40000 ALTER TABLE `acc_account` DISABLE KEYS */;
INSERT INTO `acc_account` VALUES (1,'Saldo','01.',NULL,'fa-sack-dollar','0',NULL,1),(2,'Entrada','02.',NULL,'fa-hand-holding-dollar','0',NULL,1),(3,'Outcoming','03.',NULL,'fa-bag-shopping','0',NULL,1),(4,'Banco do Brasil','01.01.',NULL,'fa-font-awesome','0',1,1),(5,'Conta Corrente','01.01.01.',NULL,'fa-font-awesome','0',4,1),(7,'Poupança','01.01.02.',NULL,'fa-font-awesome','0',4,1),(8,'Proventos','02.01.',NULL,'fa-font-awesome','0',2,1),(9,'Salário','02.01.01.',NULL,'fa-font-awesome','0',8,1),(11,'Benefícios','01.02.',NULL,'fa-font-awesome','0',1,1),(12,'Cartão Alimentação','01.02.01.',NULL,'fa-font-awesome','0',11,1),(13,'Cartão Flexível','01.02.02.',NULL,'fa-font-awesome','0',11,1),(14,'Cartão Alimentação','02.01.02.',NULL,'fa-font-awesome','0',8,1),(15,'Cartão Flexível','02.01.03.',NULL,'fa-font-awesome','0',8,1),(16,'Lazer e Entretenimento','03.01.',NULL,'fa-font-awesome','0',3,1),(17,'Alimentação','03.01.01.',NULL,'fa-utensils','0',16,1),(18,'Moradia','03.02.',NULL,'fa-font-awesome','0',3,1),(19,'Supermercado','03.02.01.',NULL,'fa-font-awesome','0',18,1),(20,'Condomínio','03.02.02.',NULL,'fa-font-awesome','0',18,1),(21,'Energia Elétrica','03.02.03.',NULL,'fa-bolt','0',18,1),(22,'Automóvel','03.03.',NULL,'fa-font-awesome','0',3,1),(23,'Combustível','03.03.01.',NULL,'fa-gas-pump','0',22,1),(24,'Manutenção','03.03.02.',NULL,'fa-wrench','0',22,1),(25,'Água Mineral','03.02.04.',NULL,'fa-font-awesome','0',18,1),(26,'Bens de Consumo','03.04.',NULL,'fa-font-awesome','0',3,1),(27,'Vestuário, Cosméticos e Acessórios','03.04.01.',NULL,'fa-font-awesome','0',26,1),(28,'Eletrodomésticos','03.04.02.',NULL,'fa-font-awesome','0',26,1),(29,'Móveis','03.04.03.',NULL,'fa-font-awesome','0',26,1),(30,'Eletrônicos e Tecnologia','03.04.04.',NULL,'fa-font-awesome','0',26,1),(31,'Internet e Serviços de Streamimg','03.02.05.',NULL,'fa-wifi','0',18,1),(32,'Despesas Pessoais','03.05.',NULL,'fa-font-awesome','0',3,1),(33,'Medicamentos','03.05.01.',NULL,'fa-font-awesome','0',32,1),(34,'Plano de Saúde','03.05.02.',NULL,'fa-heart-pulse','0',32,1),(35,'Plano Odontológico','03.05.03.',NULL,'fa-heart-pulse','0',32,1),(36,'Gás de Cozinha','03.02.06.',NULL,'fa-font-awesome','0',18,1),(37,'Taxas e Multas','03.03.03.',NULL,'fa-car','0',22,1),(38,'Others','03.99.',NULL,'fa-font-awesome','0',3,1),(39,'Other','03.99.99.',NULL,'fa-font-awesome','0',38,1),(40,'Despesa não Identificada','03.99.01.',NULL,'fa-font-awesome','0',38,1),(41,'Other','03.05.99.','','fa-font-awesome','0',32,1),(42,'Recarga de Celular','03.05.04.',NULL,'fa-mobile','0',32,1),(43,'Other','03.01.99.',NULL,'fa-font-awesome','0',16,1),(44,'Other','03.02.99.',NULL,'fa-font-awesome','0',18,1),(45,'Other','03.03.99.',NULL,'fa-font-awesome','0',22,1),(46,'Other','03.04.99.',NULL,'fa-font-awesome','0',26,1),(47,'Saque não Identificado','03.99.02.',NULL,'fa-font-awesome','0',38,1),(48,'Empréstimo, Saída','03.99.03.','','fa-font-awesome','0',38,1),(49,'Alimentação no Trabalho','03.05.05.',NULL,'fa-font-awesome','0',32,1),(50,'Seguro','03.03.04.','','fa-font-awesome','0',22,1),(51,'Manutenção','03.02.07.','','fa-font-awesome','0',18,1),(52,'Financiamento do Apartamento','03.02.08.',NULL,'fa-font-awesome','0',18,1),(55,'Impostos','03.02.09.',NULL,'fa-font-awesome','0',18,1),(56,'Diarista','03.02.10.',NULL,'fa-font-awesome','0',18,1),(57,'Other','01.99.',NULL,'fa-font-awesome','0',1,1),(58,'Other','01.99.99.',NULL,'fa-font-awesome','0',57,1),(59,'Investment','02.02.',NULL,'fa-font-awesome','0',2,1),(60,'Other','02.02.99.',NULL,'fa-font-awesome','0',59,1),(61,'Rendimento da Poupança','02.02.01.',NULL,'fa-font-awesome','0',59,1),(62,'Other','02.99.',NULL,'fa-font-awesome','0',2,1),(63,'Other','02.99.99.',NULL,'fa-font-awesome','0',62,1),(64,'Educação de Dependente','03.05.06.',NULL,'fa-font-awesome','0',32,1),(65,'Educação','03.05.07.',NULL,'fa-font-awesome','0',32,1),(66,'Income Tax (IRPF)','02.99.01.',NULL,'fa-font-awesome','0',62,1),(67,'Empréstimo, Entrada','02.99.02.',NULL,'fa-font-awesome','0',62,1);
/*!40000 ALTER TABLE `acc_account` ENABLE KEYS */;
UNLOCK TABLES;

--
-- Table structure for table `ban_bank`
--

DROP TABLE IF EXISTS `ban_bank`;
/*!40101 SET @saved_cs_client     = @@character_set_client */;
/*!50503 SET character_set_client = utf8mb4 */;
CREATE TABLE `ban_bank` (
  `ban_identity` int NOT NULL AUTO_INCREMENT,
  `ban_name` varchar(100) NOT NULL,
  `usr_identity` int NOT NULL,
  PRIMARY KEY (`ban_identity`),
  UNIQUE KEY `un_ban_name` (`ban_name`,`usr_identity`)
) ENGINE=InnoDB AUTO_INCREMENT=6 DEFAULT CHARSET=utf8mb4 COLLATE=utf8mb4_0900_ai_ci;
/*!40101 SET character_set_client = @saved_cs_client */;

--
-- Dumping data for table `ban_bank`
--

LOCK TABLES `ban_bank` WRITE;
/*!40000 ALTER TABLE `ban_bank` DISABLE KEYS */;
INSERT INTO `ban_bank` VALUES (2,'Alelo Benefícios',1),(1,'Banco do Brasil',1),(4,'C6 Bank',1),(3,'Flash Benefícios',1),(5,'Itau Bank',1);
/*!40000 ALTER TABLE `ban_bank` ENABLE KEYS */;
UNLOCK TABLES;

--
-- Table structure for table `loc_location`
--

DROP TABLE IF EXISTS `loc_location`;
/*!40101 SET @saved_cs_client     = @@character_set_client */;
/*!50503 SET character_set_client = utf8mb4 */;
CREATE TABLE `loc_location` (
  `loc_identity` int NOT NULL AUTO_INCREMENT,
  `loc_name` varchar(200) NOT NULL,
  `loc_note` varchar(200) DEFAULT NULL,
  `usr_identity` int NOT NULL,
  PRIMARY KEY (`loc_identity`),
  UNIQUE KEY `un_loc_name_branch` (`loc_name`)
) ENGINE=InnoDB AUTO_INCREMENT=123 DEFAULT CHARSET=utf8mb4 COLLATE=utf8mb4_0900_ai_ci;
/*!40101 SET character_set_client = @saved_cs_client */;

--
-- Dumping data for table `loc_location`
--

LOCK TABLES `loc_location` WRITE;
/*!40000 ALTER TABLE `loc_location` DISABLE KEYS */;
INSERT INTO `loc_location` VALUES (1,'Ballon Mania','',1),(2,'Supermercado Assaí',NULL,1),(3,'Padaria Iolanda',NULL,1),(4,'AliExpress','',1),(5,'Condomínio Flamboyant Residence','',1),(6,'R7 Informática','',1),(7,'Pedal Bike na Veia','',1),(8,'McDonalds','',1),(9,'Mini Kalzone','',1),(10,'Lojas Americanas','',1),(13,'Supermercado Cometa','',1),(14,'Shopping Iguatemi Bosque','',1),(15,'Shopping Terrazo','',1),(16,'Shopping Via Sul','',1),(17,'Shopping Rio Mar','',1),(18,'Leroy Merlin','',1),(19,'Casas Freitas','',1),(20,'Loja da Construção','',1),(22,'Padaria e Confeiraria Bom do Trigo','',1),(23,'Farmácia Pague Menos','',1),(24,'Supermercado Pinheiro','',1),(27,'Cobasi Pet Shop','',1),(28,'Kina Restaurante Oriental','',1),(29,'Mercadinho Falcão','',1),(30,'Farmácia Drogasil','',1),(31,'Júnior da Picanha',NULL,1),(32,'Mercadinho Ana','',1),(33,'Unimed','',1),(34,'Enel Ceará','',1),(35,'Oi Telecomunicações SA','',1),(36,'Claro Nordeste','',1),(37,'Netflix','',1),(38,'Gráfica Prime',NULL,1),(39,'Big Monster','',1),(40,'Complexo Salvatore','',1),(41,'Restaurant Chapa Quente','',1),(42,'Só Dança','',1),(43,'Restaurant Opy Açaí','',1),(44,'Dominos Pizza','',1),(45,'Kalunga','',1),(46,'Animale Pet Shop','',1),(47,'Farmácia Maria dos Remédios','',1),(48,'Farmácia Extrafarma',NULL,1),(49,'Pizza Hutt',NULL,1),(50,'Cheppitos','',1),(51,'Opi Bar','',1),(52,'Owl Bear Pub','',1),(53,'Big Daddy','',1),(54,'Mercado Livre','',1),(55,'Casas Bahia','',1),(56,'Restaurant Cacique','',1),(57,'Lá Sopitta','',1),(58,'Ubber','',1),(59,'Sorveteria Pardal',NULL,1),(60,'Fuel Station Tetra',NULL,1),(61,'Supermercado São Luís',NULL,1),(62,'Uniodonto',NULL,1),(63,'Ultragás',NULL,1),(64,'Lojas C&A',NULL,1),(65,'Lojas Renner','',1),(66,'Lojas Riachuelo','',1),(67,'Fuel Station Sobral e Palácio',NULL,1),(68,'Steakhouse Pereira',NULL,1),(69,'Sefaz - CE',NULL,1),(70,'Amazon',NULL,1),(71,'Magzine Luiza','',1),(72,'Padaria Panpanne',NULL,1),(73,'Shopee','',1),(74,'O Boticário',NULL,1),(75,'Padaria Portitália',NULL,1),(76,'Vivo',NULL,1),(77,'Habbibs',NULL,1),(78,'Restaurant Skina do Baião',NULL,1),(79,'Restaurant Picanha do Alemão',NULL,1),(80,'Coffee Shop Biscoitando',NULL,1),(81,'Polly Kids',NULL,1),(82,'Bank Brazil',NULL,1),(83,'Bank Itaú','',1),(84,'Bank C6','',1),(85,'School Ágape',NULL,1),(86,'Fábrica do Professor',NULL,1),(87,'Fuel Station Olírio','',1),(88,'Naini Stake Burger',NULL,1),(89,'Udemy',NULL,1),(90,'Fuel Station São Domingos',NULL,1),(91,'Barbershop Cometa',NULL,1),(92,'Shopping Eusébio',NULL,1),(93,'Restaurant Sal & Brasa',NULL,1),(94,'Restaurant Hents Burg','',1),(95,'Restaurant Vasto Fortaleza','',1),(96,'Restaurant Comidaria Self-Service','',1),(97,'Restaurant Arretado','',1),(98,'Restaurant Depot Medieval','',1),(99,'Restaurant Robbit Friends','',1),(100,'Restaurant Camarada','',1),(101,'Restaurant Beach Park','',1),(102,'Restaurant Cuca Legal','',1),(103,'Santa Lolla','',1),(104,'IFood',NULL,1),(105,'Bank Caixa Economica',NULL,1),(106,'Belfort Peugeot',NULL,1),(107,'Edson Gourmet',NULL,1),(108,'I Love Hotdog','',1),(109,'Johnny Joy Milkshake','',1),(110,'Eos Pizza',NULL,1),(111,'Restaurant Vira Verão',NULL,1),(112,'Frosty Icecream',NULL,1),(113,'Santa Pastelaria',NULL,1),(114,'PB Kids',NULL,1),(115,'D&S Sistemas Eletrônicos',NULL,1),(116,'Supermercado WallMart',NULL,1),(117,'Centauro',NULL,1),(118,'La Pasta Sul',NULL,1),(119,'Pastel da Praça','Lago Jacarey',1),(120,'Perboyre Castelo',NULL,1),(121,'Freitas Varejo',NULL,1),(122,'Normatel Home Center',NULL,1);
/*!40000 ALTER TABLE `loc_location` ENABLE KEYS */;
UNLOCK TABLES;

--
-- Table structure for table `obi_objective_item`
--

DROP TABLE IF EXISTS `obi_objective_item`;
/*!40101 SET @saved_cs_client     = @@character_set_client */;
/*!50503 SET character_set_client = utf8mb4 */;
CREATE TABLE `obi_objective_item` (
  `obi_identity` int NOT NULL AUTO_INCREMENT,
  `obi_description` varchar(100) NOT NULL,
  `obi_sequential` int NOT NULL,
  `obi_unitary_value` decimal(11,2) NOT NULL,
  `obi_amount` decimal(11,3) NOT NULL,
  `obj_identity` int NOT NULL,
  `acc_identity_target` int NOT NULL,
  `usr_identity` int NOT NULL,
  PRIMARY KEY (`obi_identity`),
  UNIQUE KEY `un_obi_objective_item` (`obj_identity`,`obi_sequential`),
  KEY `fk_acc_account_target_obm` (`acc_identity_target`),
  CONSTRAINT `fk_acc_account_target_obm` FOREIGN KEY (`acc_identity_target`) REFERENCES `acc_account` (`acc_identity`),
  CONSTRAINT `fk_obj_objective_obi` FOREIGN KEY (`obj_identity`) REFERENCES `obj_objective` (`obj_identity`)
) ENGINE=InnoDB AUTO_INCREMENT=606 DEFAULT CHARSET=utf8mb4 COLLATE=utf8mb4_0900_ai_ci;
/*!40101 SET character_set_client = @saved_cs_client */;

--
-- Dumping data for table `obi_objective_item`
--

LOCK TABLES `obi_objective_item` WRITE;
/*!40000 ALTER TABLE `obi_objective_item` DISABLE KEYS */;
INSERT INTO `obi_objective_item` VALUES (58,'Saldo Anterior',1,563.12,1.000,67,5,1),(59,'Alimentação',1,17.90,1.000,68,17,1),(60,'Água Mineral',1,13.50,1.000,69,25,1),(61,'Medicines',1,17.08,1.000,70,33,1),(62,'Condomínio',1,459.00,1.000,71,20,1),(63,'Energia elétrica',1,289.39,1.000,72,21,1),(64,'Água Mineral',1,13.50,1.000,73,25,1),(65,'Internet residencial',1,114.80,1.000,74,31,1),(66,'Serviços de streaming',1,39.90,1.000,75,31,1),(67,'Alimentação',1,8.81,1.000,76,17,1),(68,'Água Mineral',1,13.50,1.000,77,25,1),(69,'Medicines',1,16.99,1.000,78,33,1),(70,'Supermercado',1,24.74,1.000,79,19,1),(71,'Supermercado',1,5.32,1.000,80,19,1),(72,'Medicines',1,18.41,1.000,81,33,1),(73,'Alimentação',1,47.62,1.000,82,17,1),(74,'Medicines',1,31.21,1.000,83,33,1),(75,'Alimentação',1,32.00,1.000,84,17,1),(76,'Água Mineral',1,13.50,1.000,85,25,1),(77,'Medicines',1,37.99,1.000,86,33,1),(78,'Alimentação',1,26.00,1.000,87,17,1),(79,'Supermercado',1,34.33,1.000,88,19,1),(80,'Supermercado',1,113.27,1.000,89,19,1),(81,'Alimentação',1,41.30,1.000,90,17,1),(82,'Supermercado',1,86.73,1.000,91,19,1),(83,'Salário Cast - Adiantamento',1,2000.00,1.000,92,5,1),(84,'Salário Cast - Complemento',1,4035.61,1.000,93,5,1),(85,'Combustível',1,100.00,1.000,94,23,1),(86,'Combustível',1,100.00,1.000,95,23,1),(87,'Supermercado',1,42.54,1.000,96,19,1),(88,'Unimed insurance',1,910.14,1.000,97,34,1),(89,'Uniodonto insurance',1,49.68,1.000,98,35,1),(90,'Cooking gas',1,100.00,1.000,99,36,1),(91,'Clothing and accessories',1,125.98,1.000,100,27,1),(92,'Fuel',1,80.00,1.000,101,23,1),(93,'Depósito de saldo anterior para poupança',1,563.12,1.000,102,7,1),(94,'Clothing and accessories',1,20.00,1.000,103,27,1),(95,'Food',1,31.00,1.000,104,17,1),(96,'Alimentação',1,30.00,1.000,105,17,1),(97,'Food',1,30.00,1.000,106,17,1),(98,'IPVA 2024 HB20s (04/05)',1,259.59,1.000,107,37,1),(99,'Perfumaria',1,12.00,1.000,108,27,1),(100,'Alimentação',1,47.27,1.000,109,17,1),(101,'Payment of the Itaucard invoice',1,1237.52,1.000,110,39,1),(102,'Unidentified expense',1,75.00,1.000,111,40,1),(103,'Unidentified expense',1,35.00,1.000,112,40,1),(104,'Smartphone credit',1,71.41,1.000,113,42,1),(105,'Smartphone credit',1,30.00,1.000,114,42,1),(106,'Unindentified expense',1,5.80,1.000,115,40,1),(107,'Food - Camila Birthday',1,310.00,1.000,116,17,1),(108,'Home items',1,70.76,1.000,117,46,1),(109,'Home items',1,100.94,1.000,118,46,1),(110,'Serviço de bordado',1,15.00,1.000,119,46,1),(111,'Compras AliExpress',1,119.04,1.000,120,46,1),(112,'Processo Sobi - Advogados (04/05)',1,564.80,1.000,121,39,1),(115,'Unindentified expense',1,66.97,1.000,124,40,1),(116,'Tarifa de pacote de serviços, referente a 27/05/2024',1,14.20,1.000,125,39,1),(117,'Pet food',1,7.00,1.000,126,39,1),(118,'Unindentified expense',1,15.00,1.000,127,40,1),(119,'Uniodonto insurance',1,48.60,1.000,128,35,1),(120,'Alimentação - Extorno',1,6.00,1.000,129,5,1),(121,'Retirada da poupança',1,258.00,1.000,130,5,1),(122,'Saldo Anterior',1,57.58,1.000,131,5,1),(123,'Combustível',1,100.00,1.000,132,23,1),(124,'Água Mineral',1,13.50,1.000,133,25,1),(125,'Alimentação',1,2.32,1.000,134,17,1),(126,'Alimentação',1,39.70,1.000,135,17,1),(127,'Medicines',1,101.72,1.000,136,33,1),(128,'Unimed Insurance',1,1034.10,1.000,137,34,1),(129,'Condomínio',1,459.00,1.000,138,20,1),(130,'Energia elétrica',1,306.94,1.000,139,21,1),(131,'Água Mineral',1,13.50,1.000,140,25,1),(132,'Internet residencial',1,114.80,1.000,141,31,1),(133,'Supermercado',1,31.88,1.000,142,19,1),(134,'Alimentação',1,2.46,1.000,143,17,1),(135,'Medicines',1,15.98,1.000,144,33,1),(136,'Alimentação',1,11.98,1.000,145,17,1),(137,'Supermercado',1,5.69,1.000,146,19,1),(138,'Medicines',1,31.00,1.000,147,33,1),(139,'Serviços de streaming',1,39.90,1.000,148,31,1),(140,'Combustível',1,100.00,1.000,149,23,1),(141,'Água Mineral',1,13.50,1.000,150,25,1),(142,'Uniodonto insurance',1,48.60,1.000,151,35,1),(143,'Alimentação',1,48.66,1.000,152,17,1),(144,'Alimentação',1,10.72,1.000,153,17,1),(145,'Supermercado',1,5.99,1.000,154,19,1),(146,'Supermercado',1,18.55,1.000,155,19,1),(147,'Água Mineral',1,13.50,1.000,156,25,1),(148,'Supermercado',1,14.38,1.000,157,19,1),(149,'Supermercado',1,45.03,1.000,158,19,1),(150,'Alimentação',1,33.55,1.000,159,17,1),(151,'Alimentação',1,9.46,1.000,160,17,1),(152,'Combustível',1,80.00,1.000,161,23,1),(153,'Salário Cast - Adiantamento',1,2000.00,1.000,162,5,1),(154,'Salário Cast - Complemento',1,3990.92,1.000,163,5,1),(155,'Depósito de saldo anterior para poupança',1,57.58,1.000,164,7,1),(156,'Conjunto de utensílios de cozinha em silicone',1,78.90,1.000,165,46,1),(157,'Medicines',1,10.00,1.000,166,33,1),(158,'Food',1,14.45,1.000,167,17,1),(159,'Food',1,58.94,1.000,168,17,1),(160,'Food',1,13.00,1.000,169,17,1),(161,'Smartphone credit',1,30.00,1.000,170,42,1),(162,'Smartphone credit',1,66.41,1.000,171,42,1),(163,' Totokinha Bolinha Menino',1,83.80,1.000,172,46,1),(164,'Fuel',1,80.00,1.000,173,23,1),(165,'Parking',1,25.00,1.000,174,39,1),(166,'Processo Sobi - Advogados (05/05)',1,564.80,1.000,175,39,1),(167,'IPVA 2024 HB20s (05/05)',1,259.56,1.000,176,37,1),(168,'Clothing and accessories',1,75.00,1.000,177,27,1),(169,'Payment of the Itaucard invoice',1,952.34,1.000,178,39,1),(170,'Payment of the C6 Card invoice',1,445.12,1.000,179,39,1),(171,'Tarifa de pacote de serviços, referente a 25/06/2024',1,14.20,1.000,180,39,1),(172,'Unindentified expense',1,15.00,1.000,181,40,1),(173,'Unindentified expense',1,6.00,1.000,182,40,1),(174,'Unindentified expense',1,3.00,1.000,183,40,1),(175,'Food',1,8.50,1.000,184,17,1),(176,'Unindentified expense',1,30.00,1.000,185,40,1),(177,'School trip, Emílio Ribas laboratory',1,60.00,1.000,186,64,1),(178,'School sport games',1,30.00,1.000,187,64,1),(179,'Food',1,58.60,1.000,188,17,1),(180,'Unindentified expense',1,9.50,1.000,189,40,1),(182,'Housing miscellaneous items',1,104.61,1.000,191,44,1),(183,'Unidentified expense',1,10.00,1.000,192,40,1),(184,'Pet food',1,7.00,1.000,193,39,1),(186,'Food',1,24.00,1.000,195,5,1),(187,'Saldo Anterior',1,246.58,1.000,196,5,1),(188,'Alimentação',1,24.00,1.000,197,17,1),(189,'Alimentação',1,107.00,1.000,198,17,1),(190,'Alimentação',1,31.53,1.000,199,17,1),(191,'Smartphone credit',1,30.00,1.000,200,42,1),(192,'Condomínio',1,459.00,1.000,201,20,1),(193,'Água Mineral',1,13.50,1.000,202,25,1),(194,'Unimed Insurance',1,963.97,1.000,203,34,1),(195,'Água Mineral',1,13.50,1.000,204,25,1),(196,'Energia elétrica',1,235.17,1.000,205,21,1),(197,'Internet residencial',1,114.80,1.000,206,31,1),(198,'Smartphone credit',1,71.41,1.000,207,42,1),(199,'Água Mineral',1,13.50,1.000,208,25,1),(200,'Serviços de streaming',1,39.90,1.000,209,31,1),(201,'Supermercado',1,106.51,1.000,210,19,1),(202,'Alimentação',1,27.80,1.000,211,17,1),(203,'Supermercado',1,26.41,1.000,212,19,1),(204,'Supermercado',1,98.93,1.000,213,19,1),(205,'Água Mineral',1,13.50,1.000,214,25,1),(206,'Alimentação',1,19.29,1.000,215,17,1),(207,'Alimentação',1,49.44,1.000,216,17,1),(208,'Alimentação',1,66.00,1.000,217,17,1),(209,'Alimentação',1,18.50,1.000,218,17,1),(210,'Alimentação',1,18.80,1.000,219,17,1),(211,'Supermercado',1,70.48,1.000,220,19,1),(212,'Supermercado',1,53.59,1.000,221,19,1),(213,'Medicines',1,5.00,1.000,222,33,1),(214,'Supermercado',1,46.78,1.000,223,19,1),(215,'Água Mineral',1,13.50,1.000,224,25,1),(216,'Alimentação',1,32.80,1.000,225,17,1),(217,'Supermercado',1,56.38,1.000,226,19,1),(218,'Salário Cast - Adiantamento',1,2000.00,1.000,227,5,1),(219,'Salário Cast - Complemento',1,4035.61,1.000,228,5,1),(220,'IPVA 2024 HB20s (03/05)',1,259.59,1.000,229,37,1),(221,'Food',1,59.62,1.000,230,17,1),(222,'Depósito de saldo anterior para poupança',1,40.15,1.000,231,7,1),(223,'Payment of the Itaucard invoice',1,921.09,1.000,232,39,1),(224,'Vilde Freire - Precatório',1,8000.00,1.000,233,5,1),(225,'Medicines',1,25.99,1.000,234,33,1),(226,'Medicines',1,47.98,1.000,235,33,1),(227,'Ballet Clothing',1,35.00,1.000,236,27,1),(228,'Fuel',1,100.00,1.000,237,23,1),(229,'Food - Breno\'s house sushi day',1,21.00,1.000,238,17,1),(230,'Food - Breno\'s house sushi day',1,21.00,1.000,239,17,1),(231,'Parking',1,10.00,1.000,240,43,1),(232,'Compras AliExpress',1,120.64,1.000,241,46,1),(233,'Processo Sobi - Advogados (03/05) (Devolução para poupança)',1,564.80,1.000,242,7,1),(234,'Food',1,4.00,1.000,243,17,1),(235,'Clothing and accessories',1,87.90,1.000,244,27,1),(236,'Fridge maintenance',1,30.00,1.000,245,51,1),(237,'Fridge maintenance',1,670.00,1.000,246,51,1),(238,'Savings withdrawal - Fridge maintenance',1,700.00,1.000,247,5,1),(239,'Food',1,69.80,1.000,248,17,1),(240,'Savings account deposit :: Precatório',1,8000.00,1.000,249,7,1),(241,'Food',1,152.51,1.000,250,17,1),(242,'Education',1,29.90,1.000,251,65,1),(243,'Food',1,124.50,1.000,252,17,1),(244,'Medicines',1,23.00,1.000,253,33,1),(245,'Tarifa de pacote de serviços, referente a 25/04/2024',1,14.20,1.000,254,39,1),(246,'Savings withdrawal :: Camila\'s birthday',1,152.51,1.000,255,5,1),(247,'Savings withdrawal :: Camila\'s birthday',1,124.50,1.000,256,5,1),(248,'Savings withdrawal :: Camila\'s birthday',1,42.00,1.000,257,5,1),(249,'Savings withdrawal :: Camila\'s birthday',1,106.51,1.000,258,5,1),(250,'Savings withdrawal :: Camila\'s birthday',1,22.50,1.000,259,5,1),(251,'Unindentified expense',1,12.00,1.000,260,40,1),(252,'Unindentified expense',1,22.50,1.000,261,40,1),(253,'Unindentified expense',1,39.90,1.000,262,40,1),(254,'Unindentified expense',1,7.80,1.000,263,40,1),(255,'Leisure and fun',1,50.00,1.000,264,16,1),(256,'Pet food',1,4.99,1.000,265,39,1),(257,'Wife\'s eye exam',1,120.74,1.000,266,41,1),(258,'Pet expense',1,11.80,1.000,267,39,1),(259,'Unidentified expense',1,60.00,1.000,268,40,1),(260,'Child\'s allowance',1,15.00,1.000,269,41,1),(261,'Unidentified expense',1,30.00,1.000,270,40,1),(262,'Unidentified expense',1,15.00,1.000,271,40,1),(263,'Unidentified expense',1,15.00,1.000,272,40,1),(264,'Unidentified expense',1,15.00,1.000,273,40,1),(265,'Pet expense',1,7.00,1.000,274,39,1),(266,'Unidentified expense',1,42.00,1.000,275,40,1),(267,'Camila\'s birthday, candies',1,100.00,1.000,276,43,1),(268,'Unidentified expense',1,24.70,1.000,277,40,1),(269,'Saldo Anterior',1,134.78,1.000,278,5,1),(270,'Medicines',1,12.08,1.000,279,33,1),(271,'Alimentação',1,7.64,1.000,280,17,1),(272,'Food',1,55.21,1.000,281,17,1),(273,'Medicines',1,21.00,1.000,282,33,1),(274,'Smartphone credit',1,30.00,1.000,283,42,1),(275,'Food',1,40.00,1.000,284,17,1),(276,'Água Mineral',1,13.50,1.000,285,25,1),(277,'Condomínio',1,459.00,1.000,286,20,1),(278,'Medicines',1,92.69,1.000,287,33,1),(279,'Água Mineral',1,5.00,1.000,288,25,1),(280,'Água Mineral',1,13.50,1.000,289,25,1),(281,'Internet residencial',1,114.80,1.000,290,31,1),(282,'Smartphone credit',1,64.92,1.000,291,42,1),(283,'Alimentação',1,120.00,1.000,292,17,1),(284,'Supermercado',1,1.95,1.000,293,19,1),(285,'Água Mineral',1,13.50,1.000,294,25,1),(286,'Food',1,25.37,1.000,295,17,1),(287,'Supermercado',1,105.18,1.000,296,19,1),(288,'Alimentação',1,12.05,1.000,297,17,1),(289,'Supermercado',1,60.38,1.000,298,19,1),(290,'Supermercado',1,9.99,1.000,299,19,1),(291,'Salary Cast - Advance',1,2000.00,1.000,300,5,1),(292,'Salary Cast - Supplement',1,3965.41,1.000,301,5,1),(293,'Medicines',1,61.00,1.000,302,33,1),(294,'Streaming Services',1,44.90,1.000,303,31,1),(295,'Fuel',1,80.00,1.000,304,23,1),(296,'Fuel',1,80.00,1.000,305,23,1),(297,'Fuel',1,100.00,1.000,306,23,1),(298,'Energy Services',1,320.45,1.000,307,21,1),(299,'Compras AliExpress',1,121.80,1.000,308,46,1),(300,'Unimed insurance',1,1180.22,1.000,309,34,1),(301,'Office drawer',1,169.90,1.000,310,29,1),(302,'Payment of the Itaucard invoice',1,532.54,1.000,311,39,1),(303,'Payment of the C6 Card invoice',1,634.41,1.000,312,39,1),(304,'Service package fee, for the period 25/07/2024',1,14.60,1.000,313,39,1),(305,'Uber reimbursment from Vilde Freire',1,50.00,1.000,314,5,1),(306,'Uber reimbursment from Vilde Freire',1,50.00,1.000,315,5,1),(307,'Money reimbursment from BNP Bank',1,30.30,1.000,316,5,1),(308,'Child’s allowance',1,60.00,1.000,317,41,1),(309,'Pet food',1,7.00,1.000,318,39,1),(310,'Food',1,31.00,1.000,319,17,1),(311,'Food',1,45.00,1.000,320,17,1),(312,'Food',1,38.35,1.000,321,17,1),(313,'Food',1,43.79,1.000,322,17,1),(314,'Food',1,41.91,1.000,323,17,1),(315,'Food',1,62.70,1.000,324,17,1),(316,'Parking',1,8.00,1.000,325,39,1),(317,'Parking',1,8.00,1.000,326,39,1),(318,'Food',1,21.46,1.000,327,17,1),(319,'Savings Deposit :: Surplus from the previous month for savings',1,134.78,1.000,328,7,1),(320,'Items for home',1,100.80,1.000,329,44,1),(321,'Food',1,39.50,1.000,330,17,1),(322,'Unindentified expense',1,4.00,1.000,331,40,1),(323,'Tech items',1,76.94,1.000,332,30,1),(324,'IRPF Restitution Tax',1,1527.65,1.000,333,5,1),(325,'Unindentified expense',1,15.00,1.000,334,40,1),(326,'Refund',1,8.00,1.000,335,5,1),(327,'Food',1,33.80,1.000,336,17,1),(328,'Unindentified expense',1,67.42,1.000,337,40,1),(329,'Saldo Anterior',1,2309.11,1.000,338,5,1),(330,'Uniodonto insurance',1,49.60,1.000,339,35,1),(331,'Fuel',1,80.00,1.000,340,23,1),(332,'Smartphone credit',1,30.00,1.000,341,42,1),(333,'Água Mineral',1,13.50,1.000,342,25,1),(334,'Unimed Insurance',1,1037.91,1.000,343,34,1),(335,'Alimentação',1,2.77,1.000,344,17,1),(336,'Condomínio',1,584.00,1.000,345,20,1),(337,'Energy Services',1,240.50,1.000,346,21,1),(338,'Fuel',1,100.00,1.000,347,23,1),(339,'Água Mineral',1,13.50,1.000,348,25,1),(340,'Smartphone credit',1,64.92,1.000,349,42,1),(341,'Internet residencial',1,114.80,1.000,350,31,1),(342,'Medicines',1,37.31,1.000,351,33,1),(343,'Haircut',1,30.00,1.000,352,41,1),(344,'Serviços de streaming',1,44.90,1.000,353,31,1),(345,'Fuel',1,80.00,1.000,354,23,1),(346,'Água Mineral',1,13.50,1.000,355,25,1),(347,'Uniodonto insurance',1,48.60,1.000,356,35,1),(348,'Água Mineral',1,13.50,1.000,357,25,1),(349,'Fuel',1,50.00,1.000,358,23,1),(350,'Alimentação',1,21.90,1.000,359,17,1),(351,'Supermercado',1,13.13,1.000,360,19,1),(352,'Alimentação',1,2.57,1.000,361,17,1),(353,'Salary Cast :: Advance',1,2000.00,1.000,362,5,1),(354,'Salary Cast :: Supplement',1,4000.51,1.000,363,5,1),(355,'Payment invoice :: Itaucard',1,297.46,1.000,364,39,1),(356,'Payment invoice :: C6 Card',1,729.90,1.000,365,39,1),(357,'Food',1,45.92,1.000,366,17,1),(358,'Food',1,42.40,1.000,367,17,1),(359,'Food',1,47.62,1.000,368,17,1),(360,'Food',1,26.00,1.000,369,17,1),(361,'Food',1,240.00,1.000,370,17,1),(362,'Food',1,100.00,1.000,371,17,1),(363,'Food',1,4.50,1.000,372,17,1),(364,'Food',1,49.03,1.000,373,17,1),(365,'Food',1,42.00,1.000,374,17,1),(366,'Food',1,134.00,1.000,375,17,1),(367,'Fuel',1,80.00,1.000,376,23,1),(368,'Food',1,178.50,1.000,377,17,1),(369,'Food',1,17.80,1.000,378,17,1),(370,'Food',1,4.50,1.000,379,17,1),(371,'Food',1,13.20,1.000,380,17,1),(372,'Food',1,100.00,1.000,381,17,1),(373,'Parking',1,20.00,1.000,382,45,1),(374,'Wife\'s birthday gift',1,149.90,1.000,383,27,1),(375,'Food',1,21.90,1.000,384,17,1),(376,'Unidentified expense',1,80.00,1.000,385,40,1),(377,'Savings Deposit :: IRPF Restitution Tax',1,1527.65,1.000,386,7,1),(378,'Pet expense',1,7.02,1.000,387,39,1),(379,'Food',1,8.00,1.000,388,17,1),(380,'Pet expense',1,13.80,1.000,389,39,1),(381,'Udemy course',1,29.90,1.000,390,65,1),(382,'Agape\'s teacher gift ',1,16.50,1.000,391,39,1),(383,'Unidentified expense',1,32.15,1.000,392,40,1),(384,'Food',1,33.21,1.000,393,17,1),(385,'Food',1,36.90,1.000,394,17,1),(386,'Service package fee, for the period 26/08/2024',1,14.60,1.000,395,39,1),(387,'Savings Deposit :: Surplus from the previous month for savings',1,781.46,1.000,396,7,1),(388,'Clothing and accessories',1,59.90,1.000,397,27,1),(389,'Clothing and accessories',1,85.00,1.000,398,27,1),(390,'Unidentified expense',1,87.70,1.000,399,40,1),(391,'Unidentified expense',1,8.00,1.000,400,40,1),(392,'Unidentified expense',1,26.80,1.000,401,40,1),(393,'School activity :: Rio Mar Theater',1,80.00,1.000,402,64,1),(394,'Lottery',1,36.00,1.000,403,39,1),(395,'Unidentified expense',1,13.40,1.000,404,40,1),(396,'Food',1,5.00,1.000,405,17,1),(397,'Unidentified expense',1,48.90,1.000,406,40,1),(398,'Unidentified expense',1,9.00,1.000,407,40,1),(399,'Loan incoming :: Peugeot 208 Style',1,7500.00,1.000,408,5,1),(400,'Loan incoming :: Peugeot 208 Style',1,2500.00,1.000,409,5,1),(401,'Savings Deposit :: Mother\'s loan',1,10000.00,1.000,410,7,1),(402,'Savings withdrawal :: Peugeot 208 Style',1,47990.00,1.000,411,5,1),(403,'Peugeot 208 Style',1,47990.00,1.000,412,46,1),(404,'Peugeot 208 Style',1,27.50,1.000,413,46,1),(405,'Wife\'s birthday cake',1,140.00,1.000,414,17,1),(406,'Supermarket',1,5.68,1.000,415,19,1),(407,'Fuel',1,40.00,1.000,416,23,1),(408,'Food',1,18.90,1.000,417,17,1),(409,'Cooking gas',1,105.00,1.000,418,36,1),(410,'Mineral Water',1,13.50,1.000,419,25,1),(411,'Smartphone credit',1,30.00,1.000,420,42,1),(412,'Unimed Insurance',1,1411.50,1.000,421,34,1),(413,'Fuel',1,100.00,1.000,422,23,1),(414,'Condomínio',1,584.00,1.000,423,20,1),(415,'Energy Services',1,227.43,1.000,424,21,1),(416,'Mineral Water',1,15.50,1.000,425,25,1),(417,'Internet residencial',1,115.52,1.000,426,31,1),(418,'Smartphone credit',1,75.02,1.000,427,42,1),(419,'Food',1,3.04,1.000,428,17,1),(420,'Fuel',1,80.00,1.000,429,23,1),(421,'Streaming Services',1,44.90,1.000,430,31,1),(422,'Mineral Water',1,14.50,1.000,431,25,1),(423,'Medicines',1,81.58,1.000,432,33,1),(424,'Mineral Water',1,14.50,1.000,433,25,1),(425,'Food',1,26.00,1.000,434,17,1),(426,'Food',1,9.15,1.000,435,17,1),(427,'Food',1,24.00,1.000,436,17,1),(428,'Supermarket',1,70.68,1.000,437,19,1),(429,'Food',1,20.50,1.000,438,17,1),(430,'Previous balance',1,69.69,1.000,439,5,1),(431,'Salary Cast :: Advance',1,2000.00,1.000,440,5,1),(432,'Salary Cast :: Supplement',1,4045.85,1.000,441,5,1),(433,'Pet expense',1,7.00,1.000,442,39,1),(434,'Savings Deposit :: Surplus from the previous month for savings',1,69.69,1.000,443,7,1),(435,'Food',1,9.50,1.000,444,17,1),(436,'Payment invoice :: C6 Card',1,2122.49,1.000,445,39,1),(437,'Payment invoice :: Itaucard',1,281.52,1.000,446,39,1),(438,'Food',1,5.50,1.000,447,17,1),(439,'Supermarket',1,6.00,1.000,448,19,1),(440,'Food',1,39.99,1.000,449,17,1),(441,'Food',1,30.00,1.000,450,17,1),(442,'Food',1,36.00,1.000,451,17,1),(443,'Fuel',1,80.00,1.000,452,23,1),(444,'Service package fee, for the period 25/09/2024',1,14.60,1.000,453,39,1),(445,'Food',1,9.50,1.000,454,17,1),(446,'Food',1,53.00,1.000,455,17,1),(447,'Food',1,25.90,1.000,456,17,1),(448,'Food',1,22.00,1.000,457,17,1),(449,'Food',1,24.00,1.000,458,17,1),(450,'Cosmetics',1,33.00,1.000,459,27,1),(451,'Snow foam spray car washer',1,56.99,1.000,460,45,1),(452,'Food',1,32.70,1.000,461,17,1),(453,'Food',1,10.90,1.000,462,17,1),(454,'Anti-risk flannel automotive microfiber cloth',1,26.96,1.000,463,45,1),(455,'Food',1,11.50,1.000,464,17,1),(456,'Food',1,4.00,1.000,465,17,1),(457,'Clothes',1,59.90,1.000,466,27,1),(458,'Cosmetics',1,41.99,1.000,467,27,1),(459,'Unidentified expense',1,20.00,1.000,468,40,1),(460,'Savings withdrawal :: Salary supplement',1,200.00,1.000,469,5,1),(461,'Savings withdrawal :: Salary supplement',1,200.00,1.000,470,5,1),(462,'Savings withdrawal :: Salary supplement',1,200.00,1.000,471,5,1),(463,'Unidentified expense',1,30.00,1.000,472,40,1),(464,'Unidentified expense',1,11.00,1.000,473,40,1),(465,'Unidentified expense',1,3.00,1.000,474,40,1),(466,'Loan incoming :: Mother\'s loan: R$ 10.000,00',1,10000.00,1.000,475,5,1),(467,'Savings Deposit :: Mother\'s loan: R$ 10.000,00',1,10000.00,1.000,476,7,1),(468,'Child’s allowance',1,51.00,1.000,477,41,1),(469,'Unindentified expense',1,250.00,1.000,478,40,1),(470,'Unindentified expense',1,82.45,1.000,479,40,1),(471,'Fuel',1,239.36,1.000,480,23,1),(472,'Mineral Water',1,14.50,1.000,481,25,1),(473,'Uniodonto insurance',1,49.60,1.000,482,35,1),(474,'Unimed Insurance',1,1227.09,1.000,483,34,1),(475,'Uniodonto insurance',1,48.60,1.000,484,35,1),(476,'Smartphone credit',1,30.00,1.000,485,42,1),(477,'Food',1,7.01,1.000,486,17,1),(478,'Condomínio',1,584.00,1.000,487,20,1),(479,'Food',1,29.40,1.000,488,17,1),(480,'Mineral Water',1,14.50,1.000,489,25,1),(481,'Energy Services',1,234.52,1.000,490,21,1),(482,'Internet residencial',1,115.52,1.000,491,31,1),(483,'Smartphone credit',1,79.90,1.000,492,42,1),(484,'Medinines',1,12.34,1.000,493,33,1),(485,'Mineral Water',1,14.50,1.000,494,25,1),(486,'Streaming Services',1,44.90,1.000,495,31,1),(487,'Food',1,3.78,1.000,496,17,1),(488,'Supermarket',1,13.58,1.000,497,19,1),(489,'Fuel',1,80.00,1.000,498,23,1),(490,'Food',1,68.09,1.000,499,17,1),(491,'Supermarket',1,71.16,1.000,500,19,1),(492,'Mineral Water',1,14.50,1.000,501,25,1),(493,'Medicines',1,33.70,1.000,502,33,1),(494,'Food',1,29.00,1.000,503,17,1),(495,'Food',1,26.00,1.000,504,17,1),(496,'Fuel',1,80.00,1.000,505,23,1),(497,'Supermarket',1,37.27,1.000,506,19,1),(498,'Haircut',1,30.00,1.000,507,41,1),(499,'Food',1,5.61,1.000,508,17,1),(500,'Food',1,20.00,1.000,509,17,1),(501,'Supermarket',1,39.99,1.000,510,19,1),(502,'Medicines',1,17.45,1.000,511,33,1),(503,'Food',1,20.00,1.000,512,17,1),(504,'Food',1,3.35,1.000,513,17,1),(505,'Mineral Water',1,14.50,1.000,514,25,1),(506,'Previous balance',1,22.56,1.000,515,5,1),(507,'Salary Cast :: Advance',1,2000.00,1.000,516,5,1),(508,'Loan incoming :: Office 365 subscription',1,117.00,1.000,517,5,1),(509,'Salary Cast :: Supplement',1,4014.65,1.000,518,5,1),(510,'Food',1,10.00,1.000,519,17,1),(511,'Payment invoice :: C6 Card',1,2125.37,1.000,520,39,1),(512,'Pet expense',1,13.50,1.000,521,39,1),(513,'Payment invoice :: Itaucard',1,109.56,1.000,522,39,1),(514,'Food',1,20.00,1.000,523,17,1),(515,'Food',1,8.50,1.000,524,17,1),(516,'Food',1,8.50,1.000,525,17,1),(517,'Food',1,8.50,1.000,526,17,1),(518,'Food',1,8.50,1.000,527,17,1),(519,'Child’s allowance',1,30.00,1.000,528,41,1),(520,'Food',1,23.40,1.000,529,17,1),(521,'Food',1,14.95,1.000,530,17,1),(522,'Food',1,18.00,1.000,531,17,1),(523,'Clothing and accessories',1,55.90,1.000,532,27,1),(524,'Clothing and accessories',1,49.99,1.000,533,27,1),(525,'Food',1,20.00,1.000,534,17,1),(526,'Food',1,35.00,1.000,535,17,1),(527,'Clothing',1,119.98,1.000,536,27,1),(528,'Unidentified expense',1,17.30,1.000,537,40,1),(529,'Food',1,30.00,1.000,538,17,1),(530,'Empréstimo para compra do Peugeot 208',1,10000.00,1.000,539,5,1),(531,'Despesa não identificada',1,20.00,1.000,540,40,1),(532,'Controle de acesso de veículo',1,50.00,1.000,541,44,1),(533,'Despesa não identificada',1,65.00,1.000,542,40,1),(534,'Alimentação',1,76.00,1.000,543,17,1),(535,'Supermercado',1,80.00,1.000,544,19,1),(536,'Alimentação',1,29.70,1.000,545,17,1),(537,'Supermercado',1,64.29,1.000,546,19,1),(538,'Alimentação',1,30.00,1.000,547,17,1),(539,'Gravação de nome em garrafa témica',1,19.50,1.000,548,39,1),(540,'Conchonete Oxer',1,79.99,1.000,549,46,1),(541,'Despesa não identificada',1,9.37,1.000,550,40,1),(542,'Despesa não identificada',1,40.00,1.000,551,40,1),(543,'Aplicação na poupança de empréstimo para compra do Peugeot 208',1,10000.00,1.000,552,7,1),(544,'Recebimento para pagamento do seguro do Peugeot 208',1,250.00,1.000,553,5,1),(545,'Compras diversas',1,134.72,1.000,554,46,1),(546,'Cabo USB vermelho',1,40.00,1.000,555,30,1),(547,'Alimentação',1,27.90,1.000,556,17,1),(548,'Despesa não identificada',1,17.00,1.000,557,40,1),(549,'Alimentação',1,15.30,1.000,558,17,1),(550,'Recebimento não identificado',1,79.03,1.000,559,5,1),(551,'Tarifa Pacote de Serviços, cobrança referente 25/10/2024',1,14.60,1.000,560,39,1),(552,'Complementação de salário',1,500.00,1.000,561,5,1),(553,'Mesada de dependente',1,33.00,1.000,562,41,1),(554,'Supermercado',1,15.87,1.000,563,19,1),(555,'Condomínio',1,584.00,1.000,564,20,1),(556,'Plano de saúde Unimed',1,1044.05,1.000,565,34,1),(557,'Alimentação',1,22.00,1.000,566,17,1),(558,'Recarga de celular',1,30.00,1.000,567,42,1),(559,'Água mineral',1,14.50,1.000,568,25,1),(560,'Medicamentos',1,18.41,1.000,569,33,1),(561,'Energia elétrica',1,260.73,1.000,570,21,1),(562,'Internet residencial',1,115.52,1.000,571,31,1),(563,'Recarga de celular',1,79.90,1.000,572,42,1),(564,'Medicamentos',1,52.23,1.000,573,33,1),(565,'Água mineral',1,14.50,1.000,574,25,1),(566,'Serviço de streaming',1,44.90,1.000,575,31,1),(567,'Combustível',1,100.00,1.000,576,23,1),(568,'Medicamentos',1,91.59,1.000,577,33,1),(569,'Alimentação',1,42.00,1.000,578,17,1),(570,'Medicamentos',1,24.50,1.000,579,33,1),(571,'Alimentação',1,14.36,1.000,580,17,1),(572,'Alimentação',1,12.50,1.000,581,17,1),(573,'Alimentação',1,5.50,1.000,582,17,1),(574,'Alimentação',1,34.00,1.000,583,17,1),(575,'Alimentação',1,18.00,1.000,584,17,1),(576,'Alimentação',1,9.42,1.000,585,17,1),(577,'Água mineral',1,14.50,1.000,586,25,1),(578,'Plano odontológico Uniodonto',1,48.60,1.000,587,35,1),(579,'Saldo do mês anterior',1,56.20,1.000,588,5,1),(580,'Salário Cast :: Adiantamento',1,2000.00,1.000,589,5,1),(581,'Salário Cast :: Complemento',1,4106.91,1.000,590,5,1),(582,'Alimentação',1,29.00,1.000,591,17,1),(583,'Medicamentos',1,10.00,1.000,592,33,1),(584,'Pagamento de fatura :: Itaucard',1,99.49,1.000,593,39,1),(585,'Pagamentode fatura :: C6 Card',1,2120.98,1.000,594,39,1),(586,'Alimentação',1,34.00,1.000,595,17,1),(587,'Estacionamento',1,12.00,1.000,596,43,1),(588,'Trilha 7 anos Bike na Veia',1,100.00,1.000,597,43,1),(589,'Alimentação',1,33.90,1.000,598,17,1),(590,'Alimentação',1,48.00,1.000,599,17,1),(591,'Exame odontológico',1,95.00,1.000,600,41,1),(592,'Decoração de natal',1,71.91,1.000,601,46,1),(593,'Utensílios de uso doméstico',1,43.13,1.000,602,44,1),(594,'Despesa não identificada',1,89.79,1.000,603,40,1),(595,'Utensílios de uso doméstico',1,71.98,1.000,604,44,1),(596,'Roupas',1,79.90,1.000,605,27,1),(597,'Itens de decoração para o lar',1,89.60,1.000,606,46,1),(598,'Material escolar',1,4.50,1.000,607,39,1),(599,'Despesa não identificada',1,19.90,1.000,608,40,1),(600,'Despesa não identificada',1,11.00,1.000,609,40,1),(601,'Retirada da poupança :: Matrícula Colégio Ágape',1,1331.37,1.000,610,5,1),(602,'Matrícula Colégio Ágape 2025',1,1331.37,1.000,611,64,1),(603,'Despesa não identificada',1,22.99,1.000,612,40,1),(604,'Pagamento de taxa de importação do AliExpress',1,24.34,1.000,613,39,1),(605,'Despesa não identificada',1,10.00,1.000,614,40,1);
/*!40000 ALTER TABLE `obi_objective_item` ENABLE KEYS */;
UNLOCK TABLES;

--
-- Table structure for table `obj_objective`
--

DROP TABLE IF EXISTS `obj_objective`;
/*!40101 SET @saved_cs_client     = @@character_set_client */;
/*!50503 SET character_set_client = utf8mb4 */;
CREATE TABLE `obj_objective` (
  `obj_identity` int NOT NULL AUTO_INCREMENT,
  `obj_description` varchar(100) NOT NULL,
  `loc_identity` int DEFAULT NULL,
  `usr_identity` int NOT NULL,
  PRIMARY KEY (`obj_identity`),
  KEY `fk_loc_location_obj` (`loc_identity`),
  CONSTRAINT `fk_loc_location_obj` FOREIGN KEY (`loc_identity`) REFERENCES `loc_location` (`loc_identity`)
) ENGINE=InnoDB AUTO_INCREMENT=615 DEFAULT CHARSET=utf8mb4 COLLATE=utf8mb4_0900_ai_ci;
/*!40101 SET character_set_client = @saved_cs_client */;

--
-- Dumping data for table `obj_objective`
--

LOCK TABLES `obj_objective` WRITE;
/*!40000 ALTER TABLE `obj_objective` DISABLE KEYS */;
INSERT INTO `obj_objective` VALUES (67,'Saldo Anterior',NULL,1),(68,'Alimentação',9,1),(69,'Água Mineral',32,1),(70,'Medicines',30,1),(71,'Condomínio',5,1),(72,'Energia elétrica',34,1),(73,'Água Mineral',32,1),(74,'Internet residencial',35,1),(75,'Serviços de streaming',37,1),(76,'Alimentação',3,1),(77,'Água Mineral',32,1),(78,'Medicines',47,1),(79,'Supermercado',2,1),(80,'Supermercado',24,1),(81,'Medicines',48,1),(82,'Alimentação',41,1),(83,'Medicines',48,1),(84,'Alimentação',41,1),(85,'Água Mineral',32,1),(86,'Medicines',48,1),(87,'Alimentação',3,1),(88,'Supermercado',13,1),(89,'Supermercado',13,1),(90,'Alimentação',3,1),(91,'Supermercado',13,1),(92,'Salário Cast - Adiantamento',NULL,1),(93,'Salário Cast - Complemento',NULL,1),(94,'Combustível',60,1),(95,'Combustível',60,1),(96,'Supermercado',61,1),(97,'Unimed insurance',33,1),(98,'Uniodonto insurance',62,1),(99,'Cooking gas',63,1),(100,'Clothing and accessories',64,1),(101,'Fuel',67,1),(102,'Depósito de saldo anterior para poupança',NULL,1),(103,'Clothing and accessories',NULL,1),(104,'Food',68,1),(105,'Alimentação',NULL,1),(106,'Food',68,1),(107,'IPVA 2024 HB20s (04/05)',69,1),(108,'Perfumaria',74,1),(109,'Alimentação',75,1),(110,'Payment of the Itaucard invoice',NULL,1),(111,'Unidentified expense',NULL,1),(112,'Unidentified expense',NULL,1),(113,'Smartphone credit',36,1),(114,'Smartphone credit',76,1),(115,'Unindentified expense',NULL,1),(116,'Food - Camila Birthday',NULL,1),(117,'Home items',19,1),(118,'Home items',19,1),(119,'Serviço de bordado',NULL,1),(120,'Compras AliExpress',4,1),(121,'Processo Sobi - Advogados (04/05)',NULL,1),(124,'Unindentified expense',NULL,1),(125,'Tarifa de pacote de serviços, referente a 27/05/2024',NULL,1),(126,'Pet food',NULL,1),(127,'Unindentified expense',NULL,1),(128,'Uniodonto insurance',62,1),(129,'Alimentação - Extorno',NULL,1),(130,'Retirada da poupança',NULL,1),(131,'Saldo Anterior',NULL,1),(132,'Combustível',60,1),(133,'Água Mineral',32,1),(134,'Alimentação',3,1),(135,'Alimentação',39,1),(136,'Medicines',30,1),(137,'Unimed Insurance',33,1),(138,'Condomínio',5,1),(139,'Energia elétrica',34,1),(140,'Água Mineral',32,1),(141,'Internet residencial',35,1),(142,'Supermercado',61,1),(143,'Alimentação',3,1),(144,'Medicines',48,1),(145,'Alimentação',3,1),(146,'Supermercado',13,1),(147,'Medicines',47,1),(148,'Serviços de streaming',37,1),(149,'Combustível',60,1),(150,'Água Mineral',32,1),(151,'Uniodonto insurance',62,1),(152,'Alimentação',41,1),(153,'Alimentação',3,1),(154,'Supermercado',2,1),(155,'Supermercado',13,1),(156,'Água Mineral',32,1),(157,'Supermercado',13,1),(158,'Supermercado',13,1),(159,'Alimentação',77,1),(160,'Alimentação',77,1),(161,'Combustível',67,1),(162,'Salário Cast - Adiantamento',NULL,1),(163,'Salário Cast - Complemento',NULL,1),(164,'Depósito de saldo anterior para poupança',NULL,1),(165,'Conjunto de utensílios de cozinha em silicone',70,1),(166,'Medicines',47,1),(167,'Food',78,1),(168,'Food',79,1),(169,'Food',80,1),(170,'Smartphone credit',76,1),(171,'Smartphone credit',36,1),(172,' Totokinha Bolinha Menino',71,1),(173,'Fuel',NULL,1),(174,'Parking',NULL,1),(175,'Processo Sobi - Advogados (05/05)',NULL,1),(176,'IPVA 2024 HB20s (05/05)',NULL,1),(177,'Clothing and accessories',81,1),(178,'Payment of the Itaucard invoice',83,1),(179,'Payment of the C6 Card invoice',84,1),(180,'Tarifa de pacote de serviços, referente a 25/06/2024',82,1),(181,'Unindentified expense',NULL,1),(182,'Unindentified expense',NULL,1),(183,'Unindentified expense',NULL,1),(184,'Food',80,1),(185,'Unindentified expense',NULL,1),(186,'School trip, Emílio Ribas laboratory',85,1),(187,'School sport games',85,1),(188,'Food',NULL,1),(189,'Unindentified expense',NULL,1),(191,'Housing miscellaneous items',18,1),(192,'Unidentified expense',86,1),(193,'Pet food',NULL,1),(195,'Food',NULL,1),(196,'Saldo Anterior',NULL,1),(197,'Alimentação',59,1),(198,'Alimentação',31,1),(199,'Alimentação',3,1),(200,'Smartphone credit',76,1),(201,'Condomínio',5,1),(202,'Água Mineral',32,1),(203,'Unimed Insurance',33,1),(204,'Água Mineral',32,1),(205,'Energia elétrica',34,1),(206,'Internet residencial',35,1),(207,'Smartphone credit',36,1),(208,'Água Mineral',32,1),(209,'Serviços de streaming',37,1),(210,'Supermercado',2,1),(211,'Alimentação',39,1),(212,'Supermercado',13,1),(213,'Supermercado',13,1),(214,'Água Mineral',32,1),(215,'Alimentação',3,1),(216,'Alimentação',41,1),(217,'Alimentação',51,1),(218,'Alimentação',9,1),(219,'Alimentação',44,1),(220,'Supermercado',13,1),(221,'Supermercado',24,1),(222,'Medicines',47,1),(223,'Supermercado',13,1),(224,'Água Mineral',32,1),(225,'Alimentação',9,1),(226,'Supermercado',13,1),(227,'Salário Cast - Adiantamento',NULL,1),(228,'Salário Cast - Complemento',NULL,1),(229,'IPVA 2024 HB20s (03/05)',69,1),(230,'Food',NULL,1),(231,'Depósito de saldo anterior para poupança',NULL,1),(232,'Payment of the Itaucard invoice',83,1),(233,'Vilde Freire - Precatório',NULL,1),(234,'Medicines',23,1),(235,'Medicines',23,1),(236,'Ballet Clothing',42,1),(237,'Fuel',87,1),(238,'Food - Breno\'s house sushi day',NULL,1),(239,'Food - Breno\'s house sushi day',NULL,1),(240,'Parking',NULL,1),(241,'Compras AliExpress',4,1),(242,'Processo Sobi - Advogados (03/05) (Devolução para poupança)',NULL,1),(243,'Food',NULL,1),(244,'Clothing and accessories',NULL,1),(245,'Fridge maintenance',NULL,1),(246,'Fridge maintenance',NULL,1),(247,'Savings withdrawal - Fridge maintenance',NULL,1),(248,'Food',15,1),(249,'Savings account deposit :: Precatório',NULL,1),(250,'Food',NULL,1),(251,'Education',89,1),(252,'Food',40,1),(253,'Medicines',NULL,1),(254,'Tarifa de pacote de serviços, referente a 25/04/2024',82,1),(255,'Savings withdrawal :: Camila\'s birthday',NULL,1),(256,'Savings withdrawal :: Camila\'s birthday',NULL,1),(257,'Savings withdrawal :: Camila\'s birthday',NULL,1),(258,'Savings withdrawal :: Camila\'s birthday',NULL,1),(259,'Savings withdrawal :: Camila\'s birthday',NULL,1),(260,'Unindentified expense',NULL,1),(261,'Unindentified expense',NULL,1),(262,'Unindentified expense',NULL,1),(263,'Unindentified expense',NULL,1),(264,'Leisure and fun',NULL,1),(265,'Pet food',NULL,1),(266,'Wife\'s eye exam',NULL,1),(267,'Pet expense',46,1),(268,'Unidentified expense',NULL,1),(269,'Child\'s allowance',NULL,1),(270,'Unidentified expense',NULL,1),(271,'Unidentified expense',NULL,1),(272,'Unidentified expense',NULL,1),(273,'Unidentified expense',NULL,1),(274,'Pet expense',NULL,1),(275,'Unidentified expense',NULL,1),(276,'Camila\'s birthday, candies',NULL,1),(277,'Unidentified expense',NULL,1),(278,'Saldo Anterior',NULL,1),(279,'Medicines',30,1),(280,'Alimentação',3,1),(281,'Food',79,1),(282,'Medicines',47,1),(283,'Smartphone credit',76,1),(284,'Food',79,1),(285,'Água Mineral',32,1),(286,'Condomínio',5,1),(287,'Medicines',48,1),(288,'Água Mineral',32,1),(289,'Água Mineral',32,1),(290,'Internet residencial',35,1),(291,'Smartphone credit',36,1),(292,'Alimentação',51,1),(293,'Supermercado',13,1),(294,'Água Mineral',32,1),(295,'Food',79,1),(296,'Supermercado',13,1),(297,'Alimentação',3,1),(298,'Supermercado',13,1),(299,'Supermercado',13,1),(300,'Salary Cast - Advance',NULL,1),(301,'Salary Cast - Supplement',NULL,1),(302,'Medicines',47,1),(303,'Streaming Services',37,1),(304,'Fuel',90,1),(305,'Fuel',90,1),(306,'Fuel',90,1),(307,'Energy Services',34,1),(308,'Compras AliExpress',4,1),(309,'Unimed insurance',33,1),(310,'Office drawer',70,1),(311,'Payment of the Itaucard invoice',83,1),(312,'Payment of the C6 Card invoice',84,1),(313,'Service package fee, for the period 25/07/2024',NULL,1),(314,'Uber reimbursment from Vilde Freire',NULL,1),(315,'Uber reimbursment from Vilde Freire',NULL,1),(316,'Money reimbursment from BNP Bank',NULL,1),(317,'Child’s allowance',NULL,1),(318,'Pet food',NULL,1),(319,'Food',NULL,1),(320,'Food',NULL,1),(321,'Food',NULL,1),(322,'Food',NULL,1),(323,'Food',72,1),(324,'Food',NULL,1),(325,'Parking',92,1),(326,'Parking',92,1),(327,'Food',10,1),(328,'Savings Deposit :: Surplus from the previous month for savings',NULL,1),(329,'Items for home',19,1),(330,'Food',68,1),(331,'Unindentified expense',NULL,1),(332,'Tech items',6,1),(333,'IRPF Restitution Tax',NULL,1),(334,'Unindentified expense',NULL,1),(335,'Refund',NULL,1),(336,'Food',NULL,1),(337,'Unindentified expense',NULL,1),(338,'Saldo Anterior',NULL,1),(339,'Uniodonto insurance',62,1),(340,'Fuel',90,1),(341,'Smartphone credit',76,1),(342,'Água Mineral',32,1),(343,'Unimed Insurance',33,1),(344,'Alimentação',3,1),(345,'Condomínio',5,1),(346,'Energy Services',34,1),(347,'Fuel',60,1),(348,'Água Mineral',32,1),(349,'Smartphone credit',36,1),(350,'Internet residencial',35,1),(351,'Medicines',48,1),(352,'Haircut',91,1),(353,'Serviços de streaming',37,1),(354,'Fuel',90,1),(355,'Água Mineral',32,1),(356,'Uniodonto insurance',62,1),(357,'Água Mineral',32,1),(358,'Fuel',90,1),(359,'Alimentação',9,1),(360,'Supermercado',13,1),(361,'Alimentação',3,1),(362,'Salary Cast :: Advance',NULL,1),(363,'Salary Cast :: Supplement',NULL,1),(364,'Payment invoice :: Itaucard',83,1),(365,'Payment invoice :: C6 Card',84,1),(366,'Food',96,1),(367,'Food',96,1),(368,'Food',96,1),(369,'Food',96,1),(370,'Food',95,1),(371,'Food',100,1),(372,'Food',97,1),(373,'Food',97,1),(374,'Food',93,1),(375,'Food',94,1),(376,'Fuel',87,1),(377,'Food',99,1),(378,'Food',98,1),(379,'Food',80,1),(380,'Food',101,1),(381,'Food',102,1),(382,'Parking',NULL,1),(383,'Wife\'s birthday gift',74,1),(384,'Food',NULL,1),(385,'Unidentified expense',NULL,1),(386,'Savings Deposit :: IRPF Restitution Tax',NULL,1),(387,'Pet expense',NULL,1),(388,'Food',102,1),(389,'Pet expense',27,1),(390,'Udemy course',89,1),(391,'Agape\'s teacher gift ',NULL,1),(392,'Unidentified expense',NULL,1),(393,'Food',104,1),(394,'Food',104,1),(395,'Service package fee, for the period 26/08/2024',NULL,1),(396,'Savings Deposit :: Surplus from the previous month for savings',NULL,1),(397,'Clothing and accessories',66,1),(398,'Clothing and accessories',103,1),(399,'Unidentified expense',18,1),(400,'Unidentified expense',NULL,1),(401,'Unidentified expense',NULL,1),(402,'School activity :: Rio Mar Theater',85,1),(403,'Lottery',105,1),(404,'Unidentified expense',NULL,1),(405,'Food',NULL,1),(406,'Unidentified expense',14,1),(407,'Unidentified expense',NULL,1),(408,'Loan incoming :: Peugeot 208 Style',NULL,1),(409,'Loan incoming :: Peugeot 208 Style',NULL,1),(410,'Savings Deposit :: Mother\'s loan',NULL,1),(411,'Savings withdrawal :: Peugeot 208 Style',NULL,1),(412,'Peugeot 208 Style',106,1),(413,'Peugeot 208 Style',NULL,1),(414,'Wife\'s birthday cake',NULL,1),(415,'Supermarket',13,1),(416,'Fuel',60,1),(417,'Food',9,1),(418,'Cooking gas',63,1),(419,'Mineral Water',32,1),(420,'Smartphone credit',76,1),(421,'Unimed Insurance',33,1),(422,'Fuel',90,1),(423,'Condomínio',5,1),(424,'Energy Services',34,1),(425,'Mineral Water',32,1),(426,'Internet residencial',35,1),(427,'Smartphone credit',36,1),(428,'Food',3,1),(429,'Fuel',90,1),(430,'Streaming Services',37,1),(431,'Mineral Water',32,1),(432,'Medicines',30,1),(433,'Mineral Water',32,1),(434,'Food',96,1),(435,'Food',3,1),(436,'Food',3,1),(437,'Supermarket',13,1),(438,'Food',9,1),(439,'Previous balance',NULL,1),(440,'Salary Cast :: Advance',NULL,1),(441,'Salary Cast :: Supplement',NULL,1),(442,'Pet expense',NULL,1),(443,'Savings Deposit :: Surplus from the previous month for savings',NULL,1),(444,'Food',80,1),(445,'Payment invoice :: C6 Card',84,1),(446,'Payment invoice :: Itaucard',83,1),(447,'Food',80,1),(448,'Supermarket',24,1),(449,'Food',107,1),(450,'Food',68,1),(451,'Food',68,1),(452,'Fuel',87,1),(453,'Service package fee, for the period 25/09/2024',82,1),(454,'Food',80,1),(455,'Food',108,1),(456,'Food',28,1),(457,'Food',109,1),(458,'Food',NULL,1),(459,'Cosmetics',NULL,1),(460,'Snow foam spray car washer',54,1),(461,'Food',NULL,1),(462,'Food',NULL,1),(463,'Anti-risk flannel automotive microfiber cloth',4,1),(464,'Food',80,1),(465,'Food',NULL,1),(466,'Clothes',65,1),(467,'Cosmetics',NULL,1),(468,'Unidentified expense',NULL,1),(469,'Savings withdrawal :: Salary supplement',NULL,1),(470,'Savings withdrawal :: Salary supplement',NULL,1),(471,'Savings withdrawal :: Salary supplement',NULL,1),(472,'Unidentified expense',NULL,1),(473,'Unidentified expense',NULL,1),(474,'Unidentified expense',NULL,1),(475,'Loan incoming :: Mother\'s loan: R$ 10.000,00',NULL,1),(476,'Savings Deposit :: Mother\'s loan: R$ 10.000,00',NULL,1),(477,'Child’s allowance',NULL,1),(478,'Unindentified expense',NULL,1),(479,'Unindentified expense',NULL,1),(480,'Fuel',60,1),(481,'Mineral Water',32,1),(482,'Uniodonto insurance',62,1),(483,'Unimed Insurance',33,1),(484,'Uniodonto insurance',62,1),(485,'Smartphone credit',76,1),(486,'Food',3,1),(487,'Condomínio',5,1),(488,'Food',9,1),(489,'Mineral Water',32,1),(490,'Energy Services',34,1),(491,'Internet residencial',35,1),(492,'Smartphone credit',36,1),(493,'Medinines',23,1),(494,'Mineral Water',32,1),(495,'Streaming Services',37,1),(496,'Food',3,1),(497,'Supermarket',13,1),(498,'Fuel',60,1),(499,'Food',51,1),(500,'Supermarket',13,1),(501,'Mineral Water',32,1),(502,'Medicines',48,1),(503,'Food',108,1),(504,'Food',96,1),(505,'Fuel',60,1),(506,'Supermarket',13,1),(507,'Haircut',91,1),(508,'Food',3,1),(509,'Food',96,1),(510,'Supermarket',13,1),(511,'Medicines',30,1),(512,'Food',96,1),(513,'Food',3,1),(514,'Mineral Water',32,1),(515,'Previous balance',NULL,1),(516,'Salary Cast :: Advance',NULL,1),(517,'Loan incoming :: Office 365 subscription',NULL,1),(518,'Salary Cast :: Supplement',NULL,1),(519,'Food',80,1),(520,'Payment invoice :: C6 Card',84,1),(521,'Pet expense',NULL,1),(522,'Payment invoice :: Itaucard',83,1),(523,'Food',NULL,1),(524,'Food',80,1),(525,'Food',80,1),(526,'Food',80,1),(527,'Food',80,1),(528,'Child’s allowance',NULL,1),(529,'Food',110,1),(530,'Food',112,1),(531,'Food',113,1),(532,'Clothing and accessories',65,1),(533,'Clothing and accessories',114,1),(534,'Food',68,1),(535,'Food',68,1),(536,'Clothing',64,1),(537,'Unidentified expense',86,1),(538,'Food',NULL,1),(539,'Empréstimo para compra do Peugeot 208',NULL,1),(540,'Despesa não identificada',NULL,1),(541,'Controle de acesso de veículo',115,1),(542,'Despesa não identificada',NULL,1),(543,'Alimentação',NULL,1),(544,'Supermercado',116,1),(545,'Alimentação',8,1),(546,'Supermercado',2,1),(547,'Alimentação',68,1),(548,'Gravação de nome em garrafa témica',NULL,1),(549,'Conchonete Oxer',117,1),(550,'Despesa não identificada',NULL,1),(551,'Despesa não identificada',NULL,1),(552,'Aplicação na poupança de empréstimo para compra do Peugeot 208',NULL,1),(553,'Recebimento para pagamento do seguro do Peugeot 208',NULL,1),(554,'Compras diversas',4,1),(555,'Cabo USB vermelho',NULL,1),(556,'Alimentação',15,1),(557,'Despesa não identificada',NULL,1),(558,'Alimentação',NULL,1),(559,'Recebimento não identificado',NULL,1),(560,'Tarifa Pacote de Serviços, cobrança referente 25/10/2024',82,1),(561,'Complementação de salário',NULL,1),(562,'Mesada de dependente',NULL,1),(563,'Supermercado',13,1),(564,'Condomínio',5,1),(565,'Plano de saúde Unimed',33,1),(566,'Alimentação',96,1),(567,'Recarga de celular',76,1),(568,'Água mineral',32,1),(569,'Medicamentos',23,1),(570,'Energia elétrica',34,1),(571,'Internet residencial',35,1),(572,'Recarga de celular',36,1),(573,'Medicamentos',48,1),(574,'Água mineral',32,1),(575,'Serviço de streaming',37,1),(576,'Combustível',60,1),(577,'Medicamentos',23,1),(578,'Alimentação',108,1),(579,'Medicamentos',48,1),(580,'Alimentação',3,1),(581,'Alimentação',80,1),(582,'Alimentação',80,1),(583,'Alimentação',51,1),(584,'Alimentação',80,1),(585,'Alimentação',3,1),(586,'Água mineral',32,1),(587,'Plano odontológico Uniodonto',62,1),(588,'Saldo do mês anterior',NULL,1),(589,'Salário Cast :: Adiantamento',NULL,1),(590,'Salário Cast :: Complemento',NULL,1),(591,'Alimentação',68,1),(592,'Medicamentos',47,1),(593,'Pagamento de fatura :: Itaucard',83,1),(594,'Pagamentode fatura :: C6 Card',84,1),(595,'Alimentação',68,1),(596,'Estacionamento',16,1),(597,'Trilha 7 anos Bike na Veia',7,1),(598,'Alimentação',118,1),(599,'Alimentação',119,1),(600,'Exame odontológico',120,1),(601,'Decoração de natal',19,1),(602,'Utensílios de uso doméstico',20,1),(603,'Despesa não identificada',NULL,1),(604,'Utensílios de uso doméstico',121,1),(605,'Roupas',65,1),(606,'Itens de decoração para o lar',122,1),(607,'Material escolar',86,1),(608,'Despesa não identificada',NULL,1),(609,'Despesa não identificada',NULL,1),(610,'Retirada da poupança :: Matrícula Colégio Ágape',NULL,1),(611,'Matrícula Colégio Ágape 2025',85,1),(612,'Despesa não identificada',NULL,1),(613,'Pagamento de taxa de importação do AliExpress',NULL,1),(614,'Despesa não identificada',NULL,1);
/*!40000 ALTER TABLE `obj_objective` ENABLE KEYS */;
UNLOCK TABLES;

--
-- Table structure for table `obm_objective_movement`
--

DROP TABLE IF EXISTS `obm_objective_movement`;
/*!40101 SET @saved_cs_client     = @@character_set_client */;
/*!50503 SET character_set_client = utf8mb4 */;
CREATE TABLE `obm_objective_movement` (
  `obm_identity` int NOT NULL AUTO_INCREMENT,
  `obm_registration_date` datetime NOT NULL,
  `obm_due_date` datetime NOT NULL,
  `obm_payment_date` datetime DEFAULT NULL,
  `obm_value` decimal(10,2) NOT NULL,
  `obm_installment` int NOT NULL,
  `obj_identity` int NOT NULL,
  `pam_identity` int NOT NULL,
  `acc_identity_source` int NOT NULL,
  `usr_identity` int NOT NULL,
  PRIMARY KEY (`obm_identity`),
  UNIQUE KEY `un_obm_objective_movement` (`obj_identity`,`obm_installment`),
  KEY `fk_pam_payment_method_obm` (`pam_identity`),
  KEY `fk_acc_account_source_obm` (`acc_identity_source`),
  CONSTRAINT `fk_acc_account_source_obm` FOREIGN KEY (`acc_identity_source`) REFERENCES `acc_account` (`acc_identity`),
  CONSTRAINT `fk_obj_objective_obm` FOREIGN KEY (`obj_identity`) REFERENCES `obj_objective` (`obj_identity`),
  CONSTRAINT `fk_pam_payment_method_obm` FOREIGN KEY (`pam_identity`) REFERENCES `pam_payment_method` (`pam_identity`)
) ENGINE=InnoDB AUTO_INCREMENT=615 DEFAULT CHARSET=utf8mb4 COLLATE=utf8mb4_0900_ai_ci;
/*!40101 SET character_set_client = @saved_cs_client */;

--
-- Dumping data for table `obm_objective_movement`
--

LOCK TABLES `obm_objective_movement` WRITE;
/*!40000 ALTER TABLE `obm_objective_movement` DISABLE KEYS */;
INSERT INTO `obm_objective_movement` VALUES (67,'2024-06-08 15:23:46','2024-05-01 12:00:00','2024-05-01 12:00:00',563.12,1,67,2,5,1),(68,'2024-06-08 15:23:46','2024-05-06 12:00:00','2024-05-06 12:00:00',17.90,1,68,2,5,1),(69,'2024-06-08 15:23:46','2024-05-06 12:00:00','2024-05-06 12:00:00',13.50,1,69,2,5,1),(70,'2024-06-08 15:23:46','2024-05-09 12:00:00','2024-05-09 12:00:00',17.08,1,70,2,5,1),(71,'2024-06-08 15:23:46','2024-05-10 12:00:00','2024-05-10 12:00:00',459.00,1,71,2,5,1),(72,'2024-06-08 15:23:46','2024-05-10 12:00:00','2024-05-10 12:00:00',289.39,1,72,2,5,1),(73,'2024-06-08 15:23:46','2024-05-13 12:00:00','2024-05-13 12:00:00',13.50,1,73,2,5,1),(74,'2024-06-08 15:23:46','2024-05-13 12:00:00','2024-05-13 12:00:00',114.80,1,74,2,5,1),(75,'2024-06-08 15:23:46','2024-05-17 12:00:00','2024-05-17 12:00:00',39.90,1,75,2,5,1),(76,'2024-06-08 15:23:46','2024-05-17 12:00:00','2024-05-17 12:00:00',8.81,1,76,2,5,1),(77,'2024-06-08 15:23:46','2024-05-17 12:00:00','2024-05-17 12:00:00',13.50,1,77,2,5,1),(78,'2024-06-08 15:23:46','2024-05-20 12:00:00','2024-05-20 12:00:00',16.99,1,78,2,5,1),(79,'2024-06-08 15:23:47','2024-05-20 12:00:00','2024-05-20 12:00:00',24.74,1,79,2,5,1),(80,'2024-06-08 15:23:47','2024-05-20 12:00:00','2024-05-20 12:00:00',5.32,1,80,2,5,1),(81,'2024-06-08 15:23:47','2024-05-20 12:00:00','2024-05-20 12:00:00',18.41,1,81,2,5,1),(82,'2024-06-08 15:23:47','2024-05-20 12:00:00','2024-05-20 12:00:00',47.62,1,82,2,5,1),(83,'2024-06-08 15:23:47','2024-05-22 12:00:00','2024-05-22 12:00:00',31.21,1,83,2,5,1),(84,'2024-06-08 15:23:47','2024-05-23 12:00:00','2024-05-23 12:00:00',32.00,1,84,2,5,1),(85,'2024-06-08 15:23:47','2024-05-23 12:00:00','2024-05-23 12:00:00',13.50,1,85,2,5,1),(86,'2024-06-08 15:23:47','2024-05-24 12:00:00','2024-05-24 12:00:00',37.99,1,86,2,5,1),(87,'2024-06-08 15:23:47','2024-05-24 12:00:00','2024-05-24 12:00:00',26.00,1,87,2,5,1),(88,'2024-06-08 15:23:47','2024-05-24 12:00:00','2024-05-24 12:00:00',34.33,1,88,2,5,1),(89,'2024-06-08 15:23:47','2024-05-27 12:00:00','2024-05-27 12:00:00',113.27,1,89,2,5,1),(90,'2024-06-08 15:23:47','2024-05-27 12:00:00','2024-05-27 12:00:00',41.30,1,90,2,5,1),(91,'2024-06-08 15:23:47','2024-05-28 12:00:00','2024-05-28 12:00:00',86.73,1,91,2,5,1),(92,'2024-06-25 00:47:58','2024-05-02 12:00:00','2024-05-02 12:00:00',2000.00,1,92,5,9,1),(93,'2024-06-25 00:50:15','2024-05-08 12:00:00','2024-05-08 12:00:00',4035.61,1,93,5,9,1),(94,'2024-06-25 00:52:59','2024-05-10 12:00:00','2024-05-10 12:00:00',100.00,1,94,2,5,1),(95,'2024-06-25 00:54:08','2024-05-20 12:00:00','2024-05-20 12:00:00',100.00,1,95,2,5,1),(96,'2024-06-25 01:00:25','2024-05-20 12:00:00','2024-05-20 12:00:00',42.54,1,96,2,5,1),(97,'2024-06-25 18:22:32','2024-05-06 12:00:00','2024-05-06 12:00:00',910.14,1,97,2,5,1),(98,'2024-06-25 18:23:01','2024-05-06 12:00:00','2024-05-06 12:00:00',49.68,1,98,2,5,1),(99,'2024-06-25 18:31:06','2024-05-20 12:00:00','2024-05-20 12:00:00',100.00,1,99,2,5,1),(100,'2024-06-25 18:37:34','2024-05-13 12:00:00','2024-05-13 12:00:00',125.98,1,100,2,5,1),(101,'2024-06-25 18:45:24','2024-05-27 12:00:00','2024-05-27 12:00:00',80.00,1,101,2,5,1),(102,'2024-06-25 19:31:35','2024-05-02 12:00:00','2024-05-02 12:00:00',563.12,1,102,5,5,1),(103,'2024-06-25 19:43:14','2024-05-02 12:00:00','2024-05-02 12:00:00',20.00,1,103,6,5,1),(104,'2024-06-25 19:50:25','2024-05-06 12:00:00','2024-05-06 12:00:00',31.00,1,104,6,5,1),(105,'2024-06-25 19:58:26','2024-05-23 12:00:00','2024-05-23 12:00:00',30.00,1,105,6,5,1),(106,'2024-06-25 20:01:22','2024-05-27 12:00:00','2024-05-27 12:00:00',30.00,1,106,6,5,1),(107,'2024-06-25 20:06:21','2024-05-07 12:00:00','2024-05-07 12:00:00',259.59,1,107,2,5,1),(108,'2024-07-01 21:47:50','2024-05-20 12:00:00','2024-05-20 12:00:00',12.00,1,108,2,5,1),(109,'2024-07-01 21:50:39','2024-05-27 12:00:00','2024-05-27 12:00:00',47.27,1,109,2,5,1),(110,'2024-07-10 17:31:01','2024-05-13 12:00:00','2024-05-13 12:00:00',1237.52,1,110,2,5,1),(111,'2024-07-10 17:32:19','2024-05-13 12:00:00','2024-05-13 12:00:00',75.00,1,111,2,5,1),(112,'2024-07-10 17:32:49','2024-05-22 12:00:00','2024-05-22 12:00:00',35.00,1,112,2,5,1),(113,'2024-07-10 22:10:18','2024-05-13 12:00:00','2024-05-13 12:00:00',71.41,1,113,2,5,1),(114,'2024-07-10 22:11:55','2024-05-03 12:00:00','2024-05-03 12:00:00',30.00,1,114,2,5,1),(115,'2024-07-10 22:13:09','2024-05-06 12:00:00','2024-05-06 12:00:00',5.80,1,115,2,5,1),(116,'2024-07-10 22:14:26','2024-05-09 12:00:00','2024-05-09 12:00:00',310.00,1,116,6,5,1),(117,'2024-07-10 22:15:55','2024-05-13 12:00:00','2024-05-13 12:00:00',70.76,1,117,2,5,1),(118,'2024-07-10 22:16:54','2024-05-27 12:00:00','2024-05-27 12:00:00',100.94,1,118,2,5,1),(119,'2024-07-10 22:18:46','2024-05-20 12:00:00','2024-05-20 12:00:00',15.00,1,119,2,5,1),(120,'2024-07-13 13:39:18','2024-05-08 12:00:00','2024-05-08 12:00:00',119.04,1,120,6,5,1),(121,'2024-07-13 13:41:23','2024-05-10 12:00:00','2024-05-10 12:00:00',564.80,1,121,6,5,1),(124,'2024-07-13 13:45:32','2024-05-20 12:00:00','2024-05-20 12:00:00',66.97,1,124,6,5,1),(125,'2024-07-13 13:46:44','2024-05-27 12:00:00','2024-05-27 12:00:00',14.20,1,125,2,5,1),(126,'2024-07-13 13:47:37','2024-05-31 12:00:00','2024-05-31 12:00:00',7.00,1,126,2,5,1),(127,'2024-07-13 13:48:05','2024-05-20 12:00:00','2024-05-20 12:00:00',15.00,1,127,6,5,1),(128,'2024-07-13 13:49:25','2024-05-20 12:00:00','2024-05-20 12:00:00',48.60,1,128,2,5,1),(129,'2024-07-13 13:51:33','2024-05-06 12:00:00','2024-05-06 12:00:00',6.00,1,129,6,63,1),(130,'2024-07-13 13:52:22','2024-05-13 12:00:00','2024-05-13 12:00:00',258.00,1,130,5,7,1),(131,'2024-07-13 14:07:58','2024-06-01 12:00:00','2024-06-01 12:00:00',57.58,1,131,2,5,1),(132,'2024-07-13 14:07:58','2024-06-03 12:00:00','2024-06-03 12:00:00',100.00,1,132,2,5,1),(133,'2024-07-13 14:07:58','2024-06-03 12:00:00','2024-06-03 12:00:00',13.50,1,133,2,5,1),(134,'2024-07-13 14:07:58','2024-06-04 12:00:00','2024-06-04 12:00:00',2.32,1,134,2,5,1),(135,'2024-07-13 14:07:58','2024-06-04 12:00:00','2024-06-04 12:00:00',39.70,1,135,2,5,1),(136,'2024-07-13 14:07:58','2024-06-04 12:00:00','2024-06-04 12:00:00',101.72,1,136,2,5,1),(137,'2024-07-13 14:07:58','2024-06-07 12:00:00','2024-06-07 12:00:00',1034.10,1,137,2,5,1),(138,'2024-07-13 14:07:58','2024-06-07 12:00:00','2024-06-07 12:00:00',459.00,1,138,2,5,1),(139,'2024-07-13 14:07:58','2024-06-07 12:00:00','2024-06-07 12:00:00',306.94,1,139,2,5,1),(140,'2024-07-13 14:07:58','2024-06-10 12:00:00','2024-06-10 12:00:00',13.50,1,140,2,5,1),(141,'2024-07-13 14:07:59','2024-06-11 12:00:00','2024-06-11 12:00:00',114.80,1,141,2,5,1),(142,'2024-07-13 14:07:59','2024-06-12 12:00:00','2024-06-12 12:00:00',31.88,1,142,2,5,1),(143,'2024-07-13 14:07:59','2024-06-13 12:00:00','2024-06-13 12:00:00',2.46,1,143,2,5,1),(144,'2024-07-13 14:07:59','2024-06-14 12:00:00','2024-06-14 12:00:00',15.98,1,144,2,5,1),(145,'2024-07-13 14:07:59','2024-06-17 12:00:00','2024-06-17 12:00:00',11.98,1,145,2,5,1),(146,'2024-07-13 14:07:59','2024-06-17 12:00:00','2024-06-17 12:00:00',5.69,1,146,2,5,1),(147,'2024-07-13 14:07:59','2024-06-17 12:00:00','2024-06-17 12:00:00',31.00,1,147,2,5,1),(148,'2024-07-13 14:07:59','2024-06-17 12:00:00','2024-06-17 12:00:00',39.90,1,148,2,5,1),(149,'2024-07-13 14:07:59','2024-06-18 12:00:00','2024-06-18 12:00:00',100.00,1,149,2,5,1),(150,'2024-07-13 14:07:59','2024-06-18 12:00:00','2024-06-18 12:00:00',13.50,1,150,2,5,1),(151,'2024-07-13 14:07:59','2024-06-18 12:00:00','2024-06-18 12:00:00',48.60,1,151,2,5,1),(152,'2024-07-13 14:08:00','2024-06-24 12:00:00','2024-06-24 12:00:00',48.66,1,152,2,5,1),(153,'2024-07-13 14:08:00','2024-06-24 12:00:00','2024-06-24 12:00:00',10.72,1,153,2,5,1),(154,'2024-07-13 14:08:00','2024-06-24 12:00:00','2024-06-24 12:00:00',5.99,1,154,2,5,1),(155,'2024-07-13 14:08:00','2024-06-24 12:00:00','2024-06-24 12:00:00',18.55,1,155,2,5,1),(156,'2024-07-13 14:08:00','2024-06-26 12:00:00','2024-06-26 12:00:00',13.50,1,156,2,5,1),(157,'2024-07-13 14:08:00','2024-06-28 12:00:00','2024-06-28 12:00:00',14.38,1,157,2,5,1),(158,'2024-07-13 14:08:00','2024-06-28 12:00:00','2024-06-28 12:00:00',45.03,1,158,2,5,1),(159,'2024-07-13 14:17:16','2024-06-17 12:00:00','2024-06-17 12:00:00',33.55,1,159,2,5,1),(160,'2024-07-13 14:17:43','2024-06-24 12:00:00','2024-06-24 12:00:00',9.46,1,160,2,5,1),(161,'2024-07-13 14:19:14','2024-06-27 12:00:00','2024-06-27 12:00:00',80.00,1,161,2,5,1),(162,'2024-07-16 19:33:45','2024-06-03 12:00:00','2024-06-03 12:00:00',2000.00,1,162,5,9,1),(163,'2024-07-16 19:34:09','2024-06-07 12:00:00','2024-06-07 12:00:00',3990.92,1,163,5,9,1),(164,'2024-07-16 19:36:11','2024-06-03 12:00:00','2024-06-03 12:00:00',57.58,1,164,5,5,1),(165,'2024-07-16 19:38:15','2024-06-17 12:00:00','2024-06-17 12:00:00',78.90,1,165,6,5,1),(166,'2024-07-16 19:39:07','2024-06-19 12:00:00','2024-06-19 12:00:00',10.00,1,166,2,5,1),(167,'2024-07-16 19:42:50','2024-06-26 12:00:00','2024-06-26 12:00:00',14.45,1,167,2,5,1),(168,'2024-07-16 19:45:29','2024-06-27 12:00:00','2024-06-27 12:00:00',58.94,1,168,2,5,1),(169,'2024-07-16 20:05:16','2024-06-19 12:00:00','2024-06-19 12:00:00',13.00,1,169,2,5,1),(170,'2024-07-16 20:09:34','2024-06-03 12:00:00','2024-06-03 12:00:00',30.00,1,170,2,5,1),(171,'2024-07-16 20:11:29','2024-06-12 12:00:00','2024-06-12 12:00:00',66.41,1,171,2,5,1),(172,'2024-07-19 01:34:38','2024-06-05 12:00:00','2024-06-05 12:00:00',83.80,1,172,2,5,1),(173,'2024-07-19 01:35:38','2024-06-13 12:00:00','2024-06-13 12:00:00',80.00,1,173,2,5,1),(174,'2024-07-19 01:36:48','2024-06-17 12:00:00','2024-06-17 12:00:00',25.00,1,174,2,5,1),(175,'2024-07-27 14:22:39','2024-06-07 12:00:00','2024-06-07 12:00:00',564.80,1,175,6,5,1),(176,'2024-07-27 14:23:42','2024-06-07 12:00:00','2024-06-07 12:00:00',259.56,1,176,6,5,1),(177,'2024-07-27 14:31:28','2024-06-13 12:00:00','2024-06-13 12:00:00',75.00,1,177,6,5,1),(178,'2024-07-27 14:34:50','2024-06-14 12:00:00','2024-06-14 12:00:00',952.34,1,178,2,5,1),(179,'2024-07-27 14:35:38','2024-06-14 12:00:00','2024-06-14 12:00:00',445.12,1,179,2,5,1),(180,'2024-07-27 14:37:06','2024-06-25 12:00:00','2024-06-25 12:00:00',14.20,1,180,2,5,1),(181,'2024-07-27 18:18:46','2024-06-10 12:00:00','2024-06-10 12:00:00',15.00,1,181,2,5,1),(182,'2024-07-27 18:19:37','2024-06-10 12:00:00','2024-06-10 12:00:00',6.00,1,182,2,5,1),(183,'2024-07-27 18:19:52','2024-06-10 12:00:00','2024-06-10 12:00:00',3.00,1,183,2,5,1),(184,'2024-07-27 18:22:39','2024-06-26 12:00:00','2024-06-26 12:00:00',8.50,1,184,2,5,1),(185,'2024-07-27 18:23:56','2024-06-28 12:00:00','2024-06-28 12:00:00',30.00,1,185,6,5,1),(186,'2024-07-27 18:44:02','2024-06-24 12:00:00','2024-06-24 12:00:00',60.00,1,186,2,5,1),(187,'2024-07-27 18:44:45','2024-06-24 12:00:00','2024-06-24 12:00:00',30.00,1,187,6,5,1),(188,'2024-07-27 18:45:06','2024-06-27 12:00:00','2024-06-27 12:00:00',58.60,1,188,2,5,1),(189,'2024-07-28 16:02:46','2024-06-12 12:00:00','2024-06-12 12:00:00',9.50,1,189,2,5,1),(191,'2024-07-28 16:23:21','2024-06-24 12:00:00','2024-06-24 12:00:00',104.61,1,191,2,5,1),(192,'2024-07-28 16:27:30','2024-06-19 12:00:00','2024-06-19 12:00:00',10.00,1,192,2,5,1),(193,'2024-07-28 16:30:07','2024-06-24 12:00:00','2024-06-24 12:00:00',7.00,1,193,2,5,1),(195,'2024-07-28 16:40:44','2024-06-18 03:00:00','2024-06-18 03:00:00',24.00,1,195,6,63,1),(196,'2024-07-30 23:06:05','2024-04-01 12:00:00','2024-04-01 12:00:00',246.58,1,196,2,5,1),(197,'2024-07-30 23:06:05','2024-04-01 12:00:00','2024-04-01 12:00:00',24.00,1,197,2,5,1),(198,'2024-07-30 23:06:05','2024-04-01 12:00:00','2024-04-01 12:00:00',107.00,1,198,2,5,1),(199,'2024-07-30 23:06:05','2024-04-01 12:00:00','2024-04-01 12:00:00',31.53,1,199,2,5,1),(200,'2024-07-30 23:06:05','2024-04-01 12:00:00','2024-04-01 12:00:00',30.00,1,200,2,5,1),(201,'2024-07-30 23:06:05','2024-04-02 12:00:00','2024-04-02 12:00:00',459.00,1,201,2,5,1),(202,'2024-07-30 23:06:06','2024-04-03 12:00:00','2024-04-03 12:00:00',13.50,1,202,2,5,1),(203,'2024-07-30 23:06:06','2024-04-05 12:00:00','2024-04-05 12:00:00',963.97,1,203,2,5,1),(204,'2024-07-30 23:06:06','2024-04-10 12:00:00','2024-04-10 12:00:00',13.50,1,204,2,5,1),(205,'2024-07-30 23:06:06','2024-04-10 12:00:00','2024-04-10 12:00:00',235.17,1,205,2,5,1),(206,'2024-07-30 23:06:06','2024-04-11 12:00:00','2024-04-11 12:00:00',114.80,1,206,2,5,1),(207,'2024-07-30 23:06:06','2024-04-12 12:00:00','2024-04-12 12:00:00',71.41,1,207,2,5,1),(208,'2024-07-30 23:06:06','2024-04-16 12:00:00','2024-04-16 12:00:00',13.50,1,208,2,5,1),(209,'2024-07-30 23:06:06','2024-04-17 12:00:00','2024-04-17 12:00:00',39.90,1,209,2,5,1),(210,'2024-07-30 23:06:07','2024-04-18 12:00:00','2024-04-18 12:00:00',106.51,1,210,2,5,1),(211,'2024-07-30 23:06:07','2024-04-19 12:00:00','2024-04-19 12:00:00',27.80,1,211,2,5,1),(212,'2024-07-30 23:06:07','2024-04-22 12:00:00','2024-04-22 12:00:00',26.41,1,212,2,5,1),(213,'2024-07-30 23:06:07','2024-04-23 12:00:00','2024-04-23 12:00:00',98.93,1,213,2,5,1),(214,'2024-07-30 23:06:07','2024-04-23 12:00:00','2024-04-23 12:00:00',13.50,1,214,2,5,1),(215,'2024-07-30 23:06:07','2024-04-24 12:00:00','2024-04-24 12:00:00',19.29,1,215,2,5,1),(216,'2024-07-30 23:06:07','2024-04-24 12:00:00','2024-04-24 12:00:00',49.44,1,216,2,5,1),(217,'2024-07-30 23:06:07','2024-04-25 12:00:00','2024-04-25 12:00:00',66.00,1,217,2,5,1),(218,'2024-07-30 23:06:07','2024-04-26 12:00:00','2024-04-26 12:00:00',18.50,1,218,2,5,1),(219,'2024-07-30 23:06:07','2024-04-26 12:00:00','2024-04-26 12:00:00',18.80,1,219,2,5,1),(220,'2024-07-30 23:06:08','2024-04-29 12:00:00','2024-04-29 12:00:00',70.48,1,220,2,5,1),(221,'2024-07-30 23:06:08','2024-04-29 12:00:00','2024-04-29 12:00:00',53.59,1,221,2,5,1),(222,'2024-07-30 23:06:08','2024-04-29 12:00:00','2024-04-29 12:00:00',5.00,1,222,2,5,1),(223,'2024-07-30 23:06:08','2024-04-29 12:00:00','2024-04-29 12:00:00',46.78,1,223,2,5,1),(224,'2024-07-30 23:06:08','2024-04-29 12:00:00','2024-04-29 12:00:00',13.50,1,224,2,5,1),(225,'2024-07-30 23:06:08','2024-04-30 12:00:00','2024-04-30 12:00:00',32.80,1,225,2,5,1),(226,'2024-07-30 23:06:08','2024-04-30 12:00:00','2024-04-30 12:00:00',56.38,1,226,2,5,1),(227,'2024-07-30 23:10:08','2024-04-01 12:00:00','2024-04-01 12:00:00',2000.00,1,227,5,9,1),(228,'2024-07-30 23:11:04','2024-04-08 12:00:00','2024-04-08 12:00:00',4035.61,1,228,6,9,1),(229,'2024-07-30 23:13:32','2024-04-08 12:00:00','2024-04-08 12:00:00',259.59,1,229,6,5,1),(230,'2024-07-30 23:15:32','2024-04-29 12:00:00','2024-04-29 12:00:00',59.62,1,230,2,5,1),(231,'2024-07-31 15:40:44','2024-04-01 12:00:00','2024-04-01 12:00:00',40.15,1,231,5,5,1),(232,'2024-07-31 15:46:47','2024-04-10 12:00:00','2024-04-10 12:00:00',921.09,1,232,2,5,1),(233,'2024-07-31 15:49:05','2024-04-18 12:00:00','2024-04-18 12:00:00',8000.00,1,233,6,63,1),(234,'2024-07-31 15:51:29','2024-04-18 12:00:00','2024-04-18 12:00:00',25.99,1,234,2,5,1),(235,'2024-07-31 15:52:11','2024-04-24 12:00:00','2024-04-24 12:00:00',47.98,1,235,2,5,1),(236,'2024-07-31 15:54:29','2024-04-24 12:00:00','2024-04-24 12:00:00',35.00,1,236,2,5,1),(237,'2024-07-31 15:59:35','2024-04-25 12:00:00','2024-04-25 12:00:00',100.00,1,237,2,5,1),(238,'2024-07-31 16:00:48','2024-04-29 12:00:00','2024-04-29 12:00:00',21.00,1,238,6,5,1),(239,'2024-07-31 16:01:05','2024-04-29 12:00:00','2024-04-29 12:00:00',21.00,1,239,6,5,1),(240,'2024-08-03 00:38:51','2024-04-01 12:00:00','2024-04-01 12:00:00',10.00,1,240,2,5,1),(241,'2024-08-03 00:43:59','2024-04-04 12:00:00','2024-04-04 12:00:00',120.64,1,241,6,5,1),(242,'2024-08-03 00:50:10','2024-04-08 12:00:00','2024-04-08 12:00:00',564.80,1,242,5,5,1),(243,'2024-08-03 00:52:50','2024-04-01 12:00:00','2024-04-01 12:00:00',4.00,1,243,2,5,1),(244,'2024-08-03 00:59:32','2024-04-08 12:00:00','2024-04-08 12:00:00',87.90,1,244,6,5,1),(245,'2024-08-03 01:02:18','2024-04-16 12:00:00','2024-04-16 12:00:00',30.00,1,245,6,5,1),(246,'2024-08-03 01:02:42','2024-04-16 12:00:00','2024-04-16 12:00:00',670.00,1,246,6,5,1),(247,'2024-08-03 01:04:41','2024-04-16 12:00:00','2024-04-16 12:00:00',700.00,1,247,5,7,1),(248,'2024-08-03 20:15:16','2024-04-22 12:00:00','2024-04-22 12:00:00',69.80,1,248,2,5,1),(249,'2024-08-07 22:08:01','2024-04-22 12:00:00','2024-04-22 12:00:00',8000.00,1,249,5,5,1),(250,'2024-08-07 22:08:40','2024-04-22 12:00:00','2024-04-22 12:00:00',152.51,1,250,2,5,1),(251,'2024-08-08 00:39:02','2024-04-01 12:00:00','2024-04-01 12:00:00',29.90,1,251,6,5,1),(252,'2024-08-08 00:42:28','2024-04-22 12:00:00','2024-04-22 12:00:00',124.50,1,252,2,5,1),(253,'2024-08-08 00:44:12','2024-04-22 12:00:00','2024-04-22 12:00:00',23.00,1,253,6,5,1),(254,'2024-08-08 00:45:31','2024-04-25 12:00:00','2024-04-25 12:00:00',14.20,1,254,2,5,1),(255,'2024-08-08 00:50:41','2024-04-30 12:00:00','2024-04-30 12:00:00',152.51,1,255,5,7,1),(256,'2024-08-08 00:51:12','2024-04-30 12:00:00','2024-04-30 12:00:00',124.50,1,256,5,7,1),(257,'2024-08-08 00:51:27','2024-04-30 12:00:00','2024-04-30 12:00:00',42.00,1,257,5,7,1),(258,'2024-08-08 00:51:41','2024-04-30 12:00:00','2024-04-30 12:00:00',106.51,1,258,5,7,1),(259,'2024-08-08 00:51:53','2024-04-30 12:00:00','2024-04-30 12:00:00',22.50,1,259,5,7,1),(260,'2024-08-08 01:02:58','2024-04-12 12:00:00','2024-04-12 12:00:00',12.00,1,260,2,5,1),(261,'2024-08-08 01:03:20','2024-04-19 12:00:00','2024-04-19 12:00:00',22.50,1,261,2,5,1),(262,'2024-08-08 01:04:28','2024-04-22 12:00:00','2024-04-22 12:00:00',39.90,1,262,6,5,1),(263,'2024-08-08 01:05:09','2024-04-29 12:00:00','2024-04-29 12:00:00',7.80,1,263,2,5,1),(264,'2024-08-08 01:06:30','2024-04-22 12:00:00','2024-04-22 12:00:00',50.00,1,264,2,5,1),(265,'2024-08-08 01:07:38','2024-04-22 12:00:00','2024-04-22 12:00:00',4.99,1,265,2,5,1),(266,'2024-08-08 01:10:09','2024-04-26 12:00:00','2024-04-26 12:00:00',120.74,1,266,2,5,1),(267,'2024-08-08 01:11:49','2024-04-29 12:00:00','2024-04-29 12:00:00',11.80,1,267,2,5,1),(268,'2024-08-15 14:03:24','2024-04-03 12:00:00','2024-04-03 12:00:00',60.00,1,268,2,5,1),(269,'2024-08-15 14:08:32','2024-04-17 12:00:00','2024-04-17 12:00:00',15.00,1,269,6,5,1),(270,'2024-08-15 14:09:05','2024-04-18 12:00:00','2024-04-18 12:00:00',30.00,1,270,6,5,1),(271,'2024-08-15 14:09:22','2024-04-19 12:00:00','2024-04-19 12:00:00',15.00,1,271,2,5,1),(272,'2024-08-15 14:09:45','2024-04-22 12:00:00','2024-04-22 12:00:00',15.00,1,272,2,5,1),(273,'2024-08-15 14:20:01','2024-04-15 12:00:00','2024-04-15 12:00:00',15.00,1,273,2,5,1),(274,'2024-08-15 14:20:23','2024-04-16 12:00:00','2024-04-16 12:00:00',7.00,1,274,2,5,1),(275,'2024-08-15 14:20:46','2024-04-19 12:00:00','2024-04-19 12:00:00',42.00,1,275,2,5,1),(276,'2024-08-15 14:24:13','2024-04-11 12:00:00','2024-04-11 12:00:00',100.00,1,276,6,5,1),(277,'2024-08-15 14:24:40','2024-04-26 12:00:00','2024-04-26 12:00:00',24.70,1,277,6,5,1),(278,'2024-08-16 00:02:19','2024-07-01 12:00:00','2024-07-01 12:00:00',134.78,1,278,2,5,1),(279,'2024-08-16 00:02:19','2024-07-01 12:00:00','2024-07-01 12:00:00',12.08,1,279,2,5,1),(280,'2024-08-16 00:02:19','2024-07-01 12:00:00','2024-07-01 12:00:00',7.64,1,280,2,5,1),(281,'2024-08-16 00:02:19','2024-07-01 12:00:00','2024-07-01 12:00:00',55.21,1,281,2,5,1),(282,'2024-08-16 00:02:19','2024-07-03 12:00:00','2024-07-03 12:00:00',21.00,1,282,2,5,1),(283,'2024-08-16 00:02:19','2024-07-04 12:00:00','2024-07-04 12:00:00',30.00,1,283,2,5,1),(284,'2024-08-16 00:02:19','2024-07-05 12:00:00','2024-07-05 12:00:00',40.00,1,284,2,5,1),(285,'2024-08-16 00:02:19','2024-07-05 12:00:00','2024-07-05 12:00:00',13.50,1,285,2,5,1),(286,'2024-08-16 00:02:19','2024-07-08 12:00:00','2024-07-08 12:00:00',459.00,1,286,2,5,1),(287,'2024-08-16 00:02:20','2024-07-09 12:00:00','2024-07-09 12:00:00',92.69,1,287,2,5,1),(288,'2024-08-16 00:02:20','2024-07-09 12:00:00','2024-07-09 12:00:00',5.00,1,288,2,5,1),(289,'2024-08-16 00:02:20','2024-07-11 12:00:00','2024-07-11 12:00:00',13.50,1,289,2,5,1),(290,'2024-08-16 00:02:20','2024-07-11 12:00:00','2024-07-11 12:00:00',114.80,1,290,2,5,1),(291,'2024-08-16 00:02:20','2024-07-12 12:00:00','2024-07-12 12:00:00',64.92,1,291,2,5,1),(292,'2024-08-16 00:02:20','2024-07-15 12:00:00','2024-07-15 12:00:00',120.00,1,292,2,5,1),(293,'2024-08-16 00:02:20','2024-07-16 12:00:00','2024-07-16 12:00:00',1.95,1,293,2,5,1),(294,'2024-08-16 00:02:20','2024-07-24 12:00:00','2024-07-24 12:00:00',13.50,1,294,2,5,1),(295,'2024-08-16 00:02:20','2024-07-25 12:00:00','2024-07-25 12:00:00',25.37,1,295,2,5,1),(296,'2024-08-16 00:02:20','2024-07-25 12:00:00','2024-07-25 12:00:00',105.18,1,296,2,5,1),(297,'2024-08-16 00:02:20','2024-07-26 12:00:00','2024-07-26 12:00:00',12.05,1,297,2,5,1),(298,'2024-08-16 00:02:20','2024-07-29 12:00:00','2024-07-29 12:00:00',60.38,1,298,2,5,1),(299,'2024-08-16 00:02:21','2024-07-29 12:00:00','2024-07-29 12:00:00',9.99,1,299,2,5,1),(300,'2024-08-16 00:07:02','2024-07-01 12:00:00','2024-07-01 12:00:00',2000.00,1,300,6,9,1),(301,'2024-08-16 00:10:27','2024-07-08 12:00:00','2024-07-08 12:00:00',3965.41,1,301,6,9,1),(302,'2024-08-16 00:24:08','2024-07-31 12:00:00','2024-07-31 12:00:00',61.00,1,302,6,5,1),(303,'2024-08-16 00:24:58','2024-07-17 12:00:00','2024-07-17 12:00:00',44.90,1,303,2,5,1),(304,'2024-08-16 00:25:32','2024-07-26 12:00:00','2024-07-26 12:00:00',80.00,1,304,2,5,1),(305,'2024-08-16 00:26:28','2024-07-15 12:00:00','2024-07-15 12:00:00',80.00,1,305,2,5,1),(306,'2024-08-16 00:27:27','2024-07-03 12:00:00','2024-07-03 12:00:00',100.00,1,306,2,5,1),(307,'2024-08-16 00:28:34','2024-07-11 12:00:00','2024-07-11 12:00:00',320.45,1,307,6,5,1),(308,'2024-08-31 14:04:57','2024-07-01 12:00:00','2024-07-01 12:00:00',121.80,1,308,6,5,1),(309,'2024-08-31 14:06:42','2024-07-05 12:00:00','2024-07-05 12:00:00',1180.22,1,309,6,5,1),(310,'2024-08-31 14:09:11','2024-07-08 12:00:00','2024-07-08 12:00:00',169.90,1,310,6,5,1),(311,'2024-08-31 14:10:41','2024-07-11 12:00:00','2024-07-11 12:00:00',532.54,1,311,2,5,1),(312,'2024-08-31 14:12:49','2024-07-11 12:00:00','2024-07-11 12:00:00',634.41,1,312,6,5,1),(313,'2024-08-31 14:17:31','2024-07-25 12:00:00','2024-07-25 12:00:00',14.60,1,313,2,5,1),(314,'2024-08-31 14:24:23','2024-07-01 12:00:00','2024-07-01 12:00:00',50.00,1,314,6,63,1),(315,'2024-08-31 14:24:54','2024-07-08 12:00:00','2024-07-08 12:00:00',50.00,1,315,6,63,1),(316,'2024-08-31 14:26:20','2024-07-10 12:00:00','2024-07-10 12:00:00',30.30,1,316,6,63,1),(317,'2024-08-31 14:27:44','2024-07-11 12:00:00','2024-07-11 12:00:00',60.00,1,317,6,5,1),(318,'2024-08-31 14:29:04','2024-07-15 12:00:00','2024-07-15 12:00:00',7.00,1,318,2,5,1),(319,'2024-08-31 14:30:07','2024-07-22 12:00:00','2024-07-22 12:00:00',31.00,1,319,6,5,1),(320,'2024-08-31 14:30:44','2024-07-02 12:00:00','2024-07-02 12:00:00',45.00,1,320,6,5,1),(321,'2024-08-31 14:31:11','2024-07-22 12:00:00','2024-07-22 12:00:00',38.35,1,321,6,5,1),(322,'2024-08-31 14:33:17','2024-07-30 12:00:00','2024-07-30 12:00:00',43.79,1,322,2,5,1),(323,'2024-08-31 14:35:44','2024-07-01 12:00:00','2024-07-01 12:00:00',41.91,1,323,2,5,1),(324,'2024-08-31 14:37:25','2024-07-01 12:00:00','2024-07-01 12:00:00',62.70,1,324,2,5,1),(325,'2024-08-31 14:42:17','2024-07-01 12:00:00','2024-07-01 12:00:00',8.00,1,325,2,5,1),(326,'2024-08-31 14:42:41','2024-07-15 12:00:00','2024-07-15 12:00:00',8.00,1,326,2,5,1),(327,'2024-09-01 20:28:40','2024-07-02 12:00:00','2024-07-02 12:00:00',21.46,1,327,2,5,1),(328,'2024-09-01 20:40:50','2024-07-02 12:00:00','2024-07-02 12:00:00',134.78,1,328,5,5,1),(329,'2024-09-01 20:44:51','2024-07-08 12:00:00','2024-07-08 12:00:00',100.80,1,329,2,5,1),(330,'2024-09-01 20:45:31','2024-07-09 12:00:00','2024-07-09 12:00:00',39.50,1,330,6,5,1),(331,'2024-09-01 20:46:23','2024-07-02 12:00:00','2024-07-02 12:00:00',4.00,1,331,2,5,1),(332,'2024-09-01 20:58:01','2024-07-15 12:00:00','2024-07-15 12:00:00',76.94,1,332,6,5,1),(333,'2024-09-01 21:01:30','2024-07-31 12:00:00','2024-07-31 12:00:00',1527.65,1,333,5,66,1),(334,'2024-09-01 21:02:11','2024-07-02 12:00:00','2024-07-02 12:00:00',15.00,1,334,2,5,1),(335,'2024-09-01 21:03:27','2024-07-09 12:00:00','2024-07-09 12:00:00',8.00,1,335,6,63,1),(336,'2024-09-01 21:03:52','2024-07-15 12:00:00','2024-07-15 12:00:00',33.80,1,336,2,5,1),(337,'2024-09-01 21:04:12','2024-07-15 12:00:00','2024-07-15 12:00:00',67.42,1,337,6,5,1),(338,'2024-09-09 21:12:17','2024-08-01 12:00:00','2024-08-01 12:00:00',2309.11,1,338,2,5,1),(339,'2024-09-09 21:12:17','2024-08-01 12:00:00','2024-08-01 12:00:00',49.60,1,339,2,5,1),(340,'2024-09-09 21:12:17','2024-08-05 12:00:00','2024-08-05 12:00:00',80.00,1,340,2,5,1),(341,'2024-09-09 21:12:17','2024-08-05 12:00:00','2024-08-05 12:00:00',30.00,1,341,2,5,1),(342,'2024-09-09 21:12:17','2024-08-05 12:00:00','2024-08-05 12:00:00',13.50,1,342,2,5,1),(343,'2024-09-09 21:12:17','2024-08-05 12:00:00','2024-08-05 12:00:00',1037.91,1,343,2,5,1),(344,'2024-09-09 21:12:17','2024-08-07 12:00:00','2024-08-07 12:00:00',2.77,1,344,2,5,1),(345,'2024-09-09 21:12:17','2024-08-07 12:00:00','2024-08-07 12:00:00',584.00,1,345,2,5,1),(346,'2024-09-09 21:12:17','2024-08-08 12:00:00','2024-08-08 12:00:00',240.50,1,346,2,5,1),(347,'2024-09-09 21:12:17','2024-08-12 12:00:00','2024-08-12 12:00:00',100.00,1,347,2,5,1),(348,'2024-09-09 21:12:18','2024-08-12 12:00:00','2024-08-12 12:00:00',13.50,1,348,2,5,1),(349,'2024-09-09 21:12:18','2024-08-12 12:00:00','2024-08-12 12:00:00',64.92,1,349,2,5,1),(350,'2024-09-09 21:12:18','2024-08-12 12:00:00','2024-08-12 12:00:00',114.80,1,350,2,5,1),(351,'2024-09-09 21:12:18','2024-08-13 12:00:00','2024-08-13 12:00:00',37.31,1,351,2,5,1),(352,'2024-09-09 21:12:18','2024-08-16 12:00:00','2024-08-16 12:00:00',30.00,1,352,2,5,1),(353,'2024-09-09 21:12:18','2024-08-19 12:00:00','2024-08-19 12:00:00',44.90,1,353,2,5,1),(354,'2024-09-09 21:12:18','2024-08-19 12:00:00','2024-08-19 12:00:00',80.00,1,354,2,5,1),(355,'2024-09-09 21:12:18','2024-08-20 12:00:00','2024-08-20 12:00:00',13.50,1,355,2,5,1),(356,'2024-09-09 21:12:18','2024-08-20 12:00:00','2024-08-20 12:00:00',48.60,1,356,2,5,1),(357,'2024-09-09 21:12:18','2024-08-26 12:00:00','2024-08-26 12:00:00',13.50,1,357,2,5,1),(358,'2024-09-09 21:12:18','2024-08-27 12:00:00','2024-08-27 12:00:00',50.00,1,358,2,5,1),(359,'2024-09-09 21:12:18','2024-08-27 12:00:00','2024-08-27 12:00:00',21.90,1,359,2,5,1),(360,'2024-09-09 21:12:18','2024-08-28 12:00:00','2024-08-28 12:00:00',13.13,1,360,2,5,1),(361,'2024-09-09 21:12:19','2024-08-30 12:00:00','2024-08-30 12:00:00',2.57,1,361,2,5,1),(362,'2024-09-09 21:13:33','2024-08-01 12:00:00','2024-08-01 12:00:00',2000.00,1,362,5,9,1),(363,'2024-09-09 21:16:05','2024-08-07 12:00:00','2024-08-07 12:00:00',4000.51,1,363,5,9,1),(364,'2024-09-09 21:18:06','2024-08-12 12:00:00','2024-08-12 12:00:00',297.46,1,364,2,5,1),(365,'2024-09-09 21:18:52','2024-08-12 12:00:00','2024-08-12 12:00:00',729.90,1,365,6,5,1),(366,'2024-09-09 21:42:51','2024-08-22 12:00:00','2024-08-22 12:00:00',45.92,1,366,2,5,1),(367,'2024-09-09 21:43:12','2024-08-26 12:00:00','2024-08-26 12:00:00',42.40,1,367,2,5,1),(368,'2024-09-09 21:43:36','2024-08-27 12:00:00','2024-08-27 12:00:00',47.62,1,368,2,5,1),(369,'2024-09-09 21:43:58','2024-08-30 12:00:00','2024-08-30 12:00:00',26.00,1,369,2,5,1),(370,'2024-09-09 21:44:35','2024-08-16 12:00:00','2024-08-16 12:00:00',240.00,1,370,2,5,1),(371,'2024-09-09 21:45:04','2024-08-19 12:00:00','2024-08-19 12:00:00',100.00,1,371,2,5,1),(372,'2024-09-09 21:45:34','2024-08-26 12:00:00','2024-08-26 12:00:00',4.50,1,372,2,5,1),(373,'2024-09-09 21:45:54','2024-08-26 12:00:00','2024-08-26 12:00:00',49.03,1,373,2,5,1),(374,'2024-09-26 21:42:01','2024-08-12 12:00:00','2024-08-12 12:00:00',42.00,1,374,2,5,1),(375,'2024-09-26 21:52:47','2024-08-05 12:00:00','2024-08-05 12:00:00',134.00,1,375,2,5,1),(376,'2024-09-26 21:56:22','2024-08-26 12:00:00','2024-08-26 12:00:00',80.00,1,376,2,5,1),(377,'2024-09-26 21:57:56','2024-08-28 12:00:00','2024-08-28 12:00:00',178.50,1,377,2,5,1),(378,'2024-09-26 21:58:19','2024-08-28 12:00:00','2024-08-28 12:00:00',17.80,1,378,2,5,1),(379,'2024-09-26 21:58:47','2024-08-30 12:00:00','2024-08-30 12:00:00',4.50,1,379,2,5,1),(380,'2024-10-01 00:46:09','2024-08-05 12:00:00','2024-08-05 12:00:00',13.20,1,380,2,5,1),(381,'2024-10-01 00:49:40','2024-08-19 12:00:00','2024-08-19 12:00:00',100.00,1,381,2,5,1),(382,'2024-10-01 00:50:58','2024-08-28 12:00:00','2024-08-28 12:00:00',20.00,1,382,2,5,1),(383,'2024-10-01 00:52:12','2024-08-27 12:00:00','2024-08-27 12:00:00',149.90,1,383,2,5,1),(384,'2024-10-01 00:52:44','2024-08-27 12:00:00','2024-08-27 12:00:00',21.90,1,384,2,5,1),(385,'2024-10-01 00:56:02','2024-08-19 12:00:00','2024-08-19 12:00:00',80.00,1,385,2,5,1),(386,'2024-10-04 22:25:42','2024-08-01 12:00:00','2024-08-01 12:00:00',1527.65,1,386,5,5,1),(387,'2024-10-04 22:27:50','2024-08-06 12:00:00','2024-08-06 12:00:00',7.02,1,387,2,5,1),(388,'2024-10-04 22:38:05','2024-08-19 12:00:00','2024-08-19 12:00:00',8.00,1,388,6,5,1),(389,'2024-10-04 22:38:59','2024-08-21 12:00:00','2024-08-21 12:00:00',13.80,1,389,2,5,1),(390,'2024-10-04 22:54:33','2024-08-14 12:00:00','2024-08-14 12:00:00',29.90,1,390,6,5,1),(391,'2024-10-04 22:57:19','2024-08-13 12:00:00','2024-08-13 12:00:00',16.50,1,391,6,5,1),(392,'2024-10-04 23:05:32','2024-08-26 12:00:00','2024-08-26 12:00:00',32.15,1,392,2,5,1),(393,'2024-10-04 23:07:09','2024-08-23 12:00:00','2024-08-23 12:00:00',33.21,1,393,6,5,1),(394,'2024-10-04 23:07:40','2024-08-26 12:00:00','2024-08-26 12:00:00',36.90,1,394,6,5,1),(395,'2024-10-04 23:09:17','2024-08-26 12:00:00','2024-08-26 12:00:00',14.60,1,395,2,5,1),(396,'2024-10-05 13:48:00','2024-08-01 12:00:00','2024-08-01 12:00:00',781.46,1,396,5,5,1),(397,'2024-10-05 13:57:08','2024-08-12 12:00:00','2024-08-12 12:00:00',59.90,1,397,2,5,1),(398,'2024-10-05 13:59:32','2024-08-14 12:00:00','2024-08-14 12:00:00',85.00,1,398,2,5,1),(399,'2024-10-05 14:08:39','2024-08-21 12:00:00','2024-08-21 12:00:00',87.70,1,399,2,5,1),(400,'2024-10-05 14:09:58','2024-08-28 12:00:00','2024-08-28 12:00:00',8.00,1,400,2,5,1),(401,'2024-10-05 14:10:39','2024-08-28 12:00:00','2024-08-28 12:00:00',26.80,1,401,2,5,1),(402,'2024-10-05 14:13:45','2024-08-27 12:00:00','2024-08-27 12:00:00',80.00,1,402,2,5,1),(403,'2024-10-05 14:16:37','2024-08-01 12:00:00','2024-08-01 12:00:00',36.00,1,403,6,5,1),(404,'2024-10-05 14:17:05','2024-08-05 12:00:00','2024-08-05 12:00:00',13.40,1,404,2,5,1),(405,'2024-10-05 14:17:24','2024-08-12 12:00:00','2024-08-12 12:00:00',5.00,1,405,2,5,1),(406,'2024-10-05 14:17:54','2024-08-12 12:00:00','2024-08-12 12:00:00',48.90,1,406,2,5,1),(407,'2024-10-05 14:18:27','2024-08-27 12:00:00','2024-08-27 12:00:00',9.00,1,407,2,5,1),(408,'2024-10-13 20:09:49','2024-08-26 12:00:00','2024-08-26 12:00:00',7500.00,1,408,5,67,1),(409,'2024-10-13 20:10:16','2024-08-26 12:00:00','2024-08-26 12:00:00',2500.00,1,409,5,67,1),(410,'2024-10-13 20:11:17','2024-08-26 12:00:00','2024-08-26 12:00:00',10000.00,1,410,5,5,1),(411,'2024-10-13 20:14:00','2024-08-27 12:00:00','2024-08-27 12:00:00',47990.00,1,411,5,7,1),(412,'2024-10-13 20:15:20','2024-08-27 12:00:00','2024-08-27 12:00:00',47990.00,1,412,5,5,1),(413,'2024-10-13 20:15:55','2024-08-27 12:00:00','2024-08-27 12:00:00',27.50,1,413,2,5,1),(414,'2024-10-13 20:16:48','2024-08-28 12:00:00','2024-08-28 12:00:00',140.00,1,414,6,5,1),(415,'2024-10-13 20:24:25','2024-09-02 12:00:00','2024-09-02 12:00:00',5.68,1,415,2,5,1),(416,'2024-10-13 20:24:25','2024-09-02 12:00:00','2024-09-02 12:00:00',40.00,1,416,2,5,1),(417,'2024-10-13 20:24:25','2024-09-02 12:00:00','2024-09-02 12:00:00',18.90,1,417,2,5,1),(418,'2024-10-13 20:24:25','2024-09-02 12:00:00','2024-09-02 12:00:00',105.00,1,418,2,5,1),(419,'2024-10-13 20:24:25','2024-09-02 12:00:00','2024-09-02 12:00:00',13.50,1,419,2,5,1),(420,'2024-10-13 20:24:25','2024-09-04 12:00:00','2024-09-04 12:00:00',30.00,1,420,2,5,1),(421,'2024-10-13 20:24:25','2024-09-05 12:00:00','2024-09-05 12:00:00',1411.50,1,421,2,5,1),(422,'2024-10-13 20:24:25','2024-09-09 12:00:00','2024-09-09 12:00:00',100.00,1,422,2,5,1),(423,'2024-10-13 20:24:25','2024-09-09 12:00:00','2024-09-09 12:00:00',584.00,1,423,2,5,1),(424,'2024-10-13 20:24:25','2024-09-09 12:00:00','2024-09-09 12:00:00',227.43,1,424,2,5,1),(425,'2024-10-13 20:24:25','2024-09-09 12:00:00','2024-09-09 12:00:00',15.50,1,425,2,5,1),(426,'2024-10-13 20:24:25','2024-09-11 12:00:00','2024-09-11 12:00:00',115.52,1,426,2,5,1),(427,'2024-10-13 20:24:25','2024-09-12 12:00:00','2024-09-12 12:00:00',75.02,1,427,2,5,1),(428,'2024-10-13 20:24:26','2024-09-13 12:00:00','2024-09-13 12:00:00',3.04,1,428,2,5,1),(429,'2024-10-13 20:24:26','2024-09-16 12:00:00','2024-09-16 12:00:00',80.00,1,429,2,5,1),(430,'2024-10-13 20:24:26','2024-09-17 12:00:00','2024-09-17 12:00:00',44.90,1,430,2,5,1),(431,'2024-10-13 20:24:26','2024-09-17 12:00:00','2024-09-17 12:00:00',14.50,1,431,2,5,1),(432,'2024-10-13 20:24:26','2024-09-23 12:00:00','2024-09-23 12:00:00',81.58,1,432,2,5,1),(433,'2024-10-13 20:24:26','2024-09-23 12:00:00','2024-09-23 12:00:00',14.50,1,433,2,5,1),(434,'2024-10-13 20:24:26','2024-09-24 12:00:00','2024-09-24 12:00:00',26.00,1,434,2,5,1),(435,'2024-10-13 20:24:26','2024-09-26 12:00:00','2024-09-26 12:00:00',9.15,1,435,2,5,1),(436,'2024-10-13 20:24:26','2024-09-30 12:00:00','2024-09-30 12:00:00',24.00,1,436,2,5,1),(437,'2024-10-13 20:24:26','2024-09-30 12:00:00','2024-09-30 12:00:00',70.68,1,437,2,5,1),(438,'2024-10-13 20:24:26','2024-09-30 12:00:00','2024-09-30 12:00:00',20.50,1,438,2,5,1),(439,'2024-10-13 21:02:37','2024-09-01 12:00:00','2024-09-01 12:00:00',69.69,1,439,5,5,1),(440,'2024-10-13 21:03:08','2024-09-02 12:00:00','2024-09-02 12:00:00',2000.00,1,440,5,9,1),(441,'2024-10-13 21:03:39','2024-09-06 12:00:00','2024-09-06 12:00:00',4045.85,1,441,5,9,1),(442,'2024-10-13 21:05:07','2024-09-11 12:00:00','2024-09-11 12:00:00',7.00,1,442,2,5,1),(443,'2024-10-13 21:06:54','2024-09-23 12:00:00','2024-09-23 12:00:00',69.69,1,443,5,5,1),(444,'2024-10-13 21:46:50','2024-09-05 12:00:00','2024-09-05 12:00:00',9.50,1,444,2,5,1),(445,'2024-10-13 21:47:48','2024-09-09 12:00:00','2024-09-09 12:00:00',2122.49,1,445,2,5,1),(446,'2024-10-13 21:48:26','2024-09-09 12:00:00','2024-09-09 12:00:00',281.52,1,446,2,5,1),(447,'2024-10-13 21:48:53','2024-09-12 12:00:00','2024-09-12 12:00:00',5.50,1,447,2,5,1),(448,'2024-10-13 21:49:19','2024-09-12 12:00:00','2024-09-12 12:00:00',6.00,1,448,2,5,1),(449,'2024-10-13 21:49:43','2024-09-16 12:00:00','2024-09-16 12:00:00',39.99,1,449,2,5,1),(450,'2024-10-13 21:50:56','2024-09-23 12:00:00','2024-09-23 12:00:00',30.00,1,450,6,5,1),(451,'2024-10-13 21:51:24','2024-09-02 12:00:00','2024-09-02 12:00:00',36.00,1,451,6,5,1),(452,'2024-10-13 21:52:06','2024-09-24 12:00:00','2024-09-24 12:00:00',80.00,1,452,2,5,1),(453,'2024-10-13 21:53:08','2024-09-25 12:00:00','2024-09-25 12:00:00',14.60,1,453,2,5,1),(454,'2024-10-13 21:53:37','2024-09-27 12:00:00','2024-09-27 12:00:00',9.50,1,454,2,5,1),(455,'2024-10-13 21:54:00','2024-09-27 12:00:00','2024-09-27 12:00:00',53.00,1,455,2,5,1),(456,'2024-10-13 21:54:36','2024-09-30 12:00:00','2024-09-30 12:00:00',25.90,1,456,2,5,1),(457,'2024-10-13 21:54:57','2024-09-30 12:00:00','2024-09-30 12:00:00',22.00,1,457,2,5,1),(458,'2024-10-26 17:48:07','2024-09-02 12:00:00','2024-09-02 12:00:00',24.00,1,458,6,5,1),(459,'2024-10-26 17:51:30','2024-09-16 12:00:00','2024-09-16 12:00:00',33.00,1,459,6,5,1),(460,'2024-10-26 17:54:55','2024-09-16 12:00:00','2024-09-16 12:00:00',56.99,1,460,6,5,1),(461,'2024-10-26 17:55:42','2024-09-23 12:00:00','2024-09-23 12:00:00',32.70,1,461,2,5,1),(462,'2024-10-26 17:56:02','2024-09-23 12:00:00','2024-09-23 12:00:00',10.90,1,462,2,5,1),(463,'2024-10-26 17:58:20','2024-09-26 12:00:00','2024-09-26 12:00:00',26.96,1,463,6,5,1),(464,'2024-10-26 17:59:07','2024-09-27 12:00:00','2024-09-27 12:00:00',11.50,1,464,2,5,1),(465,'2024-10-26 17:59:37','2024-09-27 12:00:00','2024-09-27 12:00:00',4.00,1,465,2,5,1),(466,'2024-10-26 18:00:28','2024-09-30 12:00:00','2024-09-30 12:00:00',59.90,1,466,2,5,1),(467,'2024-10-26 18:01:19','2024-09-30 12:00:00','2024-09-30 12:00:00',41.99,1,467,6,5,1),(468,'2024-10-26 18:02:29','2024-09-30 12:00:00','2024-09-30 12:00:00',20.00,1,468,6,5,1),(469,'2024-10-26 18:03:34','2024-09-30 12:00:00','2024-09-30 12:00:00',200.00,1,469,5,7,1),(470,'2024-10-26 18:04:18','2024-09-27 12:00:00','2024-09-27 12:00:00',200.00,1,470,5,7,1),(471,'2024-10-26 18:05:26','2024-09-23 12:00:00','2024-09-23 12:00:00',200.00,1,471,5,7,1),(472,'2024-10-26 18:06:01','2024-09-13 12:00:00','2024-09-13 12:00:00',30.00,1,472,6,5,1),(473,'2024-10-26 18:06:34','2024-09-09 12:00:00','2024-09-09 12:00:00',11.00,1,473,6,5,1),(474,'2024-10-26 18:06:59','2024-09-02 12:00:00','2024-09-02 12:00:00',3.00,1,474,6,5,1),(475,'2024-11-04 21:29:01','2024-09-17 12:00:00','2024-09-17 12:00:00',10000.00,1,475,5,67,1),(476,'2024-11-04 21:29:51','2024-09-23 12:00:00','2024-09-23 12:00:00',10000.00,1,476,5,5,1),(477,'2024-11-04 21:31:57','2024-09-27 12:00:00','2024-09-27 12:00:00',51.00,1,477,6,5,1),(478,'2024-11-04 21:32:40','2024-09-06 12:00:00','2024-09-06 12:00:00',250.00,1,478,6,5,1),(479,'2024-11-04 21:32:55','2024-09-02 12:00:00','2024-09-02 12:00:00',82.45,1,479,6,5,1),(480,'2024-11-20 19:45:02','2024-10-01 12:00:00','2024-10-01 12:00:00',239.36,1,480,2,5,1),(481,'2024-11-20 19:45:02','2024-10-02 12:00:00','2024-10-02 12:00:00',14.50,1,481,2,5,1),(482,'2024-11-20 19:45:02','2024-10-02 12:00:00','2024-10-02 12:00:00',49.60,1,482,2,5,1),(483,'2024-11-20 19:45:02','2024-10-04 12:00:00','2024-10-04 12:00:00',1227.09,1,483,2,5,1),(484,'2024-11-20 19:45:02','2024-10-04 12:00:00','2024-10-04 12:00:00',48.60,1,484,2,5,1),(485,'2024-11-20 19:45:02','2024-10-07 12:00:00','2024-10-07 12:00:00',30.00,1,485,2,5,1),(486,'2024-11-20 19:45:02','2024-10-08 12:00:00','2024-10-08 12:00:00',7.01,1,486,2,5,1),(487,'2024-11-20 19:45:03','2024-10-08 12:00:00','2024-10-08 12:00:00',584.00,1,487,2,5,1),(488,'2024-11-20 19:45:03','2024-10-09 12:00:00','2024-10-09 12:00:00',29.40,1,488,2,5,1),(489,'2024-11-20 19:45:03','2024-10-09 12:00:00','2024-10-09 12:00:00',14.50,1,489,2,5,1),(490,'2024-11-20 19:45:03','2024-10-10 12:00:00','2024-10-10 12:00:00',234.52,1,490,2,5,1),(491,'2024-11-20 19:45:03','2024-10-11 12:00:00','2024-10-11 12:00:00',115.52,1,491,2,5,1),(492,'2024-11-20 19:45:03','2024-10-14 12:00:00','2024-10-14 12:00:00',79.90,1,492,2,5,1),(493,'2024-11-20 19:45:03','2024-10-15 12:00:00','2024-10-15 12:00:00',12.34,1,493,2,5,1),(494,'2024-11-20 19:45:03','2024-10-16 12:00:00','2024-10-16 12:00:00',14.50,1,494,2,5,1),(495,'2024-11-20 19:45:03','2024-10-17 12:00:00','2024-10-17 12:00:00',44.90,1,495,2,5,1),(496,'2024-11-20 19:45:03','2024-10-17 12:00:00','2024-10-17 12:00:00',3.78,1,496,2,5,1),(497,'2024-11-20 19:45:04','2024-10-18 12:00:00','2024-10-18 12:00:00',13.58,1,497,2,5,1),(498,'2024-11-20 19:45:04','2024-10-21 12:00:00','2024-10-21 12:00:00',80.00,1,498,2,5,1),(499,'2024-11-20 19:45:04','2024-10-23 12:00:00','2024-10-23 12:00:00',68.09,1,499,2,5,1),(500,'2024-11-20 19:45:04','2024-10-24 12:00:00','2024-10-24 12:00:00',71.16,1,500,2,5,1),(501,'2024-11-20 19:45:04','2024-10-24 12:00:00','2024-10-24 12:00:00',14.50,1,501,2,5,1),(502,'2024-11-20 19:45:04','2024-10-25 12:00:00','2024-10-25 12:00:00',33.70,1,502,2,5,1),(503,'2024-11-20 19:45:04','2024-10-25 12:00:00','2024-10-25 12:00:00',29.00,1,503,2,5,1),(504,'2024-11-20 19:45:04','2024-10-28 12:00:00','2024-10-28 12:00:00',26.00,1,504,2,5,1),(505,'2024-11-20 19:45:04','2024-10-28 12:00:00','2024-10-28 12:00:00',80.00,1,505,2,5,1),(506,'2024-11-20 19:45:04','2024-10-28 12:00:00','2024-10-28 12:00:00',37.27,1,506,2,5,1),(507,'2024-11-20 19:45:04','2024-10-28 12:00:00','2024-10-28 12:00:00',30.00,1,507,2,5,1),(508,'2024-11-20 19:45:04','2024-10-29 12:00:00','2024-10-29 12:00:00',5.61,1,508,2,5,1),(509,'2024-11-20 19:45:04','2024-10-29 12:00:00','2024-10-29 12:00:00',20.00,1,509,2,5,1),(510,'2024-11-20 19:45:05','2024-10-29 12:00:00','2024-10-29 12:00:00',39.99,1,510,2,5,1),(511,'2024-11-20 19:45:05','2024-10-29 12:00:00','2024-10-29 12:00:00',17.45,1,511,2,5,1),(512,'2024-11-20 19:45:05','2024-10-30 12:00:00','2024-10-30 12:00:00',20.00,1,512,2,5,1),(513,'2024-11-20 19:45:05','2024-10-31 12:00:00','2024-10-31 12:00:00',3.35,1,513,2,5,1),(514,'2024-11-20 19:45:05','2024-10-31 12:00:00','2024-10-31 12:00:00',14.50,1,514,2,5,1),(515,'2024-11-20 19:51:35','2024-10-01 12:00:00','2024-10-01 12:00:00',22.56,1,515,5,5,1),(516,'2024-11-20 19:52:23','2024-10-01 12:00:00','2024-10-01 12:00:00',2000.00,1,516,6,9,1),(517,'2024-11-20 19:54:45','2024-10-04 12:00:00','2024-10-04 12:00:00',117.00,1,517,6,67,1),(518,'2024-11-20 19:55:44','2024-10-07 12:00:00','2024-10-07 12:00:00',4014.65,1,518,6,9,1),(519,'2024-11-20 19:57:15','2024-10-08 12:00:00','2024-10-08 12:00:00',10.00,1,519,2,5,1),(520,'2024-11-20 19:58:37','2024-10-09 12:00:00','2024-10-09 12:00:00',2125.37,1,520,6,5,1),(521,'2024-11-20 19:59:31','2024-10-10 12:00:00','2024-10-10 12:00:00',13.50,1,521,2,5,1),(522,'2024-11-20 20:00:11','2024-10-11 12:00:00','2024-10-11 12:00:00',109.56,1,522,2,5,1),(523,'2024-11-20 20:02:26','2024-10-14 12:00:00','2024-10-14 12:00:00',20.00,1,523,2,5,1),(524,'2024-11-20 20:05:19','2024-10-18 12:00:00','2024-10-18 12:00:00',8.50,1,524,2,5,1),(525,'2024-11-20 20:05:47','2024-10-24 12:00:00','2024-10-24 12:00:00',8.50,1,525,2,5,1),(526,'2024-11-20 20:06:35','2024-10-29 12:00:00','2024-10-29 12:00:00',8.50,1,526,2,5,1),(527,'2024-11-20 20:07:00','2024-10-31 12:00:00','2024-10-31 12:00:00',8.50,1,527,2,5,1),(528,'2024-11-20 20:08:19','2024-10-30 12:00:00','2024-10-30 12:00:00',30.00,1,528,6,5,1),(529,'2024-11-20 20:14:13','2024-10-29 12:00:00','2024-10-29 12:00:00',23.40,1,529,2,5,1),(530,'2024-11-20 20:16:41','2024-10-29 12:00:00','2024-10-29 12:00:00',14.95,1,530,2,5,1),(531,'2024-11-20 20:18:17','2024-10-29 12:00:00','2024-10-29 12:00:00',18.00,1,531,2,5,1),(532,'2024-11-20 20:20:32','2024-10-07 12:00:00','2024-10-07 12:00:00',55.90,1,532,2,5,1),(533,'2024-11-20 20:23:25','2024-10-09 12:00:00','2024-10-09 12:00:00',49.99,1,533,2,5,1),(534,'2024-11-30 14:54:50','2024-10-07 12:00:00','2024-10-07 12:00:00',20.00,1,534,6,5,1),(535,'2024-11-30 14:57:27','2024-10-28 12:00:00','2024-10-28 12:00:00',35.00,1,535,6,5,1),(536,'2024-12-20 01:44:05','2024-10-09 12:00:00','2024-10-09 12:00:00',119.98,1,536,2,5,1),(537,'2024-12-20 01:44:42','2024-10-11 12:00:00','2024-10-11 12:00:00',17.30,1,537,2,5,1),(538,'2024-12-20 01:47:19','2024-10-24 12:00:00','2024-10-24 12:00:00',30.00,1,538,6,5,1),(539,'2025-01-20 20:39:24','2024-10-07 12:00:00','2024-10-07 12:00:00',10000.00,1,539,6,67,1),(540,'2025-01-20 20:40:26','2024-10-07 12:00:00','2024-10-07 12:00:00',20.00,1,540,6,5,1),(541,'2025-01-20 20:43:02','2024-10-08 12:00:00','2024-10-08 12:00:00',50.00,1,541,6,5,1),(542,'2025-01-20 20:43:50','2024-10-11 12:00:00','2024-10-11 12:00:00',65.00,1,542,6,5,1),(543,'2025-01-20 20:44:27','2024-10-14 12:00:00','2024-10-14 12:00:00',76.00,1,543,6,5,1),(544,'2025-01-20 20:49:24','2024-10-21 12:00:00','2024-10-21 12:00:00',80.00,1,544,2,5,1),(545,'2025-01-20 20:50:36','2024-10-28 12:00:00','2024-10-28 12:00:00',29.70,1,545,2,5,1),(546,'2025-01-20 20:51:08','2024-10-28 12:00:00','2024-10-28 12:00:00',64.29,1,546,2,5,1),(547,'2025-01-20 20:51:53','2024-10-07 12:00:00','2024-10-07 12:00:00',30.00,1,547,6,5,1),(548,'2025-01-20 20:53:16','2024-10-09 12:00:00','2024-10-09 12:00:00',19.50,1,548,2,5,1),(549,'2025-01-20 21:32:19','2024-10-09 12:00:00','2024-10-09 12:00:00',79.99,1,549,2,5,1),(550,'2025-01-20 21:33:07','2024-10-14 12:00:00','2024-10-14 12:00:00',9.37,1,550,6,5,1),(551,'2025-01-21 20:19:53','2024-10-07 12:00:00','2024-10-07 12:00:00',40.00,1,551,6,5,1),(552,'2025-01-21 20:21:20','2024-10-09 12:00:00','2024-10-09 12:00:00',10000.00,1,552,5,5,1),(553,'2025-01-21 20:23:10','2024-10-14 12:00:00','2024-10-14 12:00:00',250.00,1,553,6,63,1),(554,'2025-01-21 20:24:38','2024-10-15 12:00:00','2024-10-15 12:00:00',134.72,1,554,6,5,1),(555,'2025-01-21 20:25:58','2024-10-21 12:00:00','2024-10-21 12:00:00',40.00,1,555,2,5,1),(556,'2025-01-21 20:26:43','2024-10-28 12:00:00','2024-10-28 12:00:00',27.90,1,556,2,5,1),(557,'2025-01-21 20:27:06','2024-10-28 12:00:00','2024-10-28 12:00:00',17.00,1,557,2,5,1),(558,'2025-01-21 20:27:35','2024-10-28 12:00:00','2024-10-28 12:00:00',15.30,1,558,2,5,1),(559,'2025-01-26 14:18:43','2024-10-15 12:00:00','2024-10-15 12:00:00',79.03,1,559,6,63,1),(560,'2025-01-26 14:21:05','2024-10-25 12:00:00','2024-10-25 12:00:00',14.60,1,560,2,5,1),(561,'2025-01-26 14:22:47','2024-10-28 12:00:00','2024-10-28 12:00:00',500.00,1,561,5,7,1),(562,'2025-01-26 14:25:40','2024-10-14 12:00:00','2024-10-14 12:00:00',33.00,1,562,6,5,1),(563,'2025-01-26 14:42:36','2024-11-04 12:00:00','2024-11-04 12:00:00',15.87,1,563,2,5,1),(564,'2025-01-26 14:42:36','2024-11-04 12:00:00','2024-11-04 12:00:00',584.00,1,564,2,5,1),(565,'2025-01-26 14:42:36','2024-11-05 12:00:00','2024-11-05 12:00:00',1044.05,1,565,2,5,1),(566,'2025-01-26 14:42:36','2024-11-06 12:00:00','2024-11-06 12:00:00',22.00,1,566,2,5,1),(567,'2025-01-26 14:42:36','2024-11-06 12:00:00','2024-11-06 12:00:00',30.00,1,567,2,5,1),(568,'2025-01-26 14:42:36','2024-11-06 12:00:00','2024-11-06 12:00:00',14.50,1,568,2,5,1),(569,'2025-01-26 14:42:36','2024-11-11 12:00:00','2024-11-11 12:00:00',18.41,1,569,2,5,1),(570,'2025-01-26 14:42:36','2024-11-11 12:00:00','2024-11-11 12:00:00',260.73,1,570,2,5,1),(571,'2025-01-26 14:42:36','2024-11-11 12:00:00','2024-11-11 12:00:00',115.52,1,571,2,5,1),(572,'2025-01-26 14:42:37','2024-11-12 12:00:00','2024-11-12 12:00:00',79.90,1,572,2,5,1),(573,'2025-01-26 14:42:37','2024-11-13 12:00:00','2024-11-13 12:00:00',52.23,1,573,2,5,1),(574,'2025-01-26 14:42:37','2024-11-14 12:00:00','2024-11-14 12:00:00',14.50,1,574,2,5,1),(575,'2025-01-26 14:42:37','2024-11-18 12:00:00','2024-11-18 12:00:00',44.90,1,575,2,5,1),(576,'2025-01-26 14:42:37','2024-11-18 12:00:00','2024-11-18 12:00:00',100.00,1,576,2,5,1),(577,'2025-01-26 14:42:37','2024-11-19 12:00:00','2024-11-19 12:00:00',91.59,1,577,2,5,1),(578,'2025-01-26 14:42:37','2024-11-19 12:00:00','2024-11-19 12:00:00',42.00,1,578,2,5,1),(579,'2025-01-26 14:42:37','2024-11-19 12:00:00','2024-11-19 12:00:00',24.50,1,579,2,5,1),(580,'2025-01-26 14:42:37','2024-11-21 12:00:00','2024-11-21 12:00:00',14.36,1,580,2,5,1),(581,'2025-01-26 14:42:37','2024-11-21 12:00:00','2024-11-21 12:00:00',12.50,1,581,2,5,1),(582,'2025-01-26 14:42:37','2024-11-21 12:00:00','2024-11-21 12:00:00',5.50,1,582,2,5,1),(583,'2025-01-26 14:42:37','2024-11-21 12:00:00','2024-11-21 12:00:00',34.00,1,583,2,5,1),(584,'2025-01-26 14:42:38','2024-11-22 12:00:00','2024-11-22 12:00:00',18.00,1,584,2,5,1),(585,'2025-01-26 14:42:38','2024-11-25 12:00:00','2024-11-25 12:00:00',9.42,1,585,2,5,1),(586,'2025-01-26 14:42:38','2024-11-25 12:00:00','2024-11-25 12:00:00',14.50,1,586,2,5,1),(587,'2025-01-26 14:42:38','2024-11-26 12:00:00','2024-11-26 12:00:00',48.60,1,587,2,5,1),(588,'2025-01-26 14:47:30','2024-11-01 12:00:00','2024-11-01 12:00:00',56.20,1,588,5,5,1),(589,'2025-01-26 14:48:49','2024-11-01 12:00:00','2024-11-01 12:00:00',2000.00,1,589,5,9,1),(590,'2025-01-26 14:49:40','2024-11-07 12:00:00','2024-11-07 12:00:00',4106.91,1,590,5,9,1),(591,'2025-01-26 14:50:45','2024-11-11 12:00:00','2024-11-11 12:00:00',29.00,1,591,6,5,1),(592,'2025-01-26 14:51:57','2024-11-06 12:00:00','2024-11-06 12:00:00',10.00,1,592,2,5,1),(593,'2025-01-26 14:53:12','2024-11-11 12:00:00','2024-11-11 12:00:00',99.49,1,593,2,5,1),(594,'2025-01-26 14:54:07','2024-11-13 12:00:00','2024-11-13 12:00:00',2120.98,1,594,6,5,1),(595,'2025-01-26 14:55:27','2024-11-25 12:00:00','2024-11-25 12:00:00',34.00,1,595,6,5,1),(596,'2025-01-26 15:02:57','2024-11-11 12:00:00','2024-11-11 12:00:00',12.00,1,596,2,5,1),(597,'2025-01-26 15:04:42','2024-11-14 12:00:00','2024-11-14 12:00:00',100.00,1,597,6,5,1),(598,'2025-01-26 15:05:08','2024-11-18 12:00:00','2024-11-18 12:00:00',33.90,1,598,6,5,1),(599,'2025-01-26 15:05:47','2024-11-22 12:00:00','2024-11-22 12:00:00',48.00,1,599,2,5,1),(600,'2025-01-29 21:08:07','2024-11-01 12:00:00','2024-11-01 12:00:00',95.00,1,600,2,5,1),(601,'2025-01-29 21:10:35','2024-11-04 12:00:00','2024-11-04 12:00:00',71.91,1,601,2,5,1),(602,'2025-01-29 21:12:18','2024-11-04 12:00:00','2024-11-04 12:00:00',43.13,1,602,6,5,1),(603,'2025-01-29 21:16:45','2024-11-04 12:00:00','2024-11-04 12:00:00',89.79,1,603,6,5,1),(604,'2025-01-29 21:24:05','2024-11-11 12:00:00','2024-11-11 12:00:00',71.98,1,604,2,5,1),(605,'2025-02-21 20:29:34','2024-11-11 12:00:00','2024-11-11 12:00:00',79.90,1,605,2,5,1),(606,'2025-02-21 20:33:29','2024-11-22 12:00:00','2024-11-22 12:00:00',89.60,1,606,2,5,1),(607,'2025-02-21 20:35:25','2024-11-25 12:00:00','2024-11-25 12:00:00',4.50,1,607,2,5,1),(608,'2025-02-21 20:38:36','2024-11-25 12:00:00','2024-11-25 12:00:00',19.90,1,608,2,5,1),(609,'2025-02-21 20:39:53','2024-11-25 12:00:00','2024-11-25 12:00:00',11.00,1,609,2,5,1),(610,'2025-02-21 20:41:46','2024-11-01 12:00:00','2024-11-01 12:00:00',1331.37,1,610,5,7,1),(611,'2025-02-21 20:42:29','2024-11-01 12:00:00','2024-11-01 12:00:00',1331.37,1,611,2,5,1),(612,'2025-02-21 20:42:46','2024-11-01 12:00:00','2024-11-01 12:00:00',22.99,1,612,6,5,1),(613,'2025-02-21 20:44:41','2024-11-08 12:00:00','2024-11-08 12:00:00',24.34,1,613,6,5,1),(614,'2025-02-21 20:48:05','2024-11-18 12:00:00','2024-11-18 12:00:00',10.00,1,614,2,5,1);
/*!40000 ALTER TABLE `obm_objective_movement` ENABLE KEYS */;
UNLOCK TABLES;

--
-- Table structure for table `pam_payment_method`
--

DROP TABLE IF EXISTS `pam_payment_method`;
/*!40101 SET @saved_cs_client     = @@character_set_client */;
/*!50503 SET character_set_client = utf8mb4 */;
CREATE TABLE `pam_payment_method` (
  `pam_identity` int NOT NULL AUTO_INCREMENT,
  `pan_name` varchar(50) NOT NULL,
  `pan_acronym` varchar(3) NOT NULL,
  `usr_identity` int NOT NULL,
  PRIMARY KEY (`pam_identity`),
  UNIQUE KEY `un_pan_name` (`pan_name`),
  UNIQUE KEY `un_pan_acronym` (`pan_acronym`)
) ENGINE=InnoDB AUTO_INCREMENT=7 DEFAULT CHARSET=utf8mb4 COLLATE=utf8mb4_0900_ai_ci;
/*!40101 SET character_set_client = @saved_cs_client */;

--
-- Dumping data for table `pam_payment_method`
--

LOCK TABLES `pam_payment_method` WRITE;
/*!40000 ALTER TABLE `pam_payment_method` DISABLE KEYS */;
INSERT INTO `pam_payment_method` VALUES (2,'Ourocard Debit','OCD',1),(3,'Itaucard Credit','ITC',1),(5,' Bank Transfer','BKT',1),(6,'Pix Transfer','PIX',1);
/*!40000 ALTER TABLE `pam_payment_method` ENABLE KEYS */;
UNLOCK TABLES;

--
-- Table structure for table `sta_statement`
--

DROP TABLE IF EXISTS `sta_statement`;
/*!40101 SET @saved_cs_client     = @@character_set_client */;
/*!50503 SET character_set_client = utf8mb4 */;
CREATE TABLE `sta_statement` (
  `sta_identity` int NOT NULL AUTO_INCREMENT,
  `sta_year` int NOT NULL,
  `sta_month` int NOT NULL,
  `sta_opening_balance` decimal(11,2) NOT NULL,
  `sta_closing_balance` decimal(11,2) NOT NULL,
  `sta_is_closed` varchar(1) NOT NULL,
  `stt_identity` int NOT NULL,
  `usr_identity` int NOT NULL,
  PRIMARY KEY (`sta_identity`),
  UNIQUE KEY `un_sta_statement` (`sta_year`,`sta_month`,`stt_identity`,`usr_identity`),
  KEY `fk_stt_statement_type_sta` (`stt_identity`),
  CONSTRAINT `fk_stt_statement_type_sta` FOREIGN KEY (`stt_identity`) REFERENCES `stt_statement_type` (`stt_identity`),
  CONSTRAINT `sta_statement_chk_1` CHECK ((`sta_is_closed` in (_latin1'0',_latin1'1')))
) ENGINE=InnoDB AUTO_INCREMENT=20 DEFAULT CHARSET=utf8mb4 COLLATE=utf8mb4_0900_ai_ci;
/*!40101 SET character_set_client = @saved_cs_client */;

--
-- Dumping data for table `sta_statement`
--

LOCK TABLES `sta_statement` WRITE;
/*!40000 ALTER TABLE `sta_statement` DISABLE KEYS */;
INSERT INTO `sta_statement` VALUES (12,2024,5,563.12,57.58,'0',1,1),(13,2024,6,57.58,134.78,'0',1,1),(14,2024,4,246.58,563.12,'0',1,1),(15,2024,7,134.78,2309.11,'0',1,1),(16,2024,8,2309.11,69.69,'0',1,1),(17,2024,9,69.69,22.56,'0',1,1),(18,2024,10,22.56,56.20,'0',1,1),(19,2024,11,56.20,0.00,'0',1,1);
/*!40000 ALTER TABLE `sta_statement` ENABLE KEYS */;
UNLOCK TABLES;

--
-- Table structure for table `sti_statement_item`
--

DROP TABLE IF EXISTS `sti_statement_item`;
/*!40101 SET @saved_cs_client     = @@character_set_client */;
/*!50503 SET character_set_client = utf8mb4 */;
CREATE TABLE `sti_statement_item` (
  `sti_identity` int NOT NULL AUTO_INCREMENT,
  `sti_movement_date` datetime NOT NULL,
  `sti_description` varchar(200) NOT NULL,
  `sti_document_number` varchar(50) NOT NULL,
  `sti_operation_type` varchar(1) NOT NULL,
  `sti_movement_value` decimal(11,2) NOT NULL,
  `sti_is_exported` varchar(1) NOT NULL,
  `sta_identity` int NOT NULL,
  `usr_identity` int NOT NULL,
  PRIMARY KEY (`sti_identity`),
  KEY `fk_sta_statement_sti` (`sta_identity`),
  CONSTRAINT `fk_sta_statement_sti` FOREIGN KEY (`sta_identity`) REFERENCES `sta_statement` (`sta_identity`),
  CONSTRAINT `sti_statement_item_chk_1` CHECK ((`sti_is_exported` in (_latin1'0',_latin1'1')))
) ENGINE=InnoDB AUTO_INCREMENT=1435 DEFAULT CHARSET=utf8mb4 COLLATE=utf8mb4_0900_ai_ci;
/*!40101 SET character_set_client = @saved_cs_client */;

--
-- Dumping data for table `sti_statement_item`
--

LOCK TABLES `sti_statement_item` WRITE;
/*!40000 ALTER TABLE `sti_statement_item` DISABLE KEYS */;
INSERT INTO `sti_statement_item` VALUES (873,'2024-05-01 12:00:00','Saldo Anterior','','C',563.12,'1',12,1),(874,'2024-05-02 12:00:00','Pix - Recebido -> 02/05 07:41 Salário Cast - Adiantamento','20.741.525.691.102','C',2000.00,'1',12,1),(875,'2024-05-02 12:00:00','Aplicação Poupança -> 02/05 07:44 Depósito de saldo anterior para poupança','602.793.510.044.671','D',563.12,'1',12,1),(876,'2024-05-02 12:00:00','Pix - Enviado -> 01/05 10:29 Neucina Pontes Soares','50.201','D',20.00,'1',12,1),(877,'2024-05-03 12:00:00','Telefone Pre-Pago -> 03/05 16:13 (85)98832-6786 Vivo','988.326.786.033.825','D',30.00,'1',12,1),(878,'2024-05-06 12:00:00','Pix - Recebido -> 05/05 13:34 36346192000130 MASCILENE D','149.268.467.542.651','C',6.00,'1',12,1),(879,'2024-05-06 12:00:00','Compra com Cartão -> 04/05 18:52 KALZONE INDUSTRIA E','167.956','D',17.90,'1',12,1),(880,'2024-05-06 12:00:00','Compra com Cartão -> 06/05 17:42 MP*FABRICADOPROFESSO','263.742','D',5.80,'1',12,1),(881,'2024-05-06 12:00:00','Pix - Enviado -> 05/05 11:28 Mascilene Da Silva Me','50.601','D',31.00,'1',12,1),(882,'2024-05-06 12:00:00','Pagamento de Boleto -> UNIMED FORTALEZA SOCIEDADE COO','50.602','D',910.14,'1',12,1),(883,'2024-05-06 12:00:00','Pagamento de Boleto -> UNIODONTO FORTALEZA COOPERATIV','50.603','D',49.68,'1',12,1),(884,'2024-05-06 12:00:00','Pix - Enviado -> 06/05 15:27 Arminda Chagas De Oliveira','50.604','D',13.50,'1',12,1),(885,'2024-05-07 12:00:00','Pix - Enviado -> 07/05 14:16 Secretaria Da Fazenda Do E','50.701','D',259.59,'1',12,1),(886,'2024-05-08 12:00:00','Pix - Recebido -> 08/05 19:18 Salário Cast - Complemento','81.918.467.073.762','C',4035.61,'1',12,1),(887,'2024-05-08 12:00:00','Pix - Enviado -> 08/05 13:52 Alipay/aliexpress - Pix','50.801','D',119.04,'1',12,1),(888,'2024-05-09 12:00:00','Compra com Cartão -> 09/05 23:06 PAG*RaiaDrogasilSA','183.210','D',17.08,'1',12,1),(889,'2024-05-09 12:00:00','Pix - Enviado -> 09/05 17:12 Bolo, doces, cupcakes -> Jessica Elien','50.901','D',310.00,'1',12,1),(890,'2024-05-10 12:00:00','Compra com Cartão -> 10/05 12:38 POSTO TETRA','145.499','D',100.00,'1',12,1),(891,'2024-05-10 12:00:00','Pix - Enviado -> 10/05 13:06 Tiago Queiroz Vidal','51.001','D',564.80,'1',12,1),(892,'2024-05-10 12:00:00','Pagamento de Boleto -> CONDOMINIO DO EDIF  FLAMBOYANT','51.002','D',459.00,'1',12,1),(893,'2024-05-10 12:00:00','Pagamento de Boleto -> COMPAHIA ENERGETICA CE COELCE','51.003','D',289.39,'1',12,1),(894,'2024-05-13 12:00:00','Transferido da poupança -> 13/05 18:05 Salvatore - Poupança para Crédito','2.793.510.044.671','C',258.00,'1',12,1),(895,'2024-05-13 12:00:00','Compra com Cartão -> 11/05 12:45 C A MODAS LJ 380','145.930','D',125.98,'1',12,1),(896,'2024-05-13 12:00:00','Compra com Cartão -> 12/05 13:15 PAG*CasaFreitas','247.713','D',70.76,'1',12,1),(897,'2024-05-13 12:00:00','Pix - Enviado -> 11/05 10:25 Arminda Chagas De Oliveira','51.301','D',13.50,'1',12,1),(898,'2024-05-13 12:00:00','Pix - Enviado -> 11/05 11:54 José Erivaldo Ferreira De','51.302','D',75.00,'1',12,1),(899,'2024-05-13 12:00:00','Pagamento de Boleto -> ITAU UNIBANCO HOLDING S.A.','51.303','D',1237.52,'1',12,1),(900,'2024-05-13 12:00:00','Pagamento de Telefone -> CLARO NE DDD 81 A 89','686','D',71.41,'1',12,1),(901,'2024-05-13 12:00:00','Pagamento de Telefone -> OI SA MOVEL','15.369','D',114.80,'1',12,1),(902,'2024-05-17 12:00:00','Compra com Cartão -> 17/05 06:13 NETFLIX ENTRETENIMEN','122.433','D',39.90,'1',12,1),(903,'2024-05-17 12:00:00','Compra com Cartão -> 17/05 07:25 PANIFICADORA IOLANDA','226.702','D',8.81,'1',12,1),(904,'2024-05-17 12:00:00','Pix - Enviado -> 17/05 10:31 Arminda Chagas De Oliveira','51.701','D',13.50,'1',12,1),(905,'2024-05-20 12:00:00','Pix - Rejeitado -> 19/05 13:57 PIX NAO EFETUADO. ERRO NO','191.357.522.061.092','C',66.97,'1',12,1),(906,'2024-05-20 12:00:00','Compra com Cartão -> 18/05 12:09 POSTO TETRA','143.740','D',100.00,'1',12,1),(907,'2024-05-20 12:00:00','Compra com Cartão -> 20/05 12:34 HNA*OBOTICARIO','145.268','D',12.00,'1',12,1),(908,'2024-05-20 12:00:00','Compra com Cartão -> 20/05 12:48 Monajo bordados','246.092','D',15.00,'1',12,1),(909,'2024-05-20 12:00:00','Compra com Cartão -> 18/05 20:16 FARMACIAS MA DOS REM','272.999','D',16.99,'1',12,1),(910,'2024-05-20 12:00:00','Compra com Cartão -> 20/05 13:55 ASSAI ATACADISTA','350.159','D',24.74,'1',12,1),(911,'2024-05-20 12:00:00','Compra com Cartão -> 19/05 14:21 SUPERM SAO LUIZ','351.679','D',42.54,'1',12,1),(912,'2024-05-20 12:00:00','Compra com Cartão -> 19/05 17:07 PINHEIRO SUPERMERCAD','661.667','D',5.32,'1',12,1),(913,'2024-05-20 12:00:00','Compra com Cartão -> 20/05 07:33 EXTRAFARMA JOSE LEON','727.189','D',18.41,'1',12,1),(914,'2024-05-20 12:00:00','Compra com Cartão -> 20/05 12:10 PAG*ChapaQuente','843.834','D',47.62,'1',12,1),(915,'2024-05-20 12:00:00','Pix - Enviado -> 18/05 13:35 Leandro Fernandes','52.001','D',100.00,'1',12,1),(916,'2024-05-20 12:00:00','Pix - Enviado -> 19/05 13:57 Antonio Alves Da Silva','52.002','D',66.97,'1',12,1),(917,'2024-05-20 12:00:00','Pix - Enviado -> 19/05 13:58 Antonio Alves Da Silva','52.003','D',66.97,'1',12,1),(918,'2024-05-20 12:00:00','Pagamento de Boleto -> UNIODONTO FORTALEZA COOPERATIV','52.004','D',48.60,'1',12,1),(919,'2024-05-20 12:00:00','Pix - Enviado -> 20/05 16:25 Walter Diego De Souza Frei','52.005','D',15.00,'1',12,1),(920,'2024-05-22 12:00:00','Compra com Cartão -> 22/05 07:57 EXTRAFARMA JOSE LEON','128.659','D',31.21,'1',12,1),(921,'2024-05-22 12:00:00','Pix - Enviado -> 22/05 09:18 Débora Almeida Albuquerque','52.201','D',35.00,'1',12,1),(922,'2024-05-23 12:00:00','Compra com Cartão -> 23/05 12:44 PAG*ChapaQuente','145.845','D',32.00,'1',12,1),(923,'2024-05-23 12:00:00','Pix - Enviado -> 23/05 14:35 Arminda Chagas De Oliveira','52.301','D',13.50,'1',12,1),(924,'2024-05-23 12:00:00','Pix - Enviado -> 23/05 22:07 Alimentação - Glauter Carneiro','52.302','D',30.00,'1',12,1),(925,'2024-05-24 12:00:00','Compra com Cartão -> 24/05 07:24 EXTRAFARMA DESEMBARG','126.686','D',37.99,'1',12,1),(926,'2024-05-24 12:00:00','Compra com Cartão -> 24/05 08:40 PANIFICADORA IOLANDA','231.226','D',26.00,'1',12,1),(927,'2024-05-24 12:00:00','Compra com Cartão -> 24/05 08:54 SUPERMERCADO COMETA','332.042','D',34.33,'1',12,1),(928,'2024-05-27 12:00:00','Compra com Cartão -> 25/05 10:42 PORTITALIA','138.573','D',47.27,'1',12,1),(929,'2024-05-27 12:00:00','Compra com Cartão -> 25/05 12:12 PAG*CasaFreitas','243.938','D',100.94,'1',12,1),(930,'2024-05-27 12:00:00','Compra com Cartão -> 25/05 12:57 SUPERMERCADO COMETA','346.624','D',113.27,'1',12,1),(931,'2024-05-27 12:00:00','Compra com Cartão -> 26/05 07:45 SOBRAL E PALACIO COMBUSTIVEL','627.958','D',80.00,'1',12,1),(932,'2024-05-27 12:00:00','Compra com Cartão -> 26/05 10:04 PANIFICADORA IOLANDA','736.265','D',41.30,'1',12,1),(933,'2024-05-27 12:00:00','Pix - Enviado -> 26/05 13:21 Mascilene Da Silva Me','52.701','D',30.00,'1',12,1),(934,'2024-05-27 12:00:00','Tarifa Pacote de Serviços -> Cobrança referente 27/05/24','881.481.100.008.000','D',14.20,'1',12,1),(935,'2024-05-28 12:00:00','Compra com Cartão -> 28/05 18:21 SUPERMERCADO COMETA','166.103','D',86.73,'1',12,1),(936,'2024-05-31 12:00:00','Compra com Cartão -> 31/05 07:36 MP*SJRACOES','127.401','D',7.00,'1',12,1),(937,'2024-06-01 12:00:00','Saldo Anterior','','C',57.58,'1',13,1),(938,'2024-06-03 12:00:00','Pix - Recebido -> 01/06 08:36 84609753391 WALTER DIEGO D','172.418.087.003.861','C',2000.00,'1',13,1),(939,'2024-06-03 12:00:00','Compra com Cartão -> 01/06 12:46 POSTO TETRA','145.989','D',100.00,'1',13,1),(940,'2024-06-03 12:00:00','Aplicação Poupança -> 01/06 08:33 WALTER DIEGO SOUZA FREIR','602.793.510.044.671','D',57.58,'1',13,1),(941,'2024-06-03 12:00:00','Telefone Pre-Pago -> 03/06 13:06 (85)98832-6786 Vivo','988.326.786.526.939','D',30.00,'1',13,1),(942,'2024-06-03 12:00:00','Pix - Enviado -> 01/06 08:38 Arminda Chagas De Oliveira','60.301','D',13.50,'1',13,1),(943,'2024-06-04 12:00:00','Compra com Cartão -> 04/06 07:39 PANIFICADORA IOLANDA','127.554','D',2.32,'1',13,1),(944,'2024-06-04 12:00:00','Compra com Cartão -> 04/06 20:24 BIG MONSTER','273.493','D',39.70,'1',13,1),(945,'2024-06-04 12:00:00','Compra com Cartão -> 04/06 20:41 PAG*RaiaDrogasilSA','374.514','D',101.72,'1',13,1),(946,'2024-06-05 12:00:00','Pix - Enviado -> 05/06 10:04 Magazine Luiza Marketplace','60.501','D',83.80,'1',13,1),(947,'2024-06-07 12:00:00','Pix - Recebido -> 07/06 12:11 00084609753391 WALTER DIEG','71.211.450.159.472','C',3990.92,'1',13,1),(948,'2024-06-07 12:00:00','Pix - Enviado -> 07/06 12:19 Tiago Queiroz Vidal','60.701','D',564.80,'1',13,1),(949,'2024-06-07 12:00:00','Pagamento de Boleto -> UNIMED FORTALEZA SOCIEDADE COO','60.702','D',1034.10,'1',13,1),(950,'2024-06-07 12:00:00','Pagamento de Boleto -> CONDOMINIO DO EDIF  FLAMBOYANT','60.703','D',459.00,'1',13,1),(951,'2024-06-07 12:00:00','Pix - Enviado -> 07/06 12:40 Secretaria Da Fazenda Do E','60.704','D',259.56,'1',13,1),(952,'2024-06-07 12:00:00','Pagamento de Boleto -> COMPAHIA ENERGETICA CE COELCE','60.705','D',306.94,'1',13,1),(953,'2024-06-10 12:00:00','Compra com Cartão -> 08/06 16:23 PG *TON GERISSA DOS','159.011','D',15.00,'1',13,1),(954,'2024-06-10 12:00:00','Compra com Cartão -> 10/06 11:39 PG *TON CIBELLY OLIV','241.991','D',6.00,'1',13,1),(955,'2024-06-10 12:00:00','Compra com Cartão -> 10/06 11:43 PG *TON CIBELLY OLIV','342.227','D',3.00,'1',13,1),(956,'2024-06-10 12:00:00','Pix - Enviado -> 08/06 10:24 Arminda Chagas De Oliveira','61.001','D',13.50,'1',13,1),(957,'2024-06-11 12:00:00','Pagamento de Telefone -> OI SA MOVEL','15.369','D',114.80,'1',13,1),(958,'2024-06-12 12:00:00','Compra com Cartão -> 12/06 18:56 SUPERM SAO LUIZ','168.187','D',31.88,'1',13,1),(959,'2024-06-12 12:00:00','Compra com Cartão -> 12/06 19:06 MP*FABRICADOPROFESSO','268.799','D',9.50,'1',13,1),(960,'2024-06-12 12:00:00','Pagamento de Telefone -> CLARO NE DDD 81 A 89','686','D',66.41,'1',13,1),(961,'2024-06-13 12:00:00','Compra com Cartão -> 13/06 07:33 PANIFICADORA IOLANDA','127.222','D',2.46,'1',13,1),(962,'2024-06-13 12:00:00','Compra com Cartão -> 13/06 12:27 OLIRIO COMERCIO DE D','244.849','D',80.00,'1',13,1),(963,'2024-06-13 12:00:00','Pix - Enviado -> 13/06 09:41 Polly Kids Ltda','61.301','D',75.00,'1',13,1),(964,'2024-06-14 12:00:00','Compra com Cartão -> 14/06 07:19 EXTRAFARMA JOSE LEON','126.351','D',15.98,'1',13,1),(965,'2024-06-14 12:00:00','Pagamento de Boleto -> ITAU UNIBANCO HOLDING S.A.','61.401','D',952.34,'1',13,1),(966,'2024-06-14 12:00:00','Pix - Enviado -> 14/06 12:45 C6 Bank','61.402','D',445.12,'1',13,1),(967,'2024-06-17 12:00:00','Pix - Recebido -> 15/06 17:36 04895209369 JESSICA ELIEN','184.837.927.995.351','C',24.00,'1',13,1),(968,'2024-06-17 12:00:00','Compra com Cartão -> 15/06 08:44 PANIFICADORA IOLANDA','131.482','D',11.98,'1',13,1),(969,'2024-06-17 12:00:00','Compra com Cartão -> 15/06 23:33 HOSP UNIMED FORTALEZ','284.804','D',25.00,'1',13,1),(970,'2024-06-17 12:00:00','Compra com Cartão -> 15/06 23:55 REDBIBIS COMERCIO','386.128','D',33.55,'1',13,1),(971,'2024-06-17 12:00:00','Compra com Cartão -> 16/06 13:12 SUPERMERCADO COMETA','647.532','D',5.69,'1',13,1),(972,'2024-06-17 12:00:00','Compra com Cartão -> 16/06 18:30 FARMACIAS MA DOS REM','766.608','D',31.00,'1',13,1),(973,'2024-06-17 00:00:00','Compra com Cartão -> 17/06 05:24 NETFLIX ENTRETENIMEN','819.489','D',39.90,'1',13,1),(974,'2024-06-17 00:00:00','Pix - Enviado -> 17/06 13:47 Amazon.com.br','61.701','D',78.90,'1',13,1),(975,'2024-06-18 00:00:00','Compra com Cartão -> 18/06 08:39 POSTO TETRA','131.171','D',100.00,'1',13,1),(976,'2024-06-18 00:00:00','Pix - Enviado -> 18/06 06:55 Arminda Chagas De Oliveira','61.801','D',13.50,'1',13,1),(977,'2024-06-18 00:00:00','Pagamento de Boleto -> UNIODONTO FORTALEZA COOPERATIV','61.802','D',48.60,'1',13,1),(978,'2024-06-19 00:00:00','Compra com Cartão -> 19/06 07:24 PAG*Biscoitando','126.654','D',13.00,'1',13,1),(979,'2024-06-19 00:00:00','Compra com Cartão -> 19/06 16:13 FARMACIA MARIA DOS R','258.404','D',10.00,'1',13,1),(980,'2024-06-19 00:00:00','Compra com Cartão -> 19/06 16:15 MP*FABRICADOPROFESSO','358.555','D',10.00,'1',13,1),(981,'2024-06-24 00:00:00','Compra com Cartão -> 22/06 08:21 MP*SJRACOES','130.067','D',7.00,'1',13,1),(982,'2024-06-24 00:00:00','Compra com Cartão -> 24/06 13:08 PAG*ChapaQuente','147.283','D',48.66,'1',13,1),(983,'2024-06-24 00:00:00','Compra com Cartão -> 22/06 08:28 PANIFICADORA IOLANDA','230.512','D',10.72,'1',13,1),(984,'2024-06-24 00:00:00','Compra com Cartão -> 24/06 14:39 ASSAI ATACADISTA','252.796','D',5.99,'1',13,1),(985,'2024-06-24 00:00:00','Compra com Cartão -> 22/06 13:21 SUPERMERCADO COMETA','348.114','D',18.55,'1',13,1),(986,'2024-06-24 00:00:00','Compra com Cartão -> 22/06 19:17 PAG*Biscoitando','669.474','D',60.00,'1',13,1),(987,'2024-06-24 00:00:00','Compra com Cartão -> 23/06 13:07 LEROY MERLIN','747.228','D',104.61,'1',13,1),(988,'2024-06-24 00:00:00','Compra com Cartão -> 23/06 14:26 REDBIBIS COMERCIO','851.973','D',9.46,'1',13,1),(989,'2024-06-24 00:00:00','Pix - Enviado -> 24/06 11:01 Agape Acate Atividades Cul','62.401','D',30.00,'1',13,1),(990,'2024-06-25 00:00:00','Tarifa Pacote de Serviços -> Cobrança referente 25/06/24','821.771.100.489.017','D',14.20,'1',13,1),(991,'2024-06-26 00:00:00','Compra com Cartão -> 26/06 07:18 PAG*Biscoitando','126.323','D',8.50,'1',13,1),(992,'2024-06-26 00:00:00','Compra com Cartão -> 26/06 12:28 SKINA DO BAIAO','244.895','D',14.45,'1',13,1),(993,'2024-06-26 00:00:00','Pix - Enviado -> 26/06 16:30 Arminda Chagas De Oliveira','62.601','D',13.50,'1',13,1),(994,'2024-06-27 00:00:00','Compra com Cartão -> 27/06 13:11 PICANHA DO ALEMAO','147.503','D',58.94,'1',13,1),(995,'2024-06-27 00:00:00','Compra com Cartão -> 27/06 21:30 PADARIA E CONFEITARI','277.452','D',58.60,'1',13,1),(996,'2024-06-27 00:00:00','Compra com Cartão -> 27/06 21:46 SOBRAL E PALACIO - P','378.377','D',80.00,'1',13,1),(997,'2024-06-28 00:00:00','Compra com Cartão -> 28/06 16:38 SUPERMERCADO COMETA','159.911','D',14.38,'1',13,1),(998,'2024-06-28 00:00:00','Compra com Cartão -> 28/06 20:20 SUPERMERCADO COMETA','273.207','D',45.03,'1',13,1),(999,'2024-06-28 00:00:00','Pix - Enviado -> 28/06 16:31 Edinaldo Oliveira Da Silva','62.801','D',30.00,'1',13,1),(1000,'2024-04-01 00:00:00','Saldo Anterior','','C',246.58,'1',14,1),(1001,'2024-04-01 00:00:00','Pix - Recebido -> 01/04 06:54 Salário Cast - Adiantamento','10.654.458.692.582','C',2000.00,'1',14,1),(1002,'2024-04-01 00:00:00','Compra com Cartão -> 29/03 16:53 PG *TON PARDAL SORVE','160.817','D',24.00,'1',14,1),(1003,'2024-04-01 00:00:00','Compra com Cartão -> 30/03 15:01 JUNIOR DA PICANHA','254.095','D',107.00,'1',14,1),(1004,'2024-04-01 00:00:00','Compra com Cartão -> 30/03 18:27 DUTI CAFE','366.429','D',4.00,'1',14,1),(1005,'2024-04-01 00:00:00','Compra com Cartão -> 30/03 18:54 GRAND PARKING','668.041','D',10.00,'1',14,1),(1006,'2024-04-01 00:00:00','Compra com Cartão -> 31/03 10:24 PANIFICADORA IOLANDA','737.465','D',31.53,'1',14,1),(1007,'2024-04-01 00:00:00','Aplicação Poupança -> 01/04 06:52 Depósito de saldo anterior para poupança','602.793.510.044.671','D',40.15,'1',14,1),(1008,'2024-04-01 00:00:00','Telefone Pre-Pago -> 01/04 16:36 (85)98832-6786 Vivo','988.326.786.040.347','D',30.00,'1',14,1),(1009,'2024-04-01 00:00:00','Pix - Enviado -> 30/03 11:17 Demerge','40.101','D',29.90,'1',14,1),(1010,'2024-04-02 00:00:00','Pagamento de Boleto -> CONDOMINIO DO EDIF  FLAMBOYANT','40.201','D',459.00,'1',14,1),(1011,'2024-04-03 00:00:00','Compra com Cartão -> 03/04 11:49 BARROS OLIVEIRA','142.570','D',60.00,'1',14,1),(1012,'2024-04-03 00:00:00','Pix - Enviado -> 03/04 08:10 Arminda Chagas De Oliveira','40.301','D',13.50,'1',14,1),(1013,'2024-04-04 00:00:00','Pix - Enviado -> 04/04 12:47 Alipay/aliexpress - Pix','40.403','D',120.64,'1',14,1),(1014,'2024-04-05 00:00:00','Pagamento de Boleto -> UNIMED FORTALEZA SOCIEDADE COO','40.501','D',963.97,'1',14,1),(1015,'2024-04-08 00:00:00','Pix - Recebido -> 08/04 17:57 Salário Cast - Complemento','126.098.632.734.231','C',4035.61,'1',14,1),(1016,'2024-04-08 00:00:00','Aplicação Poupança -> 08/04 18:01 WALTER DIEGO SOUZA FREIR','602.793.510.044.671','D',564.80,'1',14,1),(1017,'2024-04-08 00:00:00','Pix - Enviado -> 07/04 08:53 Pico.le.le','40.801','D',87.90,'1',14,1),(1018,'2024-04-08 00:00:00','Pix - Enviado -> 08/04 18:03 Secretaria Da Fazenda Do E - IPVA HB20s','40.803','D',259.59,'1',14,1),(1019,'2024-04-10 00:00:00','Pix - Enviado -> 10/04 10:35 Arminda Chagas De Oliveira','41.001','D',13.50,'1',14,1),(1020,'2024-04-10 00:00:00','Pagamento de Boleto -> COMPAHIA ENERGETICA CE COELCE','41.002','D',235.17,'1',14,1),(1021,'2024-04-10 00:00:00','Pagamento de Boleto -> ITAU UNIBANCO HOLDING S.A.','41.003','D',921.09,'1',14,1),(1022,'2024-04-11 00:00:00','Pix - Enviado -> 11/04 14:12 Jessica Elien Olimpio De S','41.101','D',100.00,'1',14,1),(1023,'2024-04-11 00:00:00','Pagamento de Telefone -> OI SA MOVEL','15.369','D',114.80,'1',14,1),(1024,'2024-04-12 00:00:00','Compra com Cartão -> 12/04 10:53 COMERCIAL NOBRE','139.185','D',12.00,'1',14,1),(1025,'2024-04-12 00:00:00','Pagamento de Telefone -> CLARO NE DDD 81 A 89','686','D',71.41,'1',14,1),(1026,'2024-04-15 00:00:00','Compra com Cartão -> 14/04 07:27 PAG*CadventureFor','126.858','D',15.00,'1',14,1),(1027,'2024-04-16 00:00:00','Transferido da poupança -> 16/04 14:46 Poupança Extra - Manutenção geladeira','2.793.510.044.671','C',700.00,'1',14,1),(1028,'2024-04-16 00:00:00','Compra com Cartão -> 16/04 07:52 MP*SJRACOES','128.352','D',7.00,'1',14,1),(1029,'2024-04-16 00:00:00','Pix - Enviado -> 16/04 09:56 Higor Eduardo - Manutenção Geladeira','41.601','D',30.00,'1',14,1),(1030,'2024-04-16 00:00:00','Pix - Enviado -> 16/04 12:38 Higor Eduardo - Manutenção Geladeira','41.602','D',670.00,'1',14,1),(1031,'2024-04-16 00:00:00','Pix - Enviado -> 16/04 14:48 Arminda Chagas De Oliveira','41.603','D',13.50,'1',14,1),(1032,'2024-04-17 00:00:00','Compra com Cartão -> 17/04 04:55 NETFLIX ENTRETENIMEN','117.700','D',39.90,'1',14,1),(1033,'2024-04-17 00:00:00','Pix - Enviado -> 17/04 13:59 Walter Diego De Souza Frei','41.702','D',15.00,'1',14,1),(1034,'2024-04-18 00:00:00','Pix - Recebido Vilde Freir -> 18/04 12:32 Vilde Freire - Precatório','e - Depósito','C',8000.00,'1',14,1),(1035,'2024-04-18 00:00:00','Compra com Cartão -> 18/04 07:31 PAGUE MENOS 491','127.080','D',25.99,'1',14,1),(1036,'2024-04-18 00:00:00','Compra com Cartão -> 18/04 11:59 ASSAI ATACADISTA','243.142','D',106.51,'1',14,1),(1037,'2024-04-18 00:00:00','Pix - Enviado -> 18/04 16:24 Edinaldo Oliveira Da Silva','41.801','D',30.00,'1',14,1),(1038,'2024-04-19 00:00:00','Compra com Cartão -> 19/04 15:02 PG *TON GERISSA DOS','154.147','D',15.00,'1',14,1),(1039,'2024-04-19 00:00:00','Compra com Cartão -> 19/04 16:10 GRAF PRIME','258.251','D',42.00,'1',14,1),(1040,'2024-04-19 00:00:00','Compra com Cartão -> 19/04 16:39 COMERCIAL NOBRE','359.996','D',22.50,'1',14,1),(1041,'2024-04-19 00:00:00','Compra com Cartão -> 19/04 20:14 BIG MONSTER','672.851','D',27.80,'1',14,1),(1042,'2024-04-22 00:00:00','Compra com Cartão -> 20/04 10:17 PAG*MarceloRodrigues','137.076','D',15.00,'1',14,1),(1043,'2024-04-22 00:00:00','Compra com Cartão -> 21/04 21:50 COMPLEXO SALVATORE','178.622','D',124.50,'1',14,1),(1044,'2024-04-22 00:00:00','Compra com Cartão -> 20/04 11:15 ALLEGRO MUNDO','240.510','D',4.99,'1',14,1),(1045,'2024-04-22 00:00:00','Compra com Cartão -> 20/04 18:36 PLANET PARK','367.004','D',50.00,'1',14,1),(1046,'2024-04-22 00:00:00','Compra com Cartão -> 20/04 20:08 JR TERRAZO RESTAURAN','672.531','D',69.80,'1',14,1),(1047,'2024-04-22 00:00:00','Compra com Cartão -> 21/04 13:07 SUPERMERCADO COMETA','747.267','D',26.41,'1',14,1),(1048,'2024-04-22 00:00:00','Compra com Cartão -> 21/04 21:45 NAINI STAKE BURGUER','878.349','D',152.51,'1',14,1),(1049,'2024-04-22 00:00:00','Aplicação Poupança -> 20/04 11:01 Vilde Freire - Precatório','602.793.510.044.671','D',8000.00,'1',14,1),(1050,'2024-04-22 00:00:00','Pix - Enviado -> 21/04 16:05 Pix Marketplace','42.202','D',39.90,'1',14,1),(1051,'2024-04-22 00:00:00','Pix - Enviado -> 22/04 14:22 Alexandre Matos Ltda','42.203','D',23.00,'1',14,1),(1052,'2024-04-23 00:00:00','Compra com Cartão -> 23/04 12:16 SUPERMERCADO COMETA','144.190','D',98.93,'1',14,1),(1053,'2024-04-23 00:00:00','Pix - Enviado -> 23/04 08:07 Arminda Chagas De Oliveira','42.301','D',13.50,'1',14,1),(1054,'2024-04-24 00:00:00','Compra com Cartão -> 24/04 08:59 PANIFICADORA IOLANDA','132.389','D',19.29,'1',14,1),(1055,'2024-04-24 00:00:00','Compra com Cartão -> 24/04 09:04 PAGUE MENOS 491','232.682','D',47.98,'1',14,1),(1056,'2024-04-24 00:00:00','Compra com Cartão -> 24/04 12:52 PAG*ChapaQuente','346.336','D',49.44,'1',14,1),(1057,'2024-04-24 00:00:00','Compra com Cartão -> 24/04 13:09 SO DANCA','647.389','D',35.00,'1',14,1),(1058,'2024-04-25 00:00:00','Compra com Cartão -> 25/04 21:29 OLIRIO COMERCIO D','177.343','D',100.00,'1',14,1),(1059,'2024-04-25 00:00:00','Compra com Cartão -> 25/04 22:30 OPY ACAI','281.018','D',66.00,'1',14,1),(1060,'2024-04-25 00:00:00','Tarifa Pacote de Serviços -> Cobrança referente 25/04/24','821.161.100.527.409','D',14.20,'1',14,1),(1061,'2024-04-26 00:00:00','Compra com Cartão -> 26/04 11:29 CLDO INOVI SHOPPI','141.370','D',120.74,'1',14,1),(1062,'2024-04-26 00:00:00','Compra com Cartão -> 26/04 12:58 KALZONE INDUSTRIA E','246.690','D',18.50,'1',14,1),(1063,'2024-04-26 00:00:00','Compra com Cartão -> 26/04 13:25 DOMINOS PIZZZA','348.348','D',18.80,'1',14,1),(1064,'2024-04-26 00:00:00','Pix - Enviado -> 26/04 12:48 Kalunga Sa','42.601','D',24.70,'1',14,1),(1065,'2024-04-29 00:00:00','Compra com Cartão -> 29/04 12:14 MP*FABRICADOPROFESSO','144.069','D',7.80,'1',14,1),(1066,'2024-04-29 00:00:00','Compra com Cartão -> 27/04 13:44 SUPERMERCADO COMETA','149.479','D',70.48,'1',14,1),(1067,'2024-04-29 00:00:00','Compra com Cartão -> 28/04 14:05 PADARIA E CONFEITARI','250.729','D',59.62,'1',14,1),(1068,'2024-04-29 00:00:00','Compra com Cartão -> 28/04 14:20 ANIMALE PET SHOP','351.623','D',11.80,'1',14,1),(1069,'2024-04-29 00:00:00','Compra com Cartão -> 28/04 14:46 PINHEIRO SUPERMERCAD','653.210','D',53.59,'1',14,1),(1070,'2024-04-29 00:00:00','Compra com Cartão -> 29/04 11:59 FARMACIAS MA DOS REM','743.165','D',5.00,'1',14,1),(1071,'2024-04-29 00:00:00','Compra com Cartão -> 29/04 12:12 SUPERMERCADO COMETA','843.928','D',46.78,'1',14,1),(1072,'2024-04-29 00:00:00','Pix - Enviado -> 27/04 22:32 Alimentação - Sushi - Renato Junior','42.901','D',21.00,'1',14,1),(1073,'2024-04-29 00:00:00','Pix - Enviado -> 27/04 22:34 Alimentação - Sushi - Breno Freire','42.902','D',21.00,'1',14,1),(1074,'2024-04-29 00:00:00','Pix - Enviado -> 29/04 15:49 Arminda Chagas De Oliveira','42.903','D',13.50,'1',14,1),(1075,'2024-04-30 00:00:00','Transferido da poupança -> 30/04 21:30 Poupança Crédito - Aniversário Filha','2.793.510.044.671','C',152.51,'1',14,1),(1076,'2024-04-30 00:00:00','Transferido da poupança -> 30/04 21:31 Poupança Crédito - Aniversário Filha','2.793.510.044.671','C',124.50,'1',14,1),(1077,'2024-04-30 00:00:00','Transferido da poupança -> 30/04 21:32 Poupança Crédito - Aniversário Filha','2.793.510.044.671','C',42.00,'1',14,1),(1078,'2024-04-30 00:00:00','Transferido da poupança -> 30/04 21:33 Poupança Crédito - Aniversário Filha','2.793.510.044.671','C',106.51,'1',14,1),(1079,'2024-04-30 00:00:00','Transferido da poupança -> 30/04 21:34 Poupança Crédito - Aniversário Filha','2.793.510.044.671','C',22.50,'1',14,1),(1080,'2024-04-30 00:00:00','Compra com Cartão -> 30/04 11:20 KALZONE INDUSTRIA E','140.814','D',32.80,'1',14,1),(1081,'2024-04-30 00:00:00','Compra com Cartão -> 30/04 19:08 SUPERMERCADO COMETA','268.904','D',56.38,'1',14,1),(1082,'2024-07-01 12:00:00','Saldo Anterior','','C',134.78,'1',15,1),(1083,'2024-07-01 12:00:00','Pix - Recebido -> 01/07 07:59 00084609753391 WALTER DIEG','198.315.840.455.461','C',2000.00,'1',15,1),(1084,'2024-07-01 12:00:00','Pix - Recebido -> 01/07 09:43 05009456400 MARIA VILDE DE','198.378.233.177.011','C',50.00,'1',15,1),(1085,'2024-07-01 12:00:00','Compra com Cartão -> 29/06 07:36 PAG*RaiaDrogasilSA','127.365','D',12.08,'1',15,1),(1086,'2024-07-01 12:00:00','Compra com Cartão -> 29/06 08:55 PANPANE PADARIA LTDA','232.100','D',41.91,'1',15,1),(1087,'2024-07-01 12:00:00','Compra com Cartão -> 30/06 09:19 PANIFICADORA IOLANDA','333.546','D',7.64,'1',15,1),(1088,'2024-07-01 12:00:00','Compra com Cartão -> 30/06 14:29 PG *TON PALICONE EUS','652.186','D',62.70,'1',15,1),(1089,'2024-07-01 12:00:00','Compra com Cartão -> 30/06 16:19 ESTACIONAMENTO RXN','758.797','D',8.00,'1',15,1),(1090,'2024-07-01 12:00:00','Compra com Cartão -> 01/07 13:05 PICANHA DO ALEMAO','847.133','D',55.21,'1',15,1),(1091,'2024-07-01 12:00:00','Aplicação Poupança -> 01/07 07:57 WALTER DIEGO SOUZA FREIR','602.793.510.044.671','D',2.45,'1',15,1),(1092,'2024-07-01 12:00:00','Pix - Enviado -> 01/07 10:32 Alipay/aliexpress - Pix','70.101','D',121.80,'1',15,1),(1093,'2024-07-02 12:00:00','Transferido da poupança -> 02/07 16:28 WALTER DIEGO SOUZA FREIR','2.793.510.044.671','C',2.45,'1',15,1),(1094,'2024-07-02 12:00:00','Compra com Cartão -> 02/07 15:11 LOJAS AMERICANAS','154.699','D',21.46,'1',15,1),(1095,'2024-07-02 12:00:00','Compra com Cartão -> 02/07 17:45 SANTANA JUNIOR CO','263.912','D',4.00,'1',15,1),(1096,'2024-07-02 12:00:00','Compra com Cartão -> 02/07 17:53 VIA SUL SHOPPING','364.380','D',15.00,'1',15,1),(1097,'2024-07-02 12:00:00','Aplicação Poupança -> 02/07 16:29 WALTER DIEGO SOUZA FREIR','602.793.510.044.671','D',134.78,'1',15,1),(1098,'2024-07-02 12:00:00','Pix - Enviado -> 02/07 20:02 Glauter Carneiro','70.201','D',45.00,'1',15,1),(1099,'2024-07-03 12:00:00','Compra com Cartão -> 03/07 11:20 FARMACIAS MA DOS REM','140.858','D',21.00,'1',15,1),(1100,'2024-07-03 12:00:00','Compra com Cartão -> 03/07 13:03 POSTO SAO DOMINGOS C','247.012','D',100.00,'1',15,1),(1101,'2024-07-04 12:00:00','Telefone Pre-Pago -> 04/07 08:45 (85)98832-6786 Vivo','988.326.786.008.654','D',30.00,'1',15,1),(1102,'2024-07-05 12:00:00','Compra com Cartão -> 05/07 23:15 PICANHA DO ALEMAO','183.735','D',40.00,'1',15,1),(1103,'2024-07-05 12:00:00','Pix - Enviado -> 05/07 09:56 Arminda Chagas De Oliveira','70.501','D',13.50,'1',15,1),(1104,'2024-07-05 12:00:00','Pix - Enviado -> 05/07 15:18 Unimed De Fortaleza','70.502','D',1180.22,'1',15,1),(1105,'2024-07-08 12:00:00','Pix - Recebido -> 08/07 20:38 00005009456400 MARIA VILDE','82.038.593.329.412','C',50.00,'1',15,1),(1106,'2024-07-08 12:00:00','Pix - Recebido -> 06/07 21:35 84609753391 WALTER DIEGO D','203.125.507.477.391','C',3965.41,'1',15,1),(1107,'2024-07-08 12:00:00','Compra com Cartão -> 06/07 19:36 PAG*CasaFreitas','170.617','D',100.80,'1',15,1),(1108,'2024-07-08 12:00:00','Pix - Enviado -> 06/07 21:40 Amazon.com.br','70.801','D',169.90,'1',15,1),(1109,'2024-07-08 12:00:00','Pagamento de Boleto -> CONDOMINIO DO EDIF  FLAMBOYANT','70.802','D',459.00,'1',15,1),(1110,'2024-07-09 12:00:00','Pix - Recebido -> 09/07 12:10 36346192000130 MASCILENE D','205.378.010.506.431','C',8.00,'1',15,1),(1111,'2024-07-09 12:00:00','Compra com Cartão -> 09/07 19:46 EXTRAFARMA DESEMBARG','171.180','D',92.69,'1',15,1),(1112,'2024-07-09 12:00:00','Pix - Enviado -> 09/07 11:15 Mascilene Da Silva Me','70.901','D',39.50,'1',15,1),(1113,'2024-07-09 12:00:00','Pix - Enviado -> 09/07 11:49 Arminda Chagas De Oliveira','70.902','D',5.00,'1',15,1),(1114,'2024-07-10 12:00:00','Pix - Recebido -> 10/07 12:39 01522368000697 BANCO BNP P','101.239.357.040.752','C',30.30,'1',15,1),(1115,'2024-07-11 12:00:00','Pix - Enviado -> 11/07 10:28 Arminda Chagas De Oliveira','71.101','D',13.50,'1',15,1),(1116,'2024-07-11 12:00:00','Pix - Enviado -> 11/07 16:07 Enel Distribuicao Ceara','71.102','D',320.45,'1',15,1),(1117,'2024-07-11 12:00:00','Pagamento de Boleto -> ITAU UNIBANCO HOLDING S.A.','71.103','D',532.54,'1',15,1),(1118,'2024-07-11 12:00:00','Pix - Enviado -> 11/07 16:15 C6 Bank','71.104','D',634.41,'1',15,1),(1119,'2024-07-11 12:00:00','Pix - Enviado -> 11/07 20:33 Walter Diego De Souza Frei','71.105','D',60.00,'1',15,1),(1120,'2024-07-11 12:00:00','Pagamento de Telefone -> OI SA MOVEL','15.369','D',114.80,'1',15,1),(1121,'2024-07-12 12:00:00','Pagamento de Telefone -> CLARO NE DDD 81 A 89','686','D',64.92,'1',15,1),(1122,'2024-07-15 12:00:00','Compra com Cartão -> 13/07 12:17 POSTO SAO DOMINGOS C','144.222','D',80.00,'1',15,1),(1123,'2024-07-15 12:00:00','Compra com Cartão -> 13/07 22:14 OPY ACAI','280.058','D',120.00,'1',15,1),(1124,'2024-07-15 12:00:00','Compra com Cartão -> 14/07 20:11 MK EUSEBIO','372.697','D',33.80,'1',15,1),(1125,'2024-07-15 12:00:00','Compra com Cartão -> 14/07 20:49 ESTACIONAMENTO RXN','674.949','D',8.00,'1',15,1),(1126,'2024-07-15 12:00:00','Compra com Cartão -> 15/07 12:56 MP*SJRACOES','746.590','D',7.00,'1',15,1),(1127,'2024-07-15 12:00:00','Pix - Enviado -> 13/07 15:31 R7 Comercio E Servicos De','71.501','D',76.94,'1',15,1),(1128,'2024-07-15 12:00:00','Pix - Enviado -> 15/07 15:59 Mooz Solucoes Financeiras','71.502','D',67.42,'1',15,1),(1129,'2024-07-16 12:00:00','Compra com Cartão -> 16/07 13:15 SUPERMERCADO COMETA','147.715','D',1.95,'1',15,1),(1130,'2024-07-17 12:00:00','Compra com Cartão -> 17/07 05:56 NETFLIX.COM','121.370','D',44.90,'1',15,1),(1131,'2024-07-22 12:00:00','Pix - Enviado -> 21/07 16:01 Glauter Carneiro','72.201','D',38.35,'1',15,1),(1132,'2024-07-22 12:00:00','Pix - Enviado -> 21/07 16:04 Glauter Carneiro','72.202','D',31.00,'1',15,1),(1133,'2024-07-24 12:00:00','Pix - Enviado -> 24/07 10:43 Arminda Chagas De Oliveira','72.401','D',13.50,'1',15,1),(1134,'2024-07-25 12:00:00','Compra com Cartão -> 25/07 12:56 PICANHA DO ALEMAO','146.601','D',25.37,'1',15,1),(1135,'2024-07-25 12:00:00','Compra com Cartão -> 25/07 19:23 SUPERMERCADO COMETA','269.826','D',105.18,'1',15,1),(1136,'2024-07-25 12:00:00','Tarifa Pacote de Serviços -> Cobrança referente 25/07/24','832.071.100.482.805','D',14.60,'1',15,1),(1137,'2024-07-26 12:00:00','Compra com Cartão -> 26/07 07:23 PANIFICADORA IOLANDA','126.585','D',12.05,'1',15,1),(1138,'2024-07-26 12:00:00','Compra com Cartão -> 26/07 07:28 POSTO SAO DOMINGOS C','226.910','D',80.00,'1',15,1),(1139,'2024-07-29 12:00:00','Compra com Cartão -> 29/07 14:02 SUPERMERCADO COMETA','150.549','D',60.38,'1',15,1),(1140,'2024-07-29 12:00:00','Compra com Cartão -> 29/07 14:05 SUPERMERCADO COMETA','250.758','D',9.99,'1',15,1),(1141,'2024-07-30 12:00:00','Compra com Cartão -> 30/07 21:29 PADARIA E CONFEITARI','177.390','D',43.79,'1',15,1),(1142,'2024-07-31 12:00:00','Restituição de IRPF','102.120.900.057.802','C',1527.65,'1',15,1),(1143,'2024-07-31 12:00:00','Pix - Enviado -> 31/07 13:51 Farmacias Maria Dos Remedi','73.101','D',61.00,'1',15,1),(1144,'2024-08-01 12:00:00','Saldo Anterior','','C',2309.11,'1',16,1),(1145,'2024-08-01 12:00:00','Pix - Recebido -> 01/08 18:31 84609753391 WALTER DIEGO D','225.479.158.802.481','C',2000.00,'1',16,1),(1146,'2024-08-01 12:00:00','Aplicação Poupança -> 01/08 18:39 WALTER DIEGO SOUZA FREIR','602.793.510.044.671','D',781.46,'1',16,1),(1147,'2024-08-01 12:00:00','Aplicação Poupança -> 01/08 18:41 WALTER DIEGO SOUZA FREIR','602.793.510.044.671','D',1527.65,'1',16,1),(1148,'2024-08-01 12:00:00','Pix - Enviado -> 01/08 18:33 Loterias Caixa','80.101','D',36.00,'1',16,1),(1149,'2024-08-01 12:00:00','Pagamento de Boleto -> UNIODONTO FORTALEZA COOPERATIV','80.102','D',49.60,'1',16,1),(1150,'2024-08-05 12:00:00','Compra com Cartão -> 04/08 08:15 POSTO SAO DOMINGOS C','129.714','D',80.00,'1',16,1),(1151,'2024-08-05 12:00:00','Compra com Cartão -> 04/08 10:29 BEACH PARK TEF','237.796','D',13.20,'1',16,1),(1152,'2024-08-05 12:00:00','Compra com Cartão -> 04/08 20:34 HENTS BURG','374.093','D',134.00,'1',16,1),(1153,'2024-08-05 12:00:00','Compra com Cartão -> 04/08 20:35 RosanaFilgueiras','674.107','D',13.40,'1',16,1),(1154,'2024-08-05 12:00:00','Telefone Pre-Pago -> 04/08 08:59 (85)98832-6786 Vivo','988.326.786.505.316','D',30.00,'1',16,1),(1155,'2024-08-05 12:00:00','Pix - Enviado -> 03/08 09:05 Arminda Chagas De Oliveira','80.501','D',13.50,'1',16,1),(1156,'2024-08-05 12:00:00','Pagamento de Boleto -> UNIMED FORTALEZA SOCIEDADE COO','80.502','D',1037.91,'1',16,1),(1157,'2024-08-06 12:00:00','Compra com Cartão -> 06/08 07:28 MP*SJRACOES','126.897','D',7.02,'1',16,1),(1158,'2024-08-07 12:00:00','Pix - Recebido -> 07/08 18:48 84609753391 WALTER DIEGO D','230.673.161.985.551','C',4000.51,'1',16,1),(1159,'2024-08-07 12:00:00','Compra com Cartão -> 07/08 08:11 PANIFICADORA IOLANDA','129.492','D',2.77,'1',16,1),(1160,'2024-08-07 12:00:00','Pagamento de Boleto -> CONDOMINIO DO EDIF  FLAMBOYANT','80.701','D',584.00,'1',16,1),(1161,'2024-08-08 12:00:00','Pagamento de Boleto -> COMPAHIA ENERGETICA CE COELCE','80.801','D',240.50,'1',16,1),(1162,'2024-08-12 12:00:00','Compra com Cartão -> 10/08 12:07 RIACHUELO-FILIAL.','143.629','D',59.90,'1',16,1),(1163,'2024-08-12 12:00:00','Compra com Cartão -> 10/08 12:45 SMS CHOCOLATES','245.913','D',5.00,'1',16,1),(1164,'2024-08-12 12:00:00','Compra com Cartão -> 10/08 13:25 SAL E BRASA','348.326','D',42.00,'1',16,1),(1165,'2024-08-12 12:00:00','Compra com Cartão -> 10/08 14:16 FORTALEZA IGUATEM','651.399','D',48.90,'1',16,1),(1166,'2024-08-12 12:00:00','Compra com Cartão -> 12/08 11:57 POSTO TETRA','743.067','D',100.00,'1',16,1),(1167,'2024-08-12 12:00:00','Pix - Enviado -> 12/08 09:20 Arminda Chagas De Oliveira','81.201','D',13.50,'1',16,1),(1168,'2024-08-12 12:00:00','Pagamento de Boleto -> ITAU UNIBANCO HOLDING S.A.','81.202','D',297.46,'1',16,1),(1169,'2024-08-12 12:00:00','Pix - Enviado -> 12/08 21:41 C6 Bank','81.203','D',729.90,'1',16,1),(1170,'2024-08-12 12:00:00','Pagamento de Telefone -> CLARO NE DDD 81 A 89','686','D',64.92,'1',16,1),(1171,'2024-08-12 12:00:00','Pagamento de Telefone -> OI SA MOVEL','15.369','D',114.80,'1',16,1),(1172,'2024-08-13 12:00:00','Compra com Cartão -> 13/08 07:27 EXTRAFARMA JOSE LEON','126.875','D',37.31,'1',16,1),(1173,'2024-08-13 12:00:00','Pix - Enviado -> 13/08 14:26 Barbara Ingred Santos Rodr','81.301','D',16.50,'1',16,1),(1174,'2024-08-14 12:00:00','Compra com Cartão -> 14/08 18:52 PAG*Santalolla','167.936','D',85.00,'1',16,1),(1175,'2024-08-14 12:00:00','Pix - Enviado -> 14/08 08:55 D.local','81.401','D',29.90,'1',16,1),(1176,'2024-08-16 12:00:00','Compra com Cartão -> 16/08 22:55 VASTO FORTALEZA','182.527','D',240.00,'1',16,1),(1177,'2024-08-16 12:00:00','Pix - Enviado -> 16/08 12:23 Edinaldo Oliveira Da Silva','81.601','D',30.00,'1',16,1),(1178,'2024-08-19 12:00:00','Compra com Cartão -> 17/08 07:31 NETFLIX ENTRETENIMEN','127.081','D',44.90,'1',16,1),(1179,'2024-08-19 12:00:00','Compra com Cartão -> 17/08 14:41 CUCA LEGAL','252.906','D',100.00,'1',16,1),(1180,'2024-08-19 12:00:00','Compra com Cartão -> 17/08 20:03 POSTO SAO DOMINGOS C','372.230','D',80.00,'1',16,1),(1181,'2024-08-19 12:00:00','Compra com Cartão -> 17/08 22:10 MePayFinancial','679.800','D',80.00,'1',16,1),(1182,'2024-08-19 12:00:00','Compra com Cartão -> 18/08 14:14 CAMARADA ADM FORTAL','751.289','D',100.00,'1',16,1),(1183,'2024-08-19 12:00:00','Pix - Enviado -> 17/08 11:23 Joao Jose Dos Santos','81.901','D',8.00,'1',16,1),(1184,'2024-08-20 12:00:00','Pix - Enviado -> 20/08 09:22 Arminda Chagas De Oliveira','82.001','D',13.50,'1',16,1),(1185,'2024-08-20 12:00:00','Pagamento de Boleto -> UNIODONTO FORTALEZA COOPERATIV','82.002','D',48.60,'1',16,1),(1186,'2024-08-21 12:00:00','Compra com Cartão -> 21/08 20:29 LEROY MERLIN','173.773','D',87.70,'1',16,1),(1187,'2024-08-21 12:00:00','Compra com Cartão -> 21/08 20:49 COBASI FORTALEZA','274.977','D',13.80,'1',16,1),(1188,'2024-08-22 12:00:00','Compra com Cartão -> 22/08 12:10 ComidariaSelf','143.841','D',45.92,'1',16,1),(1189,'2024-08-23 12:00:00','Pix - Enviado -> 23/08 20:05 Ifood','82.301','D',33.21,'1',16,1),(1190,'2024-08-26 12:00:00','Pix - Recebido -> 26/08 14:27 00005009456400 MARIA VILDE','261.427.098.263.462','C',7500.00,'1',16,1),(1191,'2024-08-26 12:00:00','Pix - Recebido -> 26/08 14:29 00005009456400 MARIA VILDE','261.429.050.531.972','C',2500.00,'1',16,1),(1192,'2024-08-26 12:00:00','Compra com Cartão -> 24/08 11:36 OLIRIO COMERCIO D','141.815','D',80.00,'1',16,1),(1193,'2024-08-26 12:00:00','Compra com Cartão -> 24/08 14:54 ARRETADO BAR E RESTA','253.666','D',4.50,'1',16,1),(1194,'2024-08-26 12:00:00','Compra com Cartão -> 24/08 14:56 ARRETADO BAR E RESTA','353.761','D',49.03,'1',16,1),(1195,'2024-08-26 12:00:00','Compra com Cartão -> 24/08 15:16 PAYGO*M P DE OLIVEIR','654.970','D',32.15,'1',16,1),(1196,'2024-08-26 12:00:00','Compra com Cartão -> 26/08 12:40 ComidariaSelf','745.634','D',42.40,'1',16,1),(1197,'2024-08-26 12:00:00','Aplicação Poupança -> 26/08 16:49 WALTER DIEGO SOUZA FREIR','602.793.510.044.671','D',10000.00,'1',16,1),(1198,'2024-08-26 12:00:00','Pix - Enviado -> 25/08 19:26 Ifood','82.601','D',36.90,'1',16,1),(1199,'2024-08-26 12:00:00','Pix - Enviado -> 26/08 16:51 Arminda Chagas De Oliveira','82.603','D',13.50,'1',16,1),(1200,'2024-08-26 12:00:00','Tarifa Pacote de Serviços -> Cobrança referente 26/08/24','882.391.100.630.684','D',14.60,'1',16,1),(1201,'2024-08-27 12:00:00','Transferido da poupança -> 27/08 10:16 WALTER DIEGO SOUZA FREIRE','12.793.510.044.671','C',47990.00,'1',16,1),(1202,'2024-08-27 12:00:00','Compra com Cartão -> 27/08 10:25 DUNAS CENTER','137.519','D',9.00,'1',16,1),(1203,'2024-08-27 12:00:00','Compra com Cartão -> 27/08 20:33 CA CHURRASCO IGUATEM','174.006','D',21.90,'1',16,1),(1204,'2024-08-27 12:00:00','Compra com Cartão -> 27/08 11:07 AGAPE ACATE ATIVIDAD','240.025','D',80.00,'1',16,1),(1205,'2024-08-27 12:00:00','Compra com Cartão -> 27/08 11:50 ComidariaSelf','342.630','D',47.62,'1',16,1),(1206,'2024-08-27 12:00:00','TED -> 60746948 03421279000175 BELFORT AUTOMO','563.687','D',47990.00,'1',16,1),(1207,'2024-08-27 12:00:00','Compra com Cartão -> 27/08 19:01 POSTO SAO DOMINGOS M','668.496','D',50.00,'1',16,1),(1208,'2024-08-27 12:00:00','Compra com Cartão -> 27/08 19:53 HNA*OBOTICARIO','771.614','D',149.90,'1',16,1),(1209,'2024-08-27 12:00:00','Compra com Cartão -> 27/08 20:29 KALZONE INDUSTRIA E','873.787','D',21.90,'1',16,1),(1210,'2024-08-27 12:00:00','TEDpessoal -> Cobrança referente 27/08/24','822.401.100.196.259','D',27.50,'1',16,1),(1211,'2024-08-28 12:00:00','Compra com Cartão -> 28/08 12:56 Felipemartinsde','146.572','D',26.80,'1',16,1),(1212,'2024-08-28 12:00:00','Compra com Cartão -> 28/08 13:02 SUPERMERCADO COMETA','246.950','D',13.13,'1',16,1),(1213,'2024-08-28 12:00:00','Compra com Cartão -> 28/08 13:14 MarceloRodrigues','347.695','D',8.00,'1',16,1),(1214,'2024-08-28 12:00:00','Compra com Cartão -> 28/08 22:13 ROBBIT FRIENDS AND F','679.996','D',178.50,'1',16,1),(1215,'2024-08-28 12:00:00','Compra com Cartão -> 28/08 22:13 PG *TON DEPOT MEDIEV','780.021','D',17.80,'1',16,1),(1216,'2024-08-28 12:00:00','Compra com Cartão -> 28/08 22:34 M S PARK ESTACION','881.265','D',20.00,'1',16,1),(1217,'2024-08-28 12:00:00','Pix - Enviado -> 28/08 14:44 Jessica Elien Olimpio De S','82.801','D',140.00,'1',16,1),(1218,'2024-08-30 12:00:00','Compra com Cartão -> 30/08 07:16 Biscoitando','126.167','D',4.50,'1',16,1),(1219,'2024-08-30 12:00:00','Compra com Cartão -> 30/08 07:30 PANIFICADORA IOLANDA','227.004','D',2.57,'1',16,1),(1220,'2024-08-30 12:00:00','Compra com Cartão -> 30/08 11:50 ComidariaSelf','342.646','D',26.00,'1',16,1),(1221,'2024-09-01 12:00:00','Saldo Anterior','','C',69.69,'1',17,1),(1222,'2024-09-02 12:00:00','Pix - Recebido -> 01/09 08:28 00084609753391 WALTER DIEG','10.828.279.459.112','C',2000.00,'1',17,1),(1223,'2024-09-02 12:00:00','Compra com Cartão -> 31/08 20:43 SUPERMERCADO COMETA','174.589','D',5.68,'1',17,1),(1224,'2024-09-02 12:00:00','Compra com Cartão -> 01/09 08:29 POSTO TETRA','230.542','D',40.00,'1',17,1),(1225,'2024-09-02 12:00:00','Compra com Cartão -> 02/09 19:49 KALZONE INDUSTRIA E','371.352','D',18.90,'1',17,1),(1226,'2024-09-02 12:00:00','Pix - Enviado -> 31/08 12:59 Mascilene Da Silva Me','90.201','D',36.00,'1',17,1),(1227,'2024-09-02 12:00:00','Pix - Enviado -> 01/09 09:54 Cassiano Pereira Da Silva','90.202','D',3.00,'1',17,1),(1228,'2024-09-02 12:00:00','Pix - Enviado -> 01/09 10:15 Erinaldo Lucas Da Silva','90.203','D',24.00,'1',17,1),(1229,'2024-09-02 12:00:00','Pix - Enviado -> 02/09 08:42 Leandro Fernandes','90.204','D',105.00,'1',17,1),(1230,'2024-09-02 12:00:00','Pix - Enviado -> 02/09 10:00 Arminda Chagas De Oliveira','90.205','D',13.50,'1',17,1),(1231,'2024-09-02 12:00:00','Pix - Enviado -> 02/09 12:39 Pagarme Pagamentos Sa','90.206','D',82.45,'1',17,1),(1232,'2024-09-04 12:00:00','Telefone Pre-Pago -> 04/09 08:55 (85)98832-6786 Vivo','988.326.786.009.811','D',30.00,'1',17,1),(1233,'2024-09-05 12:00:00','Compra com Cartão -> 05/09 07:26 Biscoitando','126.775','D',9.50,'1',17,1),(1234,'2024-09-05 12:00:00','Pagamento de Boleto -> UNIMED FORTALEZA SOCIEDADE COO','90.501','D',1411.50,'1',17,1),(1235,'2024-09-06 12:00:00','Pix - Recebido -> 06/09 23:39 84609753391 WALTER DIEGO D','256.767.657.974.971','C',4045.85,'1',17,1),(1236,'2024-09-06 12:00:00','Pix - Enviado -> 06/09 17:40 Linard Phones Ltda','90.601','D',250.00,'1',17,1),(1237,'2024-09-09 12:00:00','Compra com Cartão -> 08/09 13:59 POSTO SAO DOMINGOS C','150.391','D',100.00,'1',17,1),(1238,'2024-09-09 12:00:00','Pix - Enviado -> 07/09 17:11 Cassiano Pereira Da Silva','90.901','D',11.00,'1',17,1),(1239,'2024-09-09 12:00:00','Pagamento de Boleto -> CONDOMINIO DO EDIF  FLAMBOYANT','90.902','D',584.00,'1',17,1),(1240,'2024-09-09 12:00:00','Pagamento de Boleto -> COMPAHIA ENERGETICA CE COELCE','90.903','D',227.43,'1',17,1),(1241,'2024-09-09 12:00:00','Pix - Enviado -> 09/09 16:45 C6 Bank','90.904','D',2122.49,'1',17,1),(1242,'2024-09-09 12:00:00','Pagamento de Boleto -> ITAU UNIBANCO HOLDING S.A.','90.905','D',281.52,'1',17,1),(1243,'2024-09-09 12:00:00','Pix - Enviado -> 09/09 17:11 Arminda Chagas De Oliveira','90.906','D',15.50,'1',17,1),(1244,'2024-09-11 12:00:00','Compra com Cartão -> 11/09 11:39 MP*SJRACOES','141.961','D',7.00,'1',17,1),(1245,'2024-09-11 12:00:00','Pagamento de Telefone -> OI SA MOVEL','15.369','D',115.52,'1',17,1),(1246,'2024-09-12 12:00:00','Compra com Cartão -> 12/09 07:31 Biscoitando','127.069','D',5.50,'1',17,1),(1247,'2024-09-12 12:00:00','Compra com Cartão -> 12/09 16:13 SUPERMERCADO PINHEIR','258.425','D',6.00,'1',17,1),(1248,'2024-09-12 12:00:00','Pagamento de Telefone -> CLARO NE DDD 81 A 89','686','D',75.02,'1',17,1),(1249,'2024-09-13 12:00:00','Compra com Cartão -> 13/09 16:58 PANIFICADORA IOLANDA','161.089','D',3.04,'1',17,1),(1250,'2024-09-13 12:00:00','Pix - Enviado -> 13/09 08:39 Marcio Silva De Almeida','91.301','D',30.00,'1',17,1),(1251,'2024-09-16 12:00:00','Compra com Cartão -> 14/09 12:27 POSTO SAO DOMINGOS C','144.833','D',80.00,'1',17,1),(1252,'2024-09-16 12:00:00','Compra com Cartão -> 14/09 16:39 EDSONGOURMET','259.976','D',39.99,'1',17,1),(1253,'2024-09-16 12:00:00','Pix - Enviado -> 14/09 10:24 Francisca Carolina Da Silv','91.601','D',33.00,'1',17,1),(1254,'2024-09-16 12:00:00','Pix - Enviado -> 15/09 21:22 Pix Marketplace','91.602','D',56.99,'1',17,1),(1255,'2024-09-17 12:00:00','Pix - Recebido -> 17/09 19:19 00084609753391 WALTER DIEG','171.919.283.849.142','C',10000.00,'1',17,1),(1256,'2024-09-17 12:00:00','Compra com Cartão -> 17/09 06:47 NETFLIX.COM','124.462','D',44.90,'1',17,1),(1257,'2024-09-17 12:00:00','Pix - Enviado -> 17/09 09:03 Arminda Chagas De Oliveira','91.701','D',14.50,'1',17,1),(1258,'2024-09-23 12:00:00','Transferido da poupança -> 23/09 17:18 WALTER DIEGO SOUZA FREIR','2.793.510.044.671','C',200.00,'1',17,1),(1259,'2024-09-23 12:00:00','Compra com Cartão -> 23/09 13:09 CAFE CULTIVE','147.360','D',32.70,'1',17,1),(1260,'2024-09-23 12:00:00','Compra com Cartão -> 23/09 13:23 CAFE CULTIVE','248.229','D',10.90,'1',17,1),(1261,'2024-09-23 12:00:00','Compra com Cartão -> 23/09 14:04 RaiaDrogasilSA','350.654','D',81.58,'1',17,1),(1262,'2024-09-23 12:00:00','Aplicação Poupança -> 22/09 21:25 WALTER DIEGO SOUZA FREIR','602.793.510.044.671','D',69.69,'1',17,1),(1263,'2024-09-23 12:00:00','Aplicação Poupança -> 22/09 21:33 WALTER DIEGO SOUZA FREIR','602.793.510.044.671','D',10000.00,'1',17,1),(1264,'2024-09-23 12:00:00','Pix - Enviado -> 21/09 12:03 Mascilene Da Silva Me','92.301','D',30.00,'1',17,1),(1265,'2024-09-23 12:00:00','Pix - Enviado -> 23/09 17:19 Arminda Chagas De Oliveira','92.302','D',14.50,'1',17,1),(1266,'2024-09-24 12:00:00','Compra com Cartão -> 24/09 12:05 ComidariaSelf','143.548','D',26.00,'1',17,1),(1267,'2024-09-24 12:00:00','Compra com Cartão -> 24/09 12:10 OLIRIO COMERCIO D','243.826','D',80.00,'1',17,1),(1268,'2024-09-25 12:00:00','Tarifa Pacote de Serviços -> Cobrança referente 25/09/24','822.691.100.480.306','D',14.60,'1',17,1),(1269,'2024-09-26 12:00:00','Compra com Cartão -> 26/09 08:09 PANIFICADORA IOLANDA','129.344','D',9.15,'1',17,1),(1270,'2024-09-26 12:00:00','Pix - Enviado -> 26/09 09:31 Alipay/aliexpress - Pix','92.601','D',26.96,'1',17,1),(1271,'2024-09-27 12:00:00','Transferido da poupança -> 27/09 17:20 WALTER DIEGO SOUZA FREIR','2.793.510.044.671','C',200.00,'1',17,1),(1272,'2024-09-27 12:00:00','Compra com Cartão -> 27/09 07:23 Biscoitando','126.631','D',9.50,'1',17,1),(1273,'2024-09-27 12:00:00','Compra com Cartão -> 27/09 08:14 Biscoitando','229.679','D',11.50,'1',17,1),(1274,'2024-09-27 12:00:00','Compra com Cartão -> 27/09 14:52 IDEALE CAFE','353.544','D',4.00,'1',17,1),(1275,'2024-09-27 12:00:00','Compra com Cartão -> 27/09 21:54 Ilovehotdog','778.863','D',53.00,'1',17,1),(1276,'2024-09-27 12:00:00','Pix - Enviado -> 27/09 17:24 Walter Diego De Souza Frei','92.701','D',51.00,'1',17,1),(1277,'2024-09-30 12:00:00','Transferido da poupança -> 28/09 12:48 WALTER DIEGO SOUZA FREIR','2.793.510.044.671','C',200.00,'1',17,1),(1278,'2024-09-30 12:00:00','Compra com Cartão -> 29/09 10:29 PANIFICADORA IOLANDA','137.765','D',24.00,'1',17,1),(1279,'2024-09-30 12:00:00','Compra com Cartão -> 28/09 13:10 LOJAS RENNER FL 8','147.454','D',59.90,'1',17,1),(1280,'2024-09-30 12:00:00','Compra com Cartão -> 28/09 13:50 KINA IGUATEMI','249.806','D',25.90,'1',17,1),(1281,'2024-09-30 12:00:00','Compra com Cartão -> 29/09 18:00 SUPERMERCADO COMETA','264.847','D',70.68,'1',17,1),(1282,'2024-09-30 12:00:00','Compra com Cartão -> 28/09 13:54 KALZONE INDUSTRIA E','350.048','D',20.50,'1',17,1),(1283,'2024-09-30 12:00:00','Compra com Cartão -> 28/09 14:34 JOHNNY JOY MILKSHAKE','652.480','D',22.00,'1',17,1),(1284,'2024-09-30 12:00:00','Pix - Enviado -> 28/09 14:35 Iap  Cosmeticos','93.001','D',41.99,'1',17,1),(1285,'2024-09-30 12:00:00','Pix - Enviado -> 29/09 01:22 Ana Paula Da Silva Fernand','93.002','D',20.00,'1',17,1),(1286,'2024-10-01 12:00:00','Saldo Anterior','','C',22.56,'1',18,1),(1287,'2024-10-01 12:00:00','Pix - Recebido -> 01/10 07:06 00084609753391 WALTER DIEG','10.706.231.382.572','C',2000.00,'1',18,1),(1288,'2024-10-01 12:00:00','Compra com Cartão -> 01/10 16:33 POSTO TETRA','159.607','D',239.36,'1',18,1),(1289,'2024-10-02 12:00:00','Pix - Enviado -> 02/10 14:42 Arminda Chagas De Oliveira','100.201','D',14.50,'1',18,1),(1290,'2024-10-02 12:00:00','Pagamento de Boleto -> UNIODONTO FORTALEZA COOPERATIV','100.202','D',49.60,'1',18,1),(1291,'2024-10-04 12:00:00','Pix - Recebido -> 04/10 11:11 00066717256320 WALTER BREN','41.111.104.258.832','C',117.00,'1',18,1),(1292,'2024-10-04 12:00:00','Pagamento de Boleto -> UNIMED FORTALEZA SOCIEDADE COO','100.401','D',1227.09,'1',18,1),(1293,'2024-10-04 12:00:00','Pagamento de Boleto -> UNIODONTO FORTALEZA COOPERATIV','100.402','D',48.60,'1',18,1),(1294,'2024-10-07 12:00:00','Pix - Recebido -> 06/10 10:04 00084609753391 WALTER DIEG','61.004.488.454.462','C',10000.00,'1',18,1),(1295,'2024-10-07 12:00:00','Pix - Recebido -> 07/10 14:06 00084609753391 WALTER DIEG','71.406.477.460.092','C',4014.65,'1',18,1),(1296,'2024-10-07 12:00:00','Compra com Cartão -> 05/10 19:45 LOJAS RENNER FL 8','171.120','D',55.90,'1',18,1),(1297,'2024-10-07 12:00:00','Telefone Pre-Pago -> 06/10 12:45 (85)98832-6786 Vivo','988.326.786.021.234','D',30.00,'1',18,1),(1298,'2024-10-07 12:00:00','Pix - Enviado -> 05/10 11:30 Mascilene Da Silva Me','100.701','D',30.00,'1',18,1),(1299,'2024-10-07 12:00:00','Pix - Enviado -> 05/10 18:40 Hans Timur Kretschmer Tava','100.702','D',20.00,'1',18,1),(1300,'2024-10-07 12:00:00','Pix - Enviado -> 06/10 12:21 Mascilene Da Silva Me','100.703','D',20.00,'1',18,1),(1301,'2024-10-07 12:00:00','Pix - Enviado -> 07/10 17:32 Barbara Rafaela E Olimpio','100.704','D',40.00,'1',18,1),(1302,'2024-10-08 12:00:00','Compra com Cartão -> 08/10 07:38 Biscoitando','127.539','D',10.00,'1',18,1),(1303,'2024-10-08 12:00:00','Compra com Cartão -> 08/10 07:50 PANIFICADORA IOLANDA','228.255','D',7.01,'1',18,1),(1304,'2024-10-08 12:00:00','Pagamento de Boleto -> CONDOMINIO DO EDIF  FLAMBOYANT','100.801','D',584.00,'1',18,1),(1305,'2024-10-08 12:00:00','Pix - Enviado -> 08/10 12:21 D&s Sistemas Eletrônicos','100.802','D',50.00,'1',18,1),(1306,'2024-10-09 12:00:00','Compra com Cartão -> 09/10 19:28 PBKIDS 9084','170.096','D',49.99,'1',18,1),(1307,'2024-10-09 12:00:00','Compra com Cartão -> 09/10 20:09 NUTRICEARA PROD NATU','272.585','D',19.50,'1',18,1),(1308,'2024-10-09 12:00:00','Compra com Cartão -> 09/10 20:22 CENTAURO CE47','373.365','D',79.99,'1',18,1),(1309,'2024-10-09 12:00:00','Compra com Cartão -> 09/10 21:00 CEA MODAS    0380','675.601','D',119.98,'1',18,1),(1310,'2024-10-09 12:00:00','Compra com Cartão -> 09/10 21:09 KALZONE INDUSTRIA E','776.172','D',29.40,'1',18,1),(1311,'2024-10-09 12:00:00','Aplicação Poupança -> 09/10 13:32 WALTER DIEGO SOUZA FREIR','602.793.510.044.671','D',10000.00,'1',18,1),(1312,'2024-10-09 12:00:00','Pix - Enviado -> 09/10 10:41 Arminda Chagas De Oliveira','100.901','D',14.50,'1',18,1),(1313,'2024-10-09 12:00:00','Pix - Enviado -> 09/10 13:31 C6 Bank','100.902','D',2125.37,'1',18,1),(1314,'2024-10-10 12:00:00','Compra com Cartão -> 10/10 14:03 MP*SJRACOES','150.586','D',13.50,'1',18,1),(1315,'2024-10-10 12:00:00','Pagamento de Boleto -> COMPAHIA ENERGETICA CE COELCE','101.001','D',234.52,'1',18,1),(1316,'2024-10-11 12:00:00','Compra com Cartão -> 11/10 14:03 MP*FABRICADOPROFESSO','150.588','D',17.30,'1',18,1),(1317,'2024-10-11 12:00:00','Pagamento de Boleto -> ITAU UNIBANCO HOLDING S.A.','101.101','D',109.56,'1',18,1),(1318,'2024-10-11 12:00:00','Pix - Enviado -> 11/10 14:09 Gracineta Maria Serra Roch','101.102','D',65.00,'1',18,1),(1319,'2024-10-11 12:00:00','Pagamento de Telefone -> OI SA MOVEL','15.369','D',115.52,'1',18,1),(1320,'2024-10-14 12:00:00','Pix - Recebido -> 13/10 14:59 00001035422301 BARBARA RAF','131.459.351.339.712','C',250.00,'1',18,1),(1321,'2024-10-14 12:00:00','Compra com Cartão -> 13/10 10:22 VIRA VERAO','137.330','D',20.00,'1',18,1),(1322,'2024-10-14 12:00:00','Pix - Enviado -> 12/10 11:28 Tomodati Food Ltda','101.401','D',76.00,'1',18,1),(1323,'2024-10-14 12:00:00','Pix - Enviado -> 12/10 17:21 Walter Diego De Souza Frei','101.402','D',33.00,'1',18,1),(1324,'2024-10-14 12:00:00','Pix - Enviado -> 13/10 16:56 Okto Tech Ltda.','101.403','D',9.37,'1',18,1),(1325,'2024-10-14 12:00:00','Pagamento de Telefone -> CLARO NE DDD 81 A 89','686','D',79.90,'1',18,1),(1326,'2024-10-15 12:00:00','Pix - Recebido -> 15/10 22:04 84609753391 WALTER DIEGO D','290.406.736.016.401','C',79.03,'1',18,1),(1327,'2024-10-15 12:00:00','Compra com Cartão -> 15/10 07:51 PAGUE MENOS 491','128.261','D',12.34,'1',18,1),(1328,'2024-10-15 12:00:00','Pix - Enviado -> 15/10 09:09 Alipay/aliexpress - Pix','101.501','D',134.72,'1',18,1),(1329,'2024-10-16 12:00:00','Pix - Enviado -> 16/10 16:29 Arminda Chagas De Oliveira','101.601','D',14.50,'1',18,1),(1330,'2024-10-17 12:00:00','Compra com Cartão -> 17/10 06:38 NETFLIX ENTRETENIMEN','123.909','D',44.90,'1',18,1),(1331,'2024-10-17 12:00:00','Compra com Cartão -> 17/10 07:36 PANIFICADORA IOLANDA','227.379','D',3.78,'1',18,1),(1332,'2024-10-18 12:00:00','Compra com Cartão -> 18/10 07:29 Biscoitando','126.976','D',8.50,'1',18,1),(1333,'2024-10-18 12:00:00','Compra com Cartão -> 18/10 12:01 SUPERMERCADO COMETA','243.307','D',13.58,'1',18,1),(1334,'2024-10-21 12:00:00','Compra com Cartão -> 19/10 12:31 AutoCell','145.119','D',40.00,'1',18,1),(1335,'2024-10-21 12:00:00','Compra com Cartão -> 19/10 19:54 WMB SUPERMERCADOS','271.677','D',80.00,'1',18,1),(1336,'2024-10-21 12:00:00','Compra com Cartão -> 20/10 12:20 POSTO TETRA','344.411','D',80.00,'1',18,1),(1337,'2024-10-23 12:00:00','Compra com Cartão -> 23/10 20:53 OPY ACAI','175.229','D',68.09,'1',18,1),(1338,'2024-10-24 12:00:00','Compra com Cartão -> 24/10 07:22 Biscoitando','126.525','D',8.50,'1',18,1),(1339,'2024-10-24 12:00:00','Compra com Cartão -> 24/10 07:54 SUPERMERCADO COMETA','228.480','D',71.16,'1',18,1),(1340,'2024-10-24 12:00:00','Pix - Enviado -> 24/10 09:59 Arminda Chagas De Oliveira','102.401','D',14.50,'1',18,1),(1341,'2024-10-24 12:00:00','Pix - Enviado -> 24/10 12:31 Glauter Carneiro','102.402','D',30.00,'1',18,1),(1342,'2024-10-25 12:00:00','Compra com Cartão -> 25/10 12:05 EXTRAFARMA JOSE LEON','143.503','D',33.70,'1',18,1),(1343,'2024-10-25 12:00:00','Compra com Cartão -> 25/10 20:23 Ilovehotdog','273.438','D',29.00,'1',18,1),(1344,'2024-10-25 12:00:00','Tarifa Pacote de Serviços -> Cobrança referente 25/10/24','822.991.100.506.625','D',14.60,'1',18,1),(1345,'2024-10-28 12:00:00','Transferido da poupança -> 26/10 17:51 WALTER DIEGO SOUZA FREIR','2.793.510.044.671','C',500.00,'1',18,1),(1346,'2024-10-28 12:00:00','Compra com Cartão -> 28/10 11:58 ComidariaSelf','143.083','D',26.00,'1',18,1),(1347,'2024-10-28 12:00:00','Compra com Cartão -> 26/10 17:53 POSTO TETRA','164.390','D',80.00,'1',18,1),(1348,'2024-10-28 12:00:00','Compra com Cartão -> 28/10 12:33 COMERCIAL NOBRE','245.213','D',17.00,'1',18,1),(1349,'2024-10-28 12:00:00','Compra com Cartão -> 26/10 19:26 JR TERRAZO RESTAURAN','270.004','D',27.90,'1',18,1),(1350,'2024-10-28 12:00:00','Compra com Cartão -> 26/10 19:31 COMPANHIA DO CHURRAS','370.303','D',15.30,'1',18,1),(1351,'2024-10-28 12:00:00','Compra com Cartão -> 26/10 20:20 MC DONALDS EOM','673.248','D',29.70,'1',18,1),(1352,'2024-10-28 12:00:00','Compra com Cartão -> 27/10 11:42 ASSAI  ATACADISTA','742.158','D',64.29,'1',18,1),(1353,'2024-10-28 12:00:00','Compra com Cartão -> 27/10 20:57 SUPERMERCADO COMETA','875.425','D',37.27,'1',18,1),(1354,'2024-10-28 12:00:00','Pix - Enviado -> 26/10 10:45 Edinaldo Oliveira Da Silva','102.801','D',30.00,'1',18,1),(1355,'2024-10-28 12:00:00','Pix - Enviado -> 26/10 12:30 Mascilene Da Silva Me','102.802','D',35.00,'1',18,1),(1356,'2024-10-29 12:00:00','Compra com Cartão -> 29/10 07:24 Biscoitando','126.650','D',8.50,'1',18,1),(1357,'2024-10-29 12:00:00','Compra com Cartão -> 29/10 19:08 SANTA PASTELARIA R','168.889','D',18.00,'1',18,1),(1358,'2024-10-29 12:00:00','Compra com Cartão -> 29/10 09:29 PANIFICADORA IOLANDA','234.195','D',5.61,'1',18,1),(1359,'2024-10-29 12:00:00','Compra com Cartão -> 29/10 19:45 SORVETES FROSTY RESE','271.125','D',14.95,'1',18,1),(1360,'2024-10-29 12:00:00','Compra com Cartão -> 29/10 11:59 ComidariaSelf','343.150','D',20.00,'1',18,1),(1361,'2024-10-29 12:00:00','Compra com Cartão -> 29/10 12:23 SUPERMERCADO COMETA','644.627','D',39.99,'1',18,1),(1362,'2024-10-29 12:00:00','Compra com Cartão -> 29/10 15:54 RaiaDrogasilSA','757.256','D',17.45,'1',18,1),(1363,'2024-10-29 12:00:00','Compra com Cartão -> 29/10 19:06 EOS PIZZARIA','868.777','D',23.40,'1',18,1),(1364,'2024-10-30 12:00:00','Compra com Cartão -> 30/10 11:52 ComidariaSelf','142.760','D',20.00,'1',18,1),(1365,'2024-10-30 12:00:00','Pix - Enviado -> 30/10 12:01 Walter Diego De Souza Frei','103.001','D',30.00,'1',18,1),(1366,'2024-10-31 12:00:00','Compra com Cartão -> 31/10 07:17 Biscoitando','126.245','D',8.50,'1',18,1),(1367,'2024-10-31 12:00:00','Compra com Cartão -> 31/10 07:32 PANIFICADORA IOLANDA','227.163','D',3.35,'1',18,1),(1368,'2024-10-31 12:00:00','Pix - Enviado -> 31/10 14:47 Arminda Chagas De Oliveira','103.101','D',14.50,'1',18,1),(1369,'2024-11-01 12:00:00','Saldo Anterior','','C',56.20,'1',19,1),(1370,'2024-11-01 12:00:00','Transferido da poupança -> 01/11 11:59 WALTER DIEGO SOUZA FREIR','2.793.510.044.671','C',1331.37,'1',19,1),(1371,'2024-11-01 12:00:00','Pix - Recebido -> 01/11 08:00 84609753391 WALTER DIEGO D','304.585.534.657.171','C',2000.00,'1',19,1),(1372,'2024-11-01 12:00:00','Compra com Cartão -> 01/11 10:53 PERBOYRE CASTELO 6','239.208','D',95.00,'1',19,1),(1373,'2024-11-01 12:00:00','Compra com Cartão -> 01/11 12:05 COLEGIO AGAPE','343.556','D',1331.37,'1',19,1),(1374,'2024-11-01 12:00:00','Pix - Enviado -> 01/11 19:50 Nuvei Do Brasil Ltda','110.101','D',22.99,'1',19,1),(1375,'2024-11-04 12:00:00','Compra com Cartão -> 02/11 16:21 CasaFreitas','158.888','D',71.91,'1',19,1),(1376,'2024-11-04 12:00:00','Compra com Cartão -> 02/11 19:20 SUPERMERCADO COMETA','269.605','D',15.87,'1',19,1),(1377,'2024-11-04 12:00:00','Pix - Enviado -> 02/11 09:56 Rosimeire Oliveira Da Silv','110.401','D',43.13,'1',19,1),(1378,'2024-11-04 12:00:00','Pix - Enviado -> 03/11 10:48 Zoop Tecnologia E Meios De','110.402','D',89.79,'1',19,1),(1379,'2024-11-04 12:00:00','Pagamento de Boleto -> CONDOMINIO DO EDIF  FLAMBOYANT','110.403','D',584.00,'1',19,1),(1380,'2024-11-05 12:00:00','Pagamento de Boleto -> UNIMED FORTALEZA SOCIEDADE COO','110.501','D',1044.05,'1',19,1),(1381,'2024-11-06 12:00:00','Compra com Cartão -> 06/11 11:54 ComidariaSelf','142.876','D',22.00,'1',19,1),(1382,'2024-11-06 12:00:00','Compra com Cartão -> 06/11 20:26 FARMACIA MARIA DOS R','273.575','D',10.00,'1',19,1),(1383,'2024-11-06 12:00:00','Telefone Pre-Pago -> 06/11 19:48 (85)98832-6786 Vivo','988.326.786.536.456','D',30.00,'1',19,1),(1384,'2024-11-06 12:00:00','Pix - Enviado -> 06/11 16:44 Arminda Chagas De Oliveira','110.601','D',14.50,'1',19,1),(1385,'2024-11-07 12:00:00','Pix - Recebido -> 07/11 21:24 84609753391 WALTER DIEGO D','310.254.468.185.331','C',4106.91,'1',19,1),(1386,'2024-11-07 12:00:00','Pix - Rejeitado -> 07/11 23:55 Ordem rejeitada pelo PSP d','310.345.192.092.771','C',24.34,'1',19,1),(1387,'2024-11-07 12:00:00','Pix - Rejeitado -> 07/11 23:56 Ordem rejeitada pelo PSP d','310.345.677.732.371','C',24.34,'1',19,1),(1388,'2024-11-07 12:00:00','Pix - Enviado -> 07/11 21:26 Correios Sede','110.701','D',24.34,'1',19,1),(1389,'2024-11-07 12:00:00','Pix - Enviado -> 07/11 21:27 Correios Sede','110.702','D',24.34,'1',19,1),(1390,'2024-11-08 12:00:00','Pix - Enviado -> 08/11 09:02 Correios Sede','110.801','D',24.34,'1',19,1),(1391,'2024-11-11 12:00:00','Compra com Cartão -> 09/11 12:46 FREITAS VAREJO','145.986','D',71.98,'1',19,1),(1392,'2024-11-11 12:00:00','Compra com Cartão -> 09/11 14:22 LOJAS RENNER FL 4','251.727','D',79.90,'1',19,1),(1393,'2024-11-11 12:00:00','Compra com Cartão -> 09/11 15:45 PDV*MIAFORMAKEVIASUL','356.717','D',20.00,'0',19,1),(1394,'2024-11-11 12:00:00','Compra com Cartão -> 09/11 15:50 VIA SUL SHOPPING','657.006','D',12.00,'1',19,1),(1395,'2024-11-11 12:00:00','Compra com Cartão -> 10/11 08:45 PAGUE MENOS 491','731.547','D',18.41,'1',19,1),(1396,'2024-11-11 12:00:00','Pix - Enviado -> 10/11 11:44 Mascilene Da Silva Me','111.101','D',29.00,'1',19,1),(1397,'2024-11-11 12:00:00','Pagamento de Boleto -> ITAU UNIBANCO HOLDING S.A.','111.102','D',99.49,'1',19,1),(1398,'2024-11-11 12:00:00','Pagamento de Boleto -> COMPAHIA ENERGETICA CE COELCE','111.103','D',260.73,'1',19,1),(1399,'2024-11-11 12:00:00','Pagamento de Telefone -> OI SA MOVEL','15.369','D',115.52,'1',19,1),(1400,'2024-11-12 12:00:00','Compra com Cartão -> 12/11 22:02 INGRID LORY VIEIR','179.346','D',102.08,'0',19,1),(1401,'2024-11-12 12:00:00','Pix - Enviado -> 12/11 11:25 Jessica Elien Olimpio De S','111.201','D',79.50,'0',19,1),(1402,'2024-11-12 12:00:00','Pagamento de Telefone -> CLARO NE DDD 81 A 89','686','D',79.90,'1',19,1),(1403,'2024-11-13 12:00:00','Compra com Cartão -> 13/11 07:36 EXTRAFARMA JOSE LEON','127.416','D',52.23,'1',19,1),(1404,'2024-11-13 12:00:00','Compra com Cartão -> 13/11 11:41 AGAPE ACATE ATIVIDAD','242.096','D',56.95,'0',19,1),(1405,'2024-11-13 12:00:00','Pix - Enviado -> 13/11 11:57 C6 Bank','111.301','D',2120.98,'1',19,1),(1406,'2024-11-14 12:00:00','Pix - Enviado -> 14/11 09:01 Arminda Chagas De Oliveira','111.401','D',14.50,'1',19,1),(1407,'2024-11-14 12:00:00','Pix - Enviado -> 14/11 19:47 Valclecio Da Silva Paz','111.402','D',100.00,'1',19,1),(1408,'2024-11-18 12:00:00','Compra com Cartão -> 17/11 06:10 NETFLIX ENTRETENIMEN','122.227','D',44.90,'1',19,1),(1409,'2024-11-18 12:00:00','Compra com Cartão -> 18/11 09:13 POSTO TETRA','233.212','D',100.00,'1',19,1),(1410,'2024-11-18 12:00:00','Compra com Cartão -> 18/11 18:25 PARE SEGURO','366.313','D',10.00,'1',19,1),(1411,'2024-11-18 12:00:00','Pix - Enviado -> 17/11 20:05 La Pasta Sul','111.801','D',33.90,'1',19,1),(1412,'2024-11-19 12:00:00','Compra com Cartão -> 19/11 19:52 PAGUE MENOS 491','171.566','D',91.59,'1',19,1),(1413,'2024-11-19 12:00:00','Compra com Cartão -> 19/11 20:53 Ilovehotdog','275.203','D',42.00,'1',19,1),(1414,'2024-11-19 12:00:00','Compra com Cartão -> 19/11 20:57 EXTRAFARMA VIENA WEY','375.472','D',24.50,'1',19,1),(1415,'2024-11-21 12:00:00','Compra com Cartão -> 20/11 18:07 PANIFICADORA IOLANDA','165.248','D',14.36,'1',19,1),(1416,'2024-11-21 12:00:00','Compra com Cartão -> 21/11 07:34 Biscoitando','227.244','D',12.50,'1',19,1),(1417,'2024-11-21 12:00:00','Compra com Cartão -> 21/11 08:07 Biscoitando','329.221','D',5.50,'1',19,1),(1418,'2024-11-21 12:00:00','Compra com Cartão -> 21/11 21:03 OPY ACAI','675.788','D',34.00,'1',19,1),(1419,'2024-11-21 12:00:00','Pix - Enviado -> 20/11 15:08 Antonio Pereira De Sousa','112.101','D',13.00,'0',19,1),(1420,'2024-11-21 12:00:00','Pix - Enviado -> 20/11 15:17 Kelven Elien Olimpio De So','112.102','D',30.00,'0',19,1),(1421,'2024-11-22 12:00:00','Compra com Cartão -> 22/11 07:31 Biscoitando','127.090','D',18.00,'1',19,1),(1422,'2024-11-22 12:00:00','Compra com Cartão -> 22/11 19:01 NORMATEL HOME CEN','268.488','D',89.60,'1',19,1),(1423,'2024-11-22 12:00:00','Compra com Cartão -> 22/11 20:11 PASTEL PRACA','372.707','D',48.00,'1',19,1),(1424,'2024-11-22 12:00:00','Compra com Cartão -> 22/11 21:04 SEBASTIAO MARIANO DA','675.884','D',10.00,'0',19,1),(1425,'2024-11-22 12:00:00','Pix - Enviado -> 22/11 14:47 Antonio Pereira De Sousa','112.201','D',40.00,'0',19,1),(1426,'2024-11-25 12:00:00','Compra com Cartão -> 23/11 09:17 PANIFICADORA IOLANDA','133.440','D',9.42,'1',19,1),(1427,'2024-11-25 12:00:00','Compra com Cartão -> 23/11 11:50 MP*FABRICADOPROFESSO','242.659','D',4.50,'1',19,1),(1428,'2024-11-25 12:00:00','Compra com Cartão -> 23/11 12:12 ELISANGELA FERREI','343.975','D',19.90,'1',19,1),(1429,'2024-11-25 12:00:00','Compra com Cartão -> 25/11 15:37 VBS PARK','656.250','D',11.00,'1',19,1),(1430,'2024-11-25 12:00:00','Pix - Enviado -> 24/11 12:10 Mascilene Da Silva Me','112.501','D',34.00,'1',19,1),(1431,'2024-11-25 12:00:00','Pix - Enviado -> 25/11 10:19 Arminda Chagas De Oliveira','112.502','D',14.50,'1',19,1),(1432,'2024-11-25 12:00:00','Tarifa Pacote de Serviços -> Cobrança referente 25/11/24','883.301.100.401.505','D',14.60,'0',19,1),(1433,'2024-11-26 12:00:00','Transferido da poupança -> 26/11 18:15 WALTER DIEGO SOUZA FREIR','2.793.510.044.671','C',36.01,'0',19,1),(1434,'2024-11-26 12:00:00','Pagamento de Boleto -> UNIODONTO FORTALEZA COOPERATIV','112.601','D',48.60,'1',19,1);
/*!40000 ALTER TABLE `sti_statement_item` ENABLE KEYS */;
UNLOCK TABLES;

--
-- Table structure for table `stp_statement_pattern`
--

DROP TABLE IF EXISTS `stp_statement_pattern`;
/*!40101 SET @saved_cs_client     = @@character_set_client */;
/*!50503 SET character_set_client = utf8mb4 */;
CREATE TABLE `stp_statement_pattern` (
  `stp_identity` int NOT NULL AUTO_INCREMENT,
  `stp_comparator` varchar(100) NOT NULL,
  `stp_description` varchar(100) NOT NULL,
  `acc_identity_target` int NOT NULL,
  `loc_identity` int DEFAULT NULL,
  `usr_identity` int NOT NULL,
  PRIMARY KEY (`stp_identity`),
  KEY `fk_acc_account_target_stp` (`acc_identity_target`),
  KEY `fk_loc_location_stp` (`loc_identity`),
  CONSTRAINT `fk_acc_account_target_stp` FOREIGN KEY (`acc_identity_target`) REFERENCES `acc_account` (`acc_identity`),
  CONSTRAINT `fk_loc_location_stp` FOREIGN KEY (`loc_identity`) REFERENCES `loc_location` (`loc_identity`)
) ENGINE=InnoDB AUTO_INCREMENT=62 DEFAULT CHARSET=utf8mb4 COLLATE=utf8mb4_0900_ai_ci;
/*!40101 SET character_set_client = @saved_cs_client */;

--
-- Dumping data for table `stp_statement_pattern`
--

LOCK TABLES `stp_statement_pattern` WRITE;
/*!40000 ALTER TABLE `stp_statement_pattern` DISABLE KEYS */;
INSERT INTO `stp_statement_pattern` VALUES (1,'PANIFICADORA IOLANDA','Alimentação',17,3,1),(2,'TON PARDAL SORVE','Alimentação',17,59,1),(3,'JUNIOR DA PICANHA','Alimentação',17,31,1),(4,'CONDOMINIO DO EDIF  FLAMBOYANT','Condomínio',20,5,1),(5,'Arminda Chagas De Oliveira','Água mineral',25,32,1),(6,'COMPAHIA ENERGETICA CE COELCE','Energia elétrica',21,34,1),(7,'OI SA MOVEL','Internet residencial',31,35,1),(8,'NETFLIX ENTRETENIMEN','Serviço de streaming',31,37,1),(9,'ASSAI ATACADISTA','Supermercado',19,2,1),(10,'BIG MONSTER','Alimentação',17,39,1),(11,'SUPERMERCADO COMETA','Supermercado',19,13,1),(12,'ChapaQuente','Alimentação',17,41,1),(13,'OPY ACAI','Alimentação',17,51,1),(14,'KALZONE INDUSTRIA','Alimentação',17,9,1),(15,'DOMINOS PIZZZA','Alimentação',17,44,1),(16,'PINHEIRO SUPERMERCAD','Supermercado',19,24,1),(18,'RaiaDrogasilSA','Medicamentos',33,30,1),(19,'FARMACIAS MA DOS REM','Medicamentos',33,47,1),(20,'EXTRAFARMA','Medicamentos',33,48,1),(21,'POSTO TETRA','Combustível',23,60,1),(22,'SUPERM SAO LUIZ','Supermercado',19,61,1),(23,'UNIMED FORTALEZA SOCIEDADE COO','Plano de saúde Unimed',34,33,1),(24,'UNIODONTO FORTALEZA COOPERATIV','Plano odontológico Uniodonto',35,62,1),(25,'Leandro Fernandes','Gás de cozinha',36,63,1),(26,'REDBIBIS COMERCIO','Alimentação',17,77,1),(27,'SKINA DO BAIAO','Alimentação',17,78,1),(28,'PICANHA DO ALEMAO','Alimentação',17,79,1),(29,'PAG*Biscoitando','Alimentação',17,80,1),(30,'98832-6786 Vivo','Recarga de celular',42,76,1),(31,'CLARO NE DDD 81 A 89','Recarga de celular',42,36,1),(32,'PAGUE MENOS','Medicamentos',33,23,1),(33,'NAINI STAKE BURGUER','Alimentação',17,88,1),(34,'POSTO SAO DOMINGOS','Combustível',23,90,1),(35,'Enel Distribuicao Ceara','Energia elétrica',21,34,1),(36,'NETFLIX.COM','Serviço de streaming',31,37,1),(37,'Farmacias Maria Dos Remedi','Medicamentos',33,47,1),(38,'Edinaldo Oliveira Da Silva','Corte de cabelo',41,91,1),(39,'PANPANE PADARIA LTDA','Alimentação',17,72,1),(40,'ESTACIONAMENTO RXN','Estacionamento',39,92,1),(41,'SAL E BRASA','Alimentação',17,93,1),(42,'HENTS BURG','Alimentação',17,94,1),(43,'BEACH PARK TEF','Alimentação',17,101,1),(44,'ComidariaSelf','Alimentação',17,96,1),(45,'ARRETADO BAR E RESTA','Alimentação',17,97,1),(46,'DEPOT MEDIEV','Alimentação',17,98,1),(47,'SUPERMERCADO PINHEIR','Supermercado',19,24,1),(48,'EDSONGOURMET','Alimentação',17,107,1),(49,'OLIRIO COMERCIO D','Combustível',23,87,1),(50,'Ilovehotdog','Alimentação',17,108,1),(51,'KINA IGUATEMI','Alimentação',17,28,1),(52,'JOHNNY JOY MILKSHAKE','Alimentação',17,109,1),(53,'EOS PIZZARIA','Alimentação',17,110,1),(54,'Biscoitando','Alimentação',17,80,1),(55,'VIRA VERAO','Alimentação',17,111,1),(56,'SORVETES FROSTY RESE','Alimentação',17,112,1),(57,'SANTA PASTELARIA R','Alimentação',17,113,1),(58,'PBKIDS 9084','Clothing and accessories',27,114,1),(59,'MC DONALDS EOM','Alimentação',17,8,1),(60,'La Pasta Sul','Alimentação',17,118,1),(61,'PASTEL PRACA','Alimentação',17,119,1);
/*!40000 ALTER TABLE `stp_statement_pattern` ENABLE KEYS */;
UNLOCK TABLES;

--
-- Table structure for table `stt_statement_type`
--

DROP TABLE IF EXISTS `stt_statement_type`;
/*!40101 SET @saved_cs_client     = @@character_set_client */;
/*!50503 SET character_set_client = utf8mb4 */;
CREATE TABLE `stt_statement_type` (
  `stt_identity` int NOT NULL AUTO_INCREMENT,
  `stt_name` varchar(200) NOT NULL,
  `ban_identity` int NOT NULL,
  `acc_identity_source` int NOT NULL,
  `usr_identity` int NOT NULL,
  PRIMARY KEY (`stt_identity`),
  UNIQUE KEY `un_stt_statement_type` (`stt_name`,`ban_identity`,`usr_identity`),
  KEY `fk_ban_bank_stt` (`ban_identity`),
  KEY `fk_acc_account_source_stt` (`acc_identity_source`),
  CONSTRAINT `fk_acc_account_source_stt` FOREIGN KEY (`acc_identity_source`) REFERENCES `acc_account` (`acc_identity`),
  CONSTRAINT `fk_ban_bank_stt` FOREIGN KEY (`ban_identity`) REFERENCES `ban_bank` (`ban_identity`)
) ENGINE=InnoDB AUTO_INCREMENT=7 DEFAULT CHARSET=utf8mb4 COLLATE=utf8mb4_0900_ai_ci;
/*!40101 SET character_set_client = @saved_cs_client */;

--
-- Dumping data for table `stt_statement_type`
--

LOCK TABLES `stt_statement_type` WRITE;
/*!40000 ALTER TABLE `stt_statement_type` DISABLE KEYS */;
INSERT INTO `stt_statement_type` VALUES (1,'Conta Corrente',1,5,1),(2,'Savings',1,7,1),(3,'Alelo Card',2,12,1),(4,'Flash Card',3,13,1),(5,'C6 Card Platinum',4,5,1),(6,'Itau Card',5,5,1);
/*!40000 ALTER TABLE `stt_statement_type` ENABLE KEYS */;
UNLOCK TABLES;
/*!40103 SET TIME_ZONE=@OLD_TIME_ZONE */;

/*!40101 SET SQL_MODE=@OLD_SQL_MODE */;
/*!40014 SET FOREIGN_KEY_CHECKS=@OLD_FOREIGN_KEY_CHECKS */;
/*!40014 SET UNIQUE_CHECKS=@OLD_UNIQUE_CHECKS */;
/*!40101 SET CHARACTER_SET_CLIENT=@OLD_CHARACTER_SET_CLIENT */;
/*!40101 SET CHARACTER_SET_RESULTS=@OLD_CHARACTER_SET_RESULTS */;
/*!40101 SET COLLATION_CONNECTION=@OLD_COLLATION_CONNECTION */;
/*!40111 SET SQL_NOTES=@OLD_SQL_NOTES */;

-- Dump completed on 2025-03-07 12:40:22
